archive,container,path,size,sha256,kind,origin,license_scope
EsilvaSoft.KapibaraStudio-0.11.0-win-x64.zip,ZIP,mcp/EsilvaSoft.KapibaraStudio.McpServer.exe,77672532,f0dba63a85f60328f008aa87ea8dc933a11d87323dc02eba62107a7041211141,external,project:EsilvaSoft.KapibaraStudio (MIT),MIT (projeto)
EsilvaSoft.KapibaraStudio-0.11.0-win-x64.zip,mcp/EsilvaSoft.KapibaraStudio.McpServer.exe,EsilvaSoft.KapibaraStudio.McpServer.dll,52736,1d6c9b228c13534e76e08a9bebd7c1140e0164441d61bd6bffb5bd80ec959b20,1,project:EsilvaSoft.KapibaraStudio (MIT),MIT (projeto)
EsilvaSoft.KapibaraStudio-0.11.0-win-x64.zip,mcp/EsilvaSoft.KapibaraStudio.McpServer.exe,EsilvaSoft.KapibaraStudio.McpServer.runtimeconfig.json,481,57879d6945b74717f598928bc49c8348a6e8544165a016c7b41a81cb7be4a681,4,project:EsilvaSoft.KapibaraStudio (MIT),MIT (projeto)
EsilvaSoft.KapibaraStudio-0.11.0-win-x64.zip,mcp/EsilvaSoft.KapibaraStudio.McpServer.exe,Microsoft.CSharp.dll,980776,2000912f2fc52e0c64ed893d79f4e7b143502540fb7170b5ae5fcea7099ba431,1,Microsoft.NETCore.App.Runtime.win-x64/10.0.12:runtimes/win-x64/lib/net10.0/Microsoft.CSharp.dll,expression:MIT
EsilvaSoft.KapibaraStudio-0.11.0-win-x64.zip,mcp/EsilvaSoft.KapibaraStudio.McpServer.exe,Microsoft.VisualBasic.Core.dll,1193768,2666b24eb6e295476b44abd057ea250fd5957db9c1c7adee6a223a747ddfe3d2,1,Microsoft.NETCore.App.Runtime.win-x64/10.0.12:runtimes/win-x64/lib/net10.0/Microsoft.VisualBasic.Core.dll,expression:MIT
EsilvaSoft.KapibaraStudio-0.11.0-win-x64.zip,mcp/EsilvaSoft.KapibaraStudio.McpServer.exe,Microsoft.VisualBasic.dll,17192,e192508adde6a758138a5a8e28998dccb64e7f45eaf30d8ab3564f87749028b1,1,Microsoft.NETCore.App.Runtime.win-x64/10.0.12:runtimes/win-x64/lib/net10.0/Microsoft.VisualBasic.dll,expression:MIT
EsilvaSoft.KapibaraStudio-0.11.0-win-x64.zip,mcp/EsilvaSoft.KapibaraStudio.McpServer.exe,Microsoft.Win32.Primitives.dll,15656,6c21472b0ae2f9b484a97614fad5485a22f18f9f19ee1adb9ceb3ed8ddb072d7,1,Microsoft.NETCore.App.Runtime.win-x64/10.0.12:runtimes/win-x64/lib/net10.0/Microsoft.Win32.Primitives.dll,expression:MIT
EsilvaSoft.KapibaraStudio-0.11.0-win-x64.zip,mcp/EsilvaSoft.KapibaraStudio.McpServer.exe,Microsoft.Win32.Registry.dll,116520,76849cfde4369f3ae93e28261fe5e1010dbf1332f7da95c98543cba9b03961c0,1,Microsoft.NETCore.App.Runtime.win-x64/10.0.12:runtimes/win-x64/lib/net10.0/Microsoft.Win32.Registry.dll,expression:MIT
EsilvaSoft.KapibaraStudio-0.11.0-win-x64.zip,mcp/EsilvaSoft.KapibaraStudio.McpServer.exe,System.AppContext.dll,15144,d9dd9fa44e019f27172d6b2662e2b6038f48c270912ac8aae53d4d909da7e9be,1,Microsoft.NETCore.App.Runtime.win-x64/10.0.12:runtimes/win-x64/lib/net10.0/System.AppContext.dll,expression:MIT
EsilvaSoft.KapibaraStudio-0.11.0-win-x64.zip,mcp/EsilvaSoft.KapibaraStudio.McpServer.exe,System.Buffers.dll,15144,a1a35f5524e2f831d08ca55f702fbddcb8c6dfecd264f0f563d81a1c8b8280bd,1,Microsoft.NETCore.App.Runtime.win-x64/10.0.12:runtimes/win-x64/lib/net10.0/System.Buffers.dll,expression:MIT
EsilvaSoft.KapibaraStudio-0.11.0-win-x64.zip,mcp/EsilvaSoft.KapibaraStudio.McpServer.exe,System.Collections.Concurrent.dll,231248,082f4bc0da1141eb65111b6da633d75624adfb7bb067d7ee90c5622c8b30885b,1,Microsoft.NETCore.App.Runtime.win-x64/10.0.12:runtimes/win-x64/lib/net10.0/System.Collections.Concurrent.dll,expression:MIT
EsilvaSoft.KapibaraStudio-0.11.0-win-x64.zip,mcp/EsilvaSoft.KapibaraStudio.McpServer.exe,System.Collections.Immutable.dll,976680,b527dd7b2beb82c22aa39787298cbeb33f3eac9eb9b83a0f0271353421db28db,1,Microsoft.NETCore.App.Runtime.win-x64/10.0.12:runtimes/win-x64/lib/net10.0/System.Collections.Immutable.dll,expression:MIT
EsilvaSoft.KapibaraStudio-0.11.0-win-x64.zip,mcp/EsilvaSoft.KapibaraStudio.McpServer.exe,System.Collections.NonGeneric.dll,104232,aa4d5216d066c91cb489f63c6cbfcaf1f47b6e74e070db45639d3460454fc60b,1,Microsoft.NETCore.App.Runtime.win-x64/10.0.12:runtimes/win-x64/lib/net10.0/System.Collections.NonGeneric.dll,expression:MIT
EsilvaSoft.KapibaraStudio-0.11.0-win-x64.zip,mcp/EsilvaSoft.KapibaraStudio.McpServer.exe,System.Collections.Specialized.dll,104272,e31af1f866e880844e027be59f545b9a6b34108e0b0680ebe3fbc19a53070819,1,Microsoft.NETCore.App.Runtime.win-x64/10.0.12:runtimes/win-x64/lib/net10.0/System.Collections.Specialized.dll,expression:MIT
EsilvaSoft.KapibaraStudio-0.11.0-win-x64.zip,mcp/EsilvaSoft.KapibaraStudio.McpServer.exe,System.Collections.dll,296744,df6f2037eabee28100184e92f7536427ba2f086c1110629804d466b124bc4d54,1,Microsoft.NETCore.App.Runtime.win-x64/10.0.12:runtimes/win-x64/lib/net10.0/System.Collections.dll,expression:MIT
EsilvaSoft.KapibaraStudio-0.11.0-win-x64.zip,mcp/EsilvaSoft.KapibaraStudio.McpServer.exe,System.ComponentModel.Annotations.dll,198480,e3be2d35d81e6475c64110cfc099895b71df22c8b46a18c2d7c76a913b8ba903,1,Microsoft.NETCore.App.Runtime.win-x64/10.0.12:runtimes/win-x64/lib/net10.0/System.ComponentModel.Annotations.dll,expression:MIT
EsilvaSoft.KapibaraStudio-0.11.0-win-x64.zip,mcp/EsilvaSoft.KapibaraStudio.McpServer.exe,System.ComponentModel.DataAnnotations.dll,16720,d40e8c7062e6b9ce11ba83eab3d26be0eec8066b99970ea88b8e87fb75f411bd,1,Microsoft.NETCore.App.Runtime.win-x64/10.0.12:runtimes/win-x64/lib/net10.0/System.ComponentModel.DataAnnotations.dll,expression:MIT
EsilvaSoft.KapibaraStudio-0.11.0-win-x64.zip,mcp/EsilvaSoft.KapibaraStudio.McpServer.exe,System.ComponentModel.EventBasedAsync.dll,46888,cc84fe814ef5e58271d83193e328f8ec220efd4696d90af9a7c4690c10451495,1,Microsoft.NETCore.App.Runtime.win-x64/10.0.12:runtimes/win-x64/lib/net10.0/System.ComponentModel.EventBasedAsync.dll,expression:MIT
EsilvaSoft.KapibaraStudio-0.11.0-win-x64.zip,mcp/EsilvaSoft.KapibaraStudio.McpServer.exe,System.ComponentModel.Primitives.dll,79656,1e2451184c287409ea25acde3c90f25950bf34d16458a6e52a94ca4292434f62,1,Microsoft.NETCore.App.Runtime.win-x64/10.0.12:runtimes/win-x64/lib/net10.0/System.ComponentModel.Primitives.dll,expression:MIT
EsilvaSoft.KapibaraStudio-0.11.0-win-x64.zip,mcp/EsilvaSoft.KapibaraStudio.McpServer.exe,System.ComponentModel.TypeConverter.dll,767784,10dae312a6697718f8ce3dfcdb17d6ae4b74687c765d74d50de8a8e69e08f5e7,1,Microsoft.NETCore.App.Runtime.win-x64/10.0.12:runtimes/win-x64/lib/net10.0/System.ComponentModel.TypeConverter.dll,expression:MIT
EsilvaSoft.KapibaraStudio-0.11.0-win-x64.zip,mcp/EsilvaSoft.KapibaraStudio.McpServer.exe,System.ComponentModel.dll,30544,e3b6f75864ee944898540937c1f300e04f44a1b2729516f0bbf948589a8b14b2,1,Microsoft.NETCore.App.Runtime.win-x64/10.0.12:runtimes/win-x64/lib/net10.0/System.ComponentModel.dll,expression:MIT
EsilvaSoft.KapibaraStudio-0.11.0-win-x64.zip,mcp/EsilvaSoft.KapibaraStudio.McpServer.exe,System.Configuration.dll,19240,3952a72e1f18774f16952b46c20e80ed2bc601a06eca01f33fa924c738022a9c,1,Microsoft.NETCore.App.Runtime.win-x64/10.0.12:runtimes/win-x64/lib/net10.0/System.Configuration.dll,expression:MIT
EsilvaSoft.KapibaraStudio-0.11.0-win-x64.zip,mcp/EsilvaSoft.KapibaraStudio.McpServer.exe,System.Console.dll,169808,3b85daf02a3d9ed99b84bb1c639fe8b1ced46d8d157fa56f525f6b8c5be43b3e,1,Microsoft.NETCore.App.Runtime.win-x64/10.0.12:runtimes/win-x64/lib/net10.0/System.Console.dll,expression:MIT
EsilvaSoft.KapibaraStudio-0.11.0-win-x64.zip,mcp/EsilvaSoft.KapibaraStudio.McpServer.exe,System.Core.dll,23336,ac23faf1b37fa49f1b117baad951a65609e799a6e669a6df06d3552677e0c086,1,Microsoft.NETCore.App.Runtime.win-x64/10.0.12:runtimes/win-x64/lib/net10.0/System.Core.dll,expression:MIT
EsilvaSoft.KapibaraStudio-0.11.0-win-x64.zip,mcp/EsilvaSoft.KapibaraStudio.McpServer.exe,System.Data.Common.dll,2770728,66bdd62047ee460e2ce2c33d15dd1173ac97997b2745864a905179594f821acc,1,Microsoft.NETCore.App.Runtime.win-x64/10.0.12:runtimes/win-x64/lib/net10.0/System.Data.Common.dll,expression:MIT
EsilvaSoft.KapibaraStudio-0.11.0-win-x64.zip,mcp/EsilvaSoft.KapibaraStudio.McpServer.exe,System.Data.DataSetExtensions.dll,15656,aeeae0755c8c7f6747765cdf82fa43182e320e97f2035e3a0a19f21905e6c113,1,Microsoft.NETCore.App.Runtime.win-x64/10.0.12:runtimes/win-x64/lib/net10.0/System.Data.DataSetExtensions.dll,expression:MIT
EsilvaSoft.KapibaraStudio-0.11.0-win-x64.zip,mcp/EsilvaSoft.KapibaraStudio.McpServer.exe,System.Data.dll,25424,49f52958a2a6e461d0fd7a47e54a199eb263c69ecfcc0fc684b73b5918ebf466,1,Microsoft.NETCore.App.Runtime.win-x64/10.0.12:runtimes/win-x64/lib/net10.0/System.Data.dll,expression:MIT
EsilvaSoft.KapibaraStudio-0.11.0-win-x64.zip,mcp/EsilvaSoft.KapibaraStudio.McpServer.exe,System.Diagnostics.Contracts.dll,16208,6c05cacd9b61b08ae75f2d783cc402b0b5fc848e3d68c29c10b93897cc083e8b,1,Microsoft.NETCore.App.Runtime.win-x64/10.0.12:runtimes/win-x64/lib/net10.0/System.Diagnostics.Contracts.dll,expression:MIT
EsilvaSoft.KapibaraStudio-0.11.0-win-x64.zip,mcp/EsilvaSoft.KapibaraStudio.McpServer.exe,System.Diagnostics.Debug.dll,15656,8b160ffe7518588bf64e13c01c6dcb2ef504d64f38bbf0f198d31e7b698db92c,1,Microsoft.NETCore.App.Runtime.win-x64/10.0.12:runtimes/win-x64/lib/net10.0/System.Diagnostics.Debug.dll,expression:MIT
EsilvaSoft.KapibaraStudio-0.11.0-win-x64.zip,mcp/EsilvaSoft.KapibaraStudio.McpServer.exe,System.Diagnostics.DiagnosticSource.dll,501544,6267c1bd1bdf2bdd4b5748b885b0adcda10f18697adfea8488a19a009ad44fdb,1,Microsoft.NETCore.App.Runtime.win-x64/10.0.12:runtimes/win-x64/lib/net10.0/System.Diagnostics.DiagnosticSource.dll,expression:MIT
EsilvaSoft.KapibaraStudio-0.11.0-win-x64.zip,mcp/EsilvaSoft.KapibaraStudio.McpServer.exe,System.Diagnostics.FileVersionInfo.dll,46928,e94f158142e93834dec3100bde3313935517d549ff36c65819a06d3104dec427,1,Microsoft.NETCore.App.Runtime.win-x64/10.0.12:runtimes/win-x64/lib/net10.0/System.Diagnostics.FileVersionInfo.dll,expression:MIT
EsilvaSoft.KapibaraStudio-0.11.0-win-x64.zip,mcp/EsilvaSoft.KapibaraStudio.McpServer.exe,System.Diagnostics.Process.dll,329552,51a57fbe918f8b68930c090792b718fc0850ea12da869d50b97a3796af29a740,1,Microsoft.NETCore.App.Runtime.win-x64/10.0.12:runtimes/win-x64/lib/net10.0/System.Diagnostics.Process.dll,expression:MIT
EsilvaSoft.KapibaraStudio-0.11.0-win-x64.zip,mcp/EsilvaSoft.KapibaraStudio.McpServer.exe,System.Diagnostics.StackTrace.dll,46888,8f6397c1e2ba9b8b8bfa317962151b5035049ce8d6b3575e5027a0d0eeacc797,1,Microsoft.NETCore.App.Runtime.win-x64/10.0.12:runtimes/win-x64/lib/net10.0/System.Diagnostics.StackTrace.dll,expression:MIT
EsilvaSoft.KapibaraStudio-0.11.0-win-x64.zip,mcp/EsilvaSoft.KapibaraStudio.McpServer.exe,System.Diagnostics.TextWriterTraceListener.dll,67368,1bf165cee916a854e1150f489e4348ce94755359d5fcdcc0bc2bbbe6a7102bdd,1,Microsoft.NETCore.App.Runtime.win-x64/10.0.12:runtimes/win-x64/lib/net10.0/System.Diagnostics.TextWriterTraceListener.dll,expression:MIT
EsilvaSoft.KapibaraStudio-0.11.0-win-x64.zip,mcp/EsilvaSoft.KapibaraStudio.McpServer.exe,System.Diagnostics.Tools.dll,15144,841c5e2b6c171fa9aaff0fc6295f3fbc93dc5dcab44118b62f1c942bb674aff2,1,Microsoft.NETCore.App.Runtime.win-x64/10.0.12:runtimes/win-x64/lib/net10.0/System.Diagnostics.Tools.dll,expression:MIT
EsilvaSoft.KapibaraStudio-0.11.0-win-x64.zip,mcp/EsilvaSoft.KapibaraStudio.McpServer.exe,System.Diagnostics.TraceSource.dll,141096,8445c7f1bbaae6cffde60e2c9a8753faaa5100255fbe31d0a1927d9d9bb7f194,1,Microsoft.NETCore.App.Runtime.win-x64/10.0.12:runtimes/win-x64/lib/net10.0/System.Diagnostics.TraceSource.dll,expression:MIT
EsilvaSoft.KapibaraStudio-0.11.0-win-x64.zip,mcp/EsilvaSoft.KapibaraStudio.McpServer.exe,System.Diagnostics.Tracing.dll,16208,9563d5eec35f94d13a5e62eaa9535dbe0e9ea474f055da132fb8af46b0b01263,1,Microsoft.NETCore.App.Runtime.win-x64/10.0.12:runtimes/win-x64/lib/net10.0/System.Diagnostics.Tracing.dll,expression:MIT
EsilvaSoft.KapibaraStudio-0.11.0-win-x64.zip,mcp/EsilvaSoft.KapibaraStudio.McpServer.exe,System.Drawing.Primitives.dll,132944,17585b32ca91bac8ccff2ef1c6ddf62ee9ea5efc552928c3a9d1b868394246e9,1,Microsoft.NETCore.App.Runtime.win-x64/10.0.12:runtimes/win-x64/lib/net10.0/System.Drawing.Primitives.dll,expression:MIT
EsilvaSoft.KapibaraStudio-0.11.0-win-x64.zip,mcp/EsilvaSoft.KapibaraStudio.McpServer.exe,System.Drawing.dll,20304,585a8da9952d715f8de7a7b1879b59d68ff8608b92f6ed1c5f0e1d251180d3c6,1,Microsoft.NETCore.App.Runtime.win-x64/10.0.12:runtimes/win-x64/lib/net10.0/System.Drawing.dll,expression:MIT
EsilvaSoft.KapibaraStudio-0.11.0-win-x64.zip,mcp/EsilvaSoft.KapibaraStudio.McpServer.exe,System.Dynamic.Runtime.dll,16168,c0eac30c791db8c1a2b50b61c50d029f4ddd0eadfdd35433745001688a3e7466,1,Microsoft.NETCore.App.Runtime.win-x64/10.0.12:runtimes/win-x64/lib/net10.0/System.Dynamic.Runtime.dll,expression:MIT
EsilvaSoft.KapibaraStudio-0.11.0-win-x64.zip,mcp/EsilvaSoft.KapibaraStudio.McpServer.exe,System.Formats.Asn1.dll,239440,a163fe5f96d1689f1bc1ac531b38c3aba95792ac7dd52231d325d658947fbcfd,1,Microsoft.NETCore.App.Runtime.win-x64/10.0.12:runtimes/win-x64/lib/net10.0/System.Formats.Asn1.dll,expression:MIT
EsilvaSoft.KapibaraStudio-0.11.0-win-x64.zip,mcp/EsilvaSoft.KapibaraStudio.McpServer.exe,System.Formats.Tar.dll,272168,44c9984f269a158915195fd32007f22c3bb692dcfeb933cda8ea45a3ac6cd1ce,1,Microsoft.NETCore.App.Runtime.win-x64/10.0.12:runtimes/win-x64/lib/net10.0/System.Formats.Tar.dll,expression:MIT
EsilvaSoft.KapibaraStudio-0.11.0-win-x64.zip,mcp/EsilvaSoft.KapibaraStudio.McpServer.exe,System.Globalization.Calendars.dll,15656,e0f3f3f6e4acc7b6755782fed5cb075ecf70beee4fc5d404579ae99bc0883ef2,1,Microsoft.NETCore.App.Runtime.win-x64/10.0.12:runtimes/win-x64/lib/net10.0/System.Globalization.Calendars.dll,expression:MIT
EsilvaSoft.KapibaraStudio-0.11.0-win-x64.zip,mcp/EsilvaSoft.KapibaraStudio.McpServer.exe,System.Globalization.Extensions.dll,15144,be0390557cc72078a7217cf94fd44b9ab66aa30838c00a92aa78c62469c44aa0,1,Microsoft.NETCore.App.Runtime.win-x64/10.0.12:runtimes/win-x64/lib/net10.0/System.Globalization.Extensions.dll,expression:MIT
EsilvaSoft.KapibaraStudio-0.11.0-win-x64.zip,mcp/EsilvaSoft.KapibaraStudio.McpServer.exe,System.Globalization.dll,15696,66902cffd057673b4b77aa68faf80d33ffa4c94510e61db2a067943cc53b7702,1,Microsoft.NETCore.App.Runtime.win-x64/10.0.12:runtimes/win-x64/lib/net10.0/System.Globalization.dll,expression:MIT
EsilvaSoft.KapibaraStudio-0.11.0-win-x64.zip,mcp/EsilvaSoft.KapibaraStudio.McpServer.exe,System.IO.Compression.Brotli.dll,83752,0a59a95787ee15784d73079fdd5dc555b78659a6c560b6cbbf0d7452e638df89,1,Microsoft.NETCore.App.Runtime.win-x64/10.0.12:runtimes/win-x64/lib/net10.0/System.IO.Compression.Brotli.dll,expression:MIT
EsilvaSoft.KapibaraStudio-0.11.0-win-x64.zip,mcp/EsilvaSoft.KapibaraStudio.McpServer.exe,System.IO.Compression.FileSystem.dll,15184,4aeec2c0189f73ba8122f05c0d759008ddae1a8873b167cc8a558d53f2af80e1,1,Microsoft.NETCore.App.Runtime.win-x64/10.0.12:runtimes/win-x64/lib/net10.0/System.IO.Compression.FileSystem.dll,expression:MIT
EsilvaSoft.KapibaraStudio-0.11.0-win-x64.zip,mcp/EsilvaSoft.KapibaraStudio.McpServer.exe,System.IO.Compression.ZipFile.dll,100176,2da76eb281740be485b5637da8c60fe0ce12bc2848d1a1a81ce144fa74313e18,1,Microsoft.NETCore.App.Runtime.win-x64/10.0.12:runtimes/win-x64/lib/net10.0/System.IO.Compression.ZipFile.dll,expression:MIT
EsilvaSoft.KapibaraStudio-0.11.0-win-x64.zip,mcp/EsilvaSoft.KapibaraStudio.McpServer.exe,System.IO.Compression.dll,419624,c942747f84b730887090f5e0cf86d164c0ee402e524dce2750e06a6df48513fb,1,Microsoft.NETCore.App.Runtime.win-x64/10.0.12:runtimes/win-x64/lib/net10.0/System.IO.Compression.dll,expression:MIT
EsilvaSoft.KapibaraStudio-0.11.0-win-x64.zip,mcp/EsilvaSoft.KapibaraStudio.McpServer.exe,System.IO.FileSystem.AccessControl.dll,104232,f7f9ed6cdab35274711e9345266784ec332ae8040db184d141c70e7941fbbec5,1,Microsoft.NETCore.App.Runtime.win-x64/10.0.12:runtimes/win-x64/lib/net10.0/System.IO.FileSystem.AccessControl.dll,expression:MIT
EsilvaSoft.KapibaraStudio-0.11.0-win-x64.zip,mcp/EsilvaSoft.KapibaraStudio.McpServer.exe,System.IO.FileSystem.DriveInfo.dll,55120,0a7f3dd2fb6147a3fc046aeac8501d764effe5a3d8cfa56d2b244aa50b874b98,1,Microsoft.NETCore.App.Runtime.win-x64/10.0.12:runtimes/win-x64/lib/net10.0/System.IO.FileSystem.DriveInfo.dll,expression:MIT
EsilvaSoft.KapibaraStudio-0.11.0-win-x64.zip,mcp/EsilvaSoft.KapibaraStudio.McpServer.exe,System.IO.FileSystem.Primitives.dll,15144,d3b21b8b38e48c6b4d1cb5cfe9adfe4abad7b3353601febd3c7e4027f9ef9c6b,1,Microsoft.NETCore.App.Runtime.win-x64/10.0.12:runtimes/win-x64/lib/net10.0/System.IO.FileSystem.Primitives.dll,expression:MIT
EsilvaSoft.KapibaraStudio-0.11.0-win-x64.zip,mcp/EsilvaSoft.KapibaraStudio.McpServer.exe,System.IO.FileSystem.Watcher.dll,87848,8ab1704e4bd171056ec5a11e886d5199d05a641c6d0233c53d4766bf30328dd3,1,Microsoft.NETCore.App.Runtime.win-x64/10.0.12:runtimes/win-x64/lib/net10.0/System.IO.FileSystem.Watcher.dll,expression:MIT
EsilvaSoft.KapibaraStudio-0.11.0-win-x64.zip,mcp/EsilvaSoft.KapibaraStudio.McpServer.exe,System.IO.FileSystem.dll,15656,c251f33b29382c47b773d907463edd9fe978a06e39efd5670ef3b3b1d4f8c2b7,1,Microsoft.NETCore.App.Runtime.win-x64/10.0.12:runtimes/win-x64/lib/net10.0/System.IO.FileSystem.dll,expression:MIT
EsilvaSoft.KapibaraStudio-0.11.0-win-x64.zip,mcp/EsilvaSoft.KapibaraStudio.McpServer.exe,System.IO.IsolatedStorage.dll,87848,2272a8bde18ed0e7c9e54ece9b849b9be76c90b978909d2b2fc94cf0ccbce427,1,Microsoft.NETCore.App.Runtime.win-x64/10.0.12:runtimes/win-x64/lib/net10.0/System.IO.IsolatedStorage.dll,expression:MIT
EsilvaSoft.KapibaraStudio-0.11.0-win-x64.zip,mcp/EsilvaSoft.KapibaraStudio.McpServer.exe,System.IO.MemoryMappedFiles.dll,83752,6e8b281ecb2f0f5e7aad3980f61d8812caa6b37884737f542f95410a76663e0e,1,Microsoft.NETCore.App.Runtime.win-x64/10.0.12:runtimes/win-x64/lib/net10.0/System.IO.MemoryMappedFiles.dll,expression:MIT
EsilvaSoft.KapibaraStudio-0.11.0-win-x64.zip,mcp/EsilvaSoft.KapibaraStudio.McpServer.exe,System.IO.Pipelines.dll,190248,ee9f0fd6c659f50799afd103c6ed9c5e408967e28dfa059bddf4b0a3fd2557dd,1,Microsoft.NETCore.App.Runtime.win-x64/10.0.12:runtimes/win-x64/lib/net10.0/System.IO.Pipelines.dll,expression:MIT
EsilvaSoft.KapibaraStudio-0.11.0-win-x64.zip,mcp/EsilvaSoft.KapibaraStudio.McpServer.exe,System.IO.Pipes.AccessControl.dll,15656,1102f25a6e88f2fae81e4cd3628d8ef826f847b9c9b6a4d32ff8b37e0300da35,1,Microsoft.NETCore.App.Runtime.win-x64/10.0.12:runtimes/win-x64/lib/net10.0/System.IO.Pipes.AccessControl.dll,expression:MIT
EsilvaSoft.KapibaraStudio-0.11.0-win-x64.zip,mcp/EsilvaSoft.KapibaraStudio.McpServer.exe,System.IO.Pipes.dll,165712,3804f9992861122e60990b0765d0b50b33cdc2e4d89d26d9dbf8641d1d0134a2,1,Microsoft.NETCore.App.Runtime.win-x64/10.0.12:runtimes/win-x64/lib/net10.0/System.IO.Pipes.dll,expression:MIT
EsilvaSoft.KapibaraStudio-0.11.0-win-x64.zip,mcp/EsilvaSoft.KapibaraStudio.McpServer.exe,System.IO.UnmanagedMemoryStream.dll,15696,ad6a5f859589e1951103a00f45566da079cf87bd8b03f0c6ad985a6f39f19c5a,1,Microsoft.NETCore.App.Runtime.win-x64/10.0.12:runtimes/win-x64/lib/net10.0/System.IO.UnmanagedMemoryStream.dll,expression:MIT
EsilvaSoft.KapibaraStudio-0.11.0-win-x64.zip,mcp/EsilvaSoft.KapibaraStudio.McpServer.exe,System.IO.dll,15656,388400ccb189b819d6ec5f1ef70710a39641d93ed5b870fc9324866b75dfb78b,1,Microsoft.NETCore.App.Runtime.win-x64/10.0.12:runtimes/win-x64/lib/net10.0/System.IO.dll,expression:MIT
EsilvaSoft.KapibaraStudio-0.11.0-win-x64.zip,mcp/EsilvaSoft.KapibaraStudio.McpServer.exe,System.Linq.AsyncEnumerable.dll,1292072,925208e8ac40ac3f7b988aba6ccbbb58adac38ad1876a7d97ee137be6c21a653,1,Microsoft.NETCore.App.Runtime.win-x64/10.0.12:runtimes/win-x64/lib/net10.0/System.Linq.AsyncEnumerable.dll,expression:MIT
EsilvaSoft.KapibaraStudio-0.11.0-win-x64.zip,mcp/EsilvaSoft.KapibaraStudio.McpServer.exe,System.Linq.Expressions.dll,3639080,8830f4a6a6982f53cfbb54f992858ee36b4994a6ff6e6078c39627e77bef282f,1,Microsoft.NETCore.App.Runtime.win-x64/10.0.12:runtimes/win-x64/lib/net10.0/System.Linq.Expressions.dll,expression:MIT
EsilvaSoft.KapibaraStudio-0.11.0-win-x64.zip,mcp/EsilvaSoft.KapibaraStudio.McpServer.exe,System.Linq.Parallel.dll,775976,aa6068e3d8f6b2e492cc63dcaad6b02942edbae445cb2b88c24f1850b25c49f5,1,Microsoft.NETCore.App.Runtime.win-x64/10.0.12:runtimes/win-x64/lib/net10.0/System.Linq.Parallel.dll,expression:MIT
EsilvaSoft.KapibaraStudio-0.11.0-win-x64.zip,mcp/EsilvaSoft.KapibaraStudio.McpServer.exe,System.Linq.Queryable.dll,182056,b3b3a9c1b87a51dacd46a3f9ec392c5d05e449152d44d6bd495df0994350e2fa,1,Microsoft.NETCore.App.Runtime.win-x64/10.0.12:runtimes/win-x64/lib/net10.0/System.Linq.Queryable.dll,expression:MIT
EsilvaSoft.KapibaraStudio-0.11.0-win-x64.zip,mcp/EsilvaSoft.KapibaraStudio.McpServer.exe,System.Linq.dll,698192,284d38945b6e92e847129bd28af458b19818d0f2181f79882888ab2003f4c519,1,Microsoft.NETCore.App.Runtime.win-x64/10.0.12:runtimes/win-x64/lib/net10.0/System.Linq.dll,expression:MIT
EsilvaSoft.KapibaraStudio-0.11.0-win-x64.zip,mcp/EsilvaSoft.KapibaraStudio.McpServer.exe,System.Memory.dll,161576,f8f9d38efd6b0de30954d6bf1f353e9617bfb36d3d245c013a3b12be9f6bd88a,1,Microsoft.NETCore.App.Runtime.win-x64/10.0.12:runtimes/win-x64/lib/net10.0/System.Memory.dll,expression:MIT
EsilvaSoft.KapibaraStudio-0.11.0-win-x64.zip,mcp/EsilvaSoft.KapibaraStudio.McpServer.exe,System.Net.Http.Json.dll,128848,a9fe81ba3c048f9977e0099800eefd570a49be723c555725da57ba797c92b4e0,1,Microsoft.NETCore.App.Runtime.win-x64/10.0.12:runtimes/win-x64/lib/net10.0/System.Net.Http.Json.dll,expression:MIT
EsilvaSoft.KapibaraStudio-0.11.0-win-x64.zip,mcp/EsilvaSoft.KapibaraStudio.McpServer.exe,System.Net.Http.dll,1746768,b98ed0cb80dd54c33fc049f33af5448710752155bbd5cc8cbcd932e01f066801,1,Microsoft.NETCore.App.Runtime.win-x64/10.0.12:runtimes/win-x64/lib/net10.0/System.Net.Http.dll,expression:MIT
EsilvaSoft.KapibaraStudio-0.11.0-win-x64.zip,mcp/EsilvaSoft.KapibaraStudio.McpServer.exe,System.Net.HttpListener.dll,534312,3dfe11fb30c5f84c911d9562be6c2037113cd8976ef2def3550ac415ae58955b,1,Microsoft.NETCore.App.Runtime.win-x64/10.0.12:runtimes/win-x64/lib/net10.0/System.Net.HttpListener.dll,expression:MIT
EsilvaSoft.KapibaraStudio-0.11.0-win-x64.zip,mcp/EsilvaSoft.KapibaraStudio.McpServer.exe,System.Net.Mail.dll,481064,b585a55ee67c80d7f02a84d50d626d279c7aa77fd3e38206b434bd20c181eedc,1,Microsoft.NETCore.App.Runtime.win-x64/10.0.12:runtimes/win-x64/lib/net10.0/System.Net.Mail.dll,expression:MIT
EsilvaSoft.KapibaraStudio-0.11.0-win-x64.zip,mcp/EsilvaSoft.KapibaraStudio.McpServer.exe,System.Net.NameResolution.dll,124712,e786c0940f5322f0ad6e8e34e7b582e5b050df0fb2230329325307e61bfd994c,1,Microsoft.NETCore.App.Runtime.win-x64/10.0.12:runtimes/win-x64/lib/net10.0/System.Net.NameResolution.dll,expression:MIT
EsilvaSoft.KapibaraStudio-0.11.0-win-x64.zip,mcp/EsilvaSoft.KapibaraStudio.McpServer.exe,System.Net.NetworkInformation.dll,157520,7e8791833eb2d0aea77b119fed3cab8bf501f6a553155cc1c4e5b1c02f65593b,1,Microsoft.NETCore.App.Runtime.win-x64/10.0.12:runtimes/win-x64/lib/net10.0/System.Net.NetworkInformation.dll,expression:MIT
EsilvaSoft.KapibaraStudio-0.11.0-win-x64.zip,mcp/EsilvaSoft.KapibaraStudio.McpServer.exe,System.Net.Ping.dll,91984,06bb307343db955a312634d00ba5e097cf5168a901284437592c28d780804e33,1,Microsoft.NETCore.App.Runtime.win-x64/10.0.12:runtimes/win-x64/lib/net10.0/System.Net.Ping.dll,expression:MIT
EsilvaSoft.KapibaraStudio-0.11.0-win-x64.zip,mcp/EsilvaSoft.KapibaraStudio.McpServer.exe,System.Net.Primitives.dll,210728,4dbb41a178ef013a898327152eccd146228dd2eb83859b9bb36078333b41f0f1,1,Microsoft.NETCore.App.Runtime.win-x64/10.0.12:runtimes/win-x64/lib/net10.0/System.Net.Primitives.dll,expression:MIT
EsilvaSoft.KapibaraStudio-0.11.0-win-x64.zip,mcp/EsilvaSoft.KapibaraStudio.McpServer.exe,System.Net.Quic.dll,358224,af5b52cdee62d014af677c411530a3fde5c1c368adecb8f83dcfe9246e8bbe73,1,Microsoft.NETCore.App.Runtime.win-x64/10.0.12:runtimes/win-x64/lib/net10.0/System.Net.Quic.dll,expression:MIT
EsilvaSoft.KapibaraStudio-0.11.0-win-x64.zip,mcp/EsilvaSoft.KapibaraStudio.McpServer.exe,System.Net.Requests.dll,374568,ed82d9d0b7942b2b02c5744a4591fbe2316879618adfc5660c9f111f814155f2,1,Microsoft.NETCore.App.Runtime.win-x64/10.0.12:runtimes/win-x64/lib/net10.0/System.Net.Requests.dll,expression:MIT
EsilvaSoft.KapibaraStudio-0.11.0-win-x64.zip,mcp/EsilvaSoft.KapibaraStudio.McpServer.exe,System.Net.Security.dll,665424,a78bd713e807729f15b0e085c67fd6cbfefa85736a2618512d4ff1212759eba5,1,Microsoft.NETCore.App.Runtime.win-x64/10.0.12:runtimes/win-x64/lib/net10.0/System.Net.Security.dll,expression:MIT
EsilvaSoft.KapibaraStudio-0.11.0-win-x64.zip,mcp/EsilvaSoft.KapibaraStudio.McpServer.exe,System.Net.ServerSentEvents.dll,83752,c0b1944020d0e5688b90fba9f29209e367674e29d2020f700c302994d5417eda,1,Microsoft.NETCore.App.Runtime.win-x64/10.0.12:runtimes/win-x64/lib/net10.0/System.Net.ServerSentEvents.dll,expression:MIT
EsilvaSoft.KapibaraStudio-0.11.0-win-x64.zip,mcp/EsilvaSoft.KapibaraStudio.McpServer.exe,System.Net.ServicePoint.dll,15144,84fa83cd96e62fda02991b8a8e99fa1c7b3ac08807b04f7486a896cfe6b4a760,1,Microsoft.NETCore.App.Runtime.win-x64/10.0.12:runtimes/win-x64/lib/net10.0/System.Net.ServicePoint.dll,expression:MIT
EsilvaSoft.KapibaraStudio-0.11.0-win-x64.zip,mcp/EsilvaSoft.KapibaraStudio.McpServer.exe,System.Net.Sockets.dll,530216,645c56d637ce15976998119e50722a911315682ce141b4aab98874ce1b063f3a,1,Microsoft.NETCore.App.Runtime.win-x64/10.0.12:runtimes/win-x64/lib/net10.0/System.Net.Sockets.dll,expression:MIT
EsilvaSoft.KapibaraStudio-0.11.0-win-x64.zip,mcp/EsilvaSoft.KapibaraStudio.McpServer.exe,System.Net.WebClient.dll,165672,defa7bbf90c77ed01d6add53f678e4adfbcf97f3b1152affec06e652d327f1a2,1,Microsoft.NETCore.App.Runtime.win-x64/10.0.12:runtimes/win-x64/lib/net10.0/System.Net.WebClient.dll,expression:MIT
EsilvaSoft.KapibaraStudio-0.11.0-win-x64.zip,mcp/EsilvaSoft.KapibaraStudio.McpServer.exe,System.Net.WebHeaderCollection.dll,63312,74d66f776b4c15936a7b887f47ceb8bf277dbe82e71a78dd3ea5d02502b081e7,1,Microsoft.NETCore.App.Runtime.win-x64/10.0.12:runtimes/win-x64/lib/net10.0/System.Net.WebHeaderCollection.dll,expression:MIT
EsilvaSoft.KapibaraStudio-0.11.0-win-x64.zip,mcp/EsilvaSoft.KapibaraStudio.McpServer.exe,System.Net.WebProxy.dll,42832,408e3daabb3f42b4f1b72a1e1def38f12ba58eb9d23dca620086819cf7484195,1,Microsoft.NETCore.App.Runtime.win-x64/10.0.12:runtimes/win-x64/lib/net10.0/System.Net.WebProxy.dll,expression:MIT
EsilvaSoft.KapibaraStudio-0.11.0-win-x64.zip,mcp/EsilvaSoft.KapibaraStudio.McpServer.exe,System.Net.WebSockets.Client.dll,104232,f308a69b9ee1ac982f53d1d94374f4972a7e3c700742901ff7c2bbfb570019d2,1,Microsoft.NETCore.App.Runtime.win-x64/10.0.12:runtimes/win-x64/lib/net10.0/System.Net.WebSockets.Client.dll,expression:MIT
EsilvaSoft.KapibaraStudio-0.11.0-win-x64.zip,mcp/EsilvaSoft.KapibaraStudio.McpServer.exe,System.Net.WebSockets.dll,243496,c014a074d408c71011e26eac69be85003a852cfe115e8608bb5d4fd70536eb2e,1,Microsoft.NETCore.App.Runtime.win-x64/10.0.12:runtimes/win-x64/lib/net10.0/System.Net.WebSockets.dll,expression:MIT
EsilvaSoft.KapibaraStudio-0.11.0-win-x64.zip,mcp/EsilvaSoft.KapibaraStudio.McpServer.exe,System.Net.dll,17192,481b38c912f8779b3510cd00f079e45096ea22b6defdaab66780d5ac3ae6986a,1,Microsoft.NETCore.App.Runtime.win-x64/10.0.12:runtimes/win-x64/lib/net10.0/System.Net.dll,expression:MIT
EsilvaSoft.KapibaraStudio-0.11.0-win-x64.zip,mcp/EsilvaSoft.KapibaraStudio.McpServer.exe,System.Numerics.Vectors.dll,15656,a9a980ee33ed0c798a5e1960c4557521f465ac9e0987dfd2c3049d53b1f2fa5a,1,Microsoft.NETCore.App.Runtime.win-x64/10.0.12:runtimes/win-x64/lib/net10.0/System.Numerics.Vectors.dll,expression:MIT
EsilvaSoft.KapibaraStudio-0.11.0-win-x64.zip,mcp/EsilvaSoft.KapibaraStudio.McpServer.exe,System.Numerics.dll,15184,35adc9360421b3b7a3d50399cb2c651c160158d7e8c302907acbce5f61f4a4f7,1,Microsoft.NETCore.App.Runtime.win-x64/10.0.12:runtimes/win-x64/lib/net10.0/System.Numerics.dll,expression:MIT
EsilvaSoft.KapibaraStudio-0.11.0-win-x64.zip,mcp/EsilvaSoft.KapibaraStudio.McpServer.exe,System.ObjectModel.dll,79656,2179bb19f335b4fcacd0994ad2ccfdac6840deff09c7889debfe9dbb5b88a3e6,1,Microsoft.NETCore.App.Runtime.win-x64/10.0.12:runtimes/win-x64/lib/net10.0/System.ObjectModel.dll,expression:MIT
EsilvaSoft.KapibaraStudio-0.11.0-win-x64.zip,mcp/EsilvaSoft.KapibaraStudio.McpServer.exe,System.Private.CoreLib.dll,16033576,1125acc8106c43fc8bad2d203c4c4485df6182d292846c2fff415c1040c54678,1,Microsoft.NETCore.App.Runtime.win-x64/10.0.12:runtimes/win-x64/lib/net10.0/System.Private.CoreLib.dll,expression:MIT
EsilvaSoft.KapibaraStudio-0.11.0-win-x64.zip,mcp/EsilvaSoft.KapibaraStudio.McpServer.exe,System.Private.DataContractSerialization.dll,2062120,8c07a5333c4e938cad8ac8f24b5965121bc0622442a352cbe81c58f17c2349a8,1,Microsoft.NETCore.App.Runtime.win-x64/10.0.12:runtimes/win-x64/lib/net10.0/System.Private.DataContractSerialization.dll,expression:MIT
EsilvaSoft.KapibaraStudio-0.11.0-win-x64.zip,mcp/EsilvaSoft.KapibaraStudio.McpServer.exe,System.Private.Uri.dll,255824,b15c84d2120e1ec9612c66ba59bc3d7e67d841e2bce7b7d0478cb212537539b4,1,Microsoft.NETCore.App.Runtime.win-x64/10.0.12:runtimes/win-x64/lib/net10.0/System.Private.Uri.dll,expression:MIT
EsilvaSoft.KapibaraStudio-0.11.0-win-x64.zip,mcp/EsilvaSoft.KapibaraStudio.McpServer.exe,System.Private.Xml.Linq.dll,390952,c832b73de9783e6929ca5ff4863fc313e13ef7cfb5965c52587c4f77f6e037a7,1,Microsoft.NETCore.App.Runtime.win-x64/10.0.12:runtimes/win-x64/lib/net10.0/System.Private.Xml.Linq.dll,expression:MIT
EsilvaSoft.KapibaraStudio-0.11.0-win-x64.zip,mcp/EsilvaSoft.KapibaraStudio.McpServer.exe,System.Private.Xml.dll,7788328,d71e72a7a9de324352edd281a46466b51bd0bdd2831b1573f8d3bae8bd2dd4a6,1,Microsoft.NETCore.App.Runtime.win-x64/10.0.12:runtimes/win-x64/lib/net10.0/System.Private.Xml.dll,expression:MIT
EsilvaSoft.KapibaraStudio-0.11.0-win-x64.zip,mcp/EsilvaSoft.KapibaraStudio.McpServer.exe,System.Reflection.DispatchProxy.dll,75600,bf93a361c0bba8497889c9f7713add5968ba39394f9e6bda27e86294c6c43560,1,Microsoft.NETCore.App.Runtime.win-x64/10.0.12:runtimes/win-x64/lib/net10.0/System.Reflection.DispatchProxy.dll,expression:MIT
EsilvaSoft.KapibaraStudio-0.11.0-win-x64.zip,mcp/EsilvaSoft.KapibaraStudio.McpServer.exe,System.Reflection.Emit.ILGeneration.dll,15656,6b42ddd05b0ca1c7342d73ea9f401fe588044215d65c67b756deb780f0894a26,1,Microsoft.NETCore.App.Runtime.win-x64/10.0.12:runtimes/win-x64/lib/net10.0/System.Reflection.Emit.ILGeneration.dll,expression:MIT
EsilvaSoft.KapibaraStudio-0.11.0-win-x64.zip,mcp/EsilvaSoft.KapibaraStudio.McpServer.exe,System.Reflection.Emit.Lightweight.dll,15656,d2724a2b7b46146877ec1f6e400c49ea05f84bdd31f3bba52ae139ee68a4f779,1,Microsoft.NETCore.App.Runtime.win-x64/10.0.12:runtimes/win-x64/lib/net10.0/System.Reflection.Emit.Lightweight.dll,expression:MIT
EsilvaSoft.KapibaraStudio-0.11.0-win-x64.zip,mcp/EsilvaSoft.KapibaraStudio.McpServer.exe,System.Reflection.Emit.dll,309032,09059981bbeea0fdc5df589be5d7e3937d57e22bec4d78ceb492c587926fc238,1,Microsoft.NETCore.App.Runtime.win-x64/10.0.12:runtimes/win-x64/lib/net10.0/System.Reflection.Emit.dll,expression:MIT
EsilvaSoft.KapibaraStudio-0.11.0-win-x64.zip,mcp/EsilvaSoft.KapibaraStudio.McpServer.exe,System.Reflection.Extensions.dll,15144,ceb1b81e1eb488d87bd43d16dc54450b2a78e0b653c44c988aae2a20abc162bc,1,Microsoft.NETCore.App.Runtime.win-x64/10.0.12:runtimes/win-x64/lib/net10.0/System.Reflection.Extensions.dll,expression:MIT
EsilvaSoft.KapibaraStudio-0.11.0-win-x64.zip,mcp/EsilvaSoft.KapibaraStudio.McpServer.exe,System.Reflection.Metadata.dll,1156904,82973e772017944a0548e445f30757595d95fe99e1f5c4a446df8c4db04b1c18,1,Microsoft.NETCore.App.Runtime.win-x64/10.0.12:runtimes/win-x64/lib/net10.0/System.Reflection.Metadata.dll,expression:MIT
EsilvaSoft.KapibaraStudio-0.11.0-win-x64.zip,mcp/EsilvaSoft.KapibaraStudio.McpServer.exe,System.Reflection.Primitives.dll,15656,c2bbd885d03da5e880667c228ac1f56a5f3a72ea37d43f010ada000adc33da28,1,Microsoft.NETCore.App.Runtime.win-x64/10.0.12:runtimes/win-x64/lib/net10.0/System.Reflection.Primitives.dll,expression:MIT
EsilvaSoft.KapibaraStudio-0.11.0-win-x64.zip,mcp/EsilvaSoft.KapibaraStudio.McpServer.exe,System.Reflection.TypeExtensions.dll,42792,7cac73ed746ce05a4a2f1e61dd52d41322ecc6ba84cfec463380f49487031459,1,Microsoft.NETCore.App.Runtime.win-x64/10.0.12:runtimes/win-x64/lib/net10.0/System.Reflection.TypeExtensions.dll,expression:MIT
EsilvaSoft.KapibaraStudio-0.11.0-win-x64.zip,mcp/EsilvaSoft.KapibaraStudio.McpServer.exe,System.Reflection.dll,16168,95059346d6271dd6d0322cc321e5fb8cceab662f550c67aee7615059e41739bb,1,Microsoft.NETCore.App.Runtime.win-x64/10.0.12:runtimes/win-x64/lib/net10.0/System.Reflection.dll,expression:MIT
EsilvaSoft.KapibaraStudio-0.11.0-win-x64.zip,mcp/EsilvaSoft.KapibaraStudio.McpServer.exe,System.Resources.Reader.dll,15144,20bdb5d302b5e28f6042c9f281cfa3ae2f2358544cc40783052fe5abf6aa859b,1,Microsoft.NETCore.App.Runtime.win-x64/10.0.12:runtimes/win-x64/lib/net10.0/System.Resources.Reader.dll,expression:MIT
EsilvaSoft.KapibaraStudio-0.11.0-win-x64.zip,mcp/EsilvaSoft.KapibaraStudio.McpServer.exe,System.Resources.ResourceManager.dll,15696,f709eb5cf16e26679782784c428825019785fcc7085562092425d4999bece03d,1,Microsoft.NETCore.App.Runtime.win-x64/10.0.12:runtimes/win-x64/lib/net10.0/System.Resources.ResourceManager.dll,expression:MIT
EsilvaSoft.KapibaraStudio-0.11.0-win-x64.zip,mcp/EsilvaSoft.KapibaraStudio.McpServer.exe,System.Resources.Writer.dll,50984,684836486b9ba2817efa3099118860d259fd16db0c4c0533d42cad8c6c165b62,1,Microsoft.NETCore.App.Runtime.win-x64/10.0.12:runtimes/win-x64/lib/net10.0/System.Resources.Writer.dll,expression:MIT
EsilvaSoft.KapibaraStudio-0.11.0-win-x64.zip,mcp/EsilvaSoft.KapibaraStudio.McpServer.exe,System.Runtime.CompilerServices.Unsafe.dll,15184,6e685ec0477b21a688cd38bfcafc673888cdf186c99df3c96fab352e96d6fdc8,1,Microsoft.NETCore.App.Runtime.win-x64/10.0.12:runtimes/win-x64/lib/net10.0/System.Runtime.CompilerServices.Unsafe.dll,expression:MIT
EsilvaSoft.KapibaraStudio-0.11.0-win-x64.zip,mcp/EsilvaSoft.KapibaraStudio.McpServer.exe,System.Runtime.CompilerServices.VisualC.dll,30504,5fd85d3d7b47a921bdf48bf938c6615a49a4a3d493e1ea199f1b997c709618f4,1,Microsoft.NETCore.App.Runtime.win-x64/10.0.12:runtimes/win-x64/lib/net10.0/System.Runtime.CompilerServices.VisualC.dll,expression:MIT
EsilvaSoft.KapibaraStudio-0.11.0-win-x64.zip,mcp/EsilvaSoft.KapibaraStudio.McpServer.exe,System.Runtime.Extensions.dll,17704,3d7b517d4fd89ee58c53e0f642cc9be42e7a8669b51a85e861dafe118067cbfd,1,Microsoft.NETCore.App.Runtime.win-x64/10.0.12:runtimes/win-x64/lib/net10.0/System.Runtime.Extensions.dll,expression:MIT
EsilvaSoft.KapibaraStudio-0.11.0-win-x64.zip,mcp/EsilvaSoft.KapibaraStudio.McpServer.exe,System.Runtime.Handles.dll,15656,985457a3e6a67e96a445ee0fb69b2d58bcdadc4c964253fb63e2d5061a36b050,1,Microsoft.NETCore.App.Runtime.win-x64/10.0.12:runtimes/win-x64/lib/net10.0/System.Runtime.Handles.dll,expression:MIT
EsilvaSoft.KapibaraStudio-0.11.0-win-x64.zip,mcp/EsilvaSoft.KapibaraStudio.McpServer.exe,System.Runtime.InteropServices.JavaScript.dll,50984,5ba32bcde2d72362db2d6e02763ece79fa35bc878b50493e956ce594307e997f,1,Microsoft.NETCore.App.Runtime.win-x64/10.0.12:runtimes/win-x64/lib/net10.0/System.Runtime.InteropServices.JavaScript.dll,expression:MIT
EsilvaSoft.KapibaraStudio-0.11.0-win-x64.zip,mcp/EsilvaSoft.KapibaraStudio.McpServer.exe,System.Runtime.InteropServices.RuntimeInformation.dll,15656,c26d9f94329422bd000f28f6c65fdc162bf9397a6d29e418a189d4ca49c5c3ec,1,Microsoft.NETCore.App.Runtime.win-x64/10.0.12:runtimes/win-x64/lib/net10.0/System.Runtime.InteropServices.RuntimeInformation.dll,expression:MIT
EsilvaSoft.KapibaraStudio-0.11.0-win-x64.zip,mcp/EsilvaSoft.KapibaraStudio.McpServer.exe,System.Runtime.InteropServices.dll,112464,e5eb1679f3579c9141e2bb9dbdce62624a623f38d299805cc1de07bacd21841f,1,Microsoft.NETCore.App.Runtime.win-x64/10.0.12:runtimes/win-x64/lib/net10.0/System.Runtime.InteropServices.dll,expression:MIT
EsilvaSoft.KapibaraStudio-0.11.0-win-x64.zip,mcp/EsilvaSoft.KapibaraStudio.McpServer.exe,System.Runtime.Intrinsics.dll,17192,b07694ec91f3a200acf0f8b37c6ce5fcf05126a9198ae156d839fa5ca8439dc5,1,Microsoft.NETCore.App.Runtime.win-x64/10.0.12:runtimes/win-x64/lib/net10.0/System.Runtime.Intrinsics.dll,expression:MIT
EsilvaSoft.KapibaraStudio-0.11.0-win-x64.zip,mcp/EsilvaSoft.KapibaraStudio.McpServer.exe,System.Runtime.Loader.dll,15656,9b9b2a4f0358d9146e76178ddb87d019be380c78baa7dac853493d45df089f03,1,Microsoft.NETCore.App.Runtime.win-x64/10.0.12:runtimes/win-x64/lib/net10.0/System.Runtime.Loader.dll,expression:MIT
EsilvaSoft.KapibaraStudio-0.11.0-win-x64.zip,mcp/EsilvaSoft.KapibaraStudio.McpServer.exe,System.Runtime.Numerics.dll,354128,8ac94fb810c092a9297a903762e79a75ae07d7229d0721540c391f86d3d5d220,1,Microsoft.NETCore.App.Runtime.win-x64/10.0.12:runtimes/win-x64/lib/net10.0/System.Runtime.Numerics.dll,expression:MIT
EsilvaSoft.KapibaraStudio-0.11.0-win-x64.zip,mcp/EsilvaSoft.KapibaraStudio.McpServer.exe,System.Runtime.Serialization.Formatters.dll,124712,5e8e957c6b7a63132555ede5bcf5fe6a59934c83300e28074ec6e9845ecdd17f,1,Microsoft.NETCore.App.Runtime.win-x64/10.0.12:runtimes/win-x64/lib/net10.0/System.Runtime.Serialization.Formatters.dll,expression:MIT
EsilvaSoft.KapibaraStudio-0.11.0-win-x64.zip,mcp/EsilvaSoft.KapibaraStudio.McpServer.exe,System.Runtime.Serialization.Json.dll,15656,2fd71e3545dab4fc89b3fe54d13a1142f26a0cf187ebe375b3f7fa210fcb2596,1,Microsoft.NETCore.App.Runtime.win-x64/10.0.12:runtimes/win-x64/lib/net10.0/System.Runtime.Serialization.Json.dll,expression:MIT
EsilvaSoft.KapibaraStudio-0.11.0-win-x64.zip,mcp/EsilvaSoft.KapibaraStudio.McpServer.exe,System.Runtime.Serialization.Primitives.dll,38696,f96093940e64d8eead98c86de9773d3c9d12c2b033bc6b1312ac88398303fdf3,1,Microsoft.NETCore.App.Runtime.win-x64/10.0.12:runtimes/win-x64/lib/net10.0/System.Runtime.Serialization.Primitives.dll,expression:MIT
EsilvaSoft.KapibaraStudio-0.11.0-win-x64.zip,mcp/EsilvaSoft.KapibaraStudio.McpServer.exe,System.Runtime.Serialization.Xml.dll,16680,eedb66ea2cd1a26cc45a46d6631209ccbec959af82208872a93b3ae52f189222,1,Microsoft.NETCore.App.Runtime.win-x64/10.0.12:runtimes/win-x64/lib/net10.0/System.Runtime.Serialization.Xml.dll,expression:MIT
EsilvaSoft.KapibaraStudio-0.11.0-win-x64.zip,mcp/EsilvaSoft.KapibaraStudio.McpServer.exe,System.Runtime.Serialization.dll,17192,d565fc261ca98cbd14833821f777860291e8a0f775de7aee91778a9f6647f6f4,1,Microsoft.NETCore.App.Runtime.win-x64/10.0.12:runtimes/win-x64/lib/net10.0/System.Runtime.Serialization.dll,expression:MIT
EsilvaSoft.KapibaraStudio-0.11.0-win-x64.zip,mcp/EsilvaSoft.KapibaraStudio.McpServer.exe,System.Runtime.dll,44840,76be53624f64b23d0249dfa0bbe85390086de7c44bfd490642ea86c6faaf44af,1,Microsoft.NETCore.App.Runtime.win-x64/10.0.12:runtimes/win-x64/lib/net10.0/System.Runtime.dll,expression:MIT
EsilvaSoft.KapibaraStudio-0.11.0-win-x64.zip,mcp/EsilvaSoft.KapibaraStudio.McpServer.exe,System.Security.AccessControl.dll,227112,cdc304f9ddb32023adb8db8953e56711c9b64462e4341d0b62e87ccd19dc7b10,1,Microsoft.NETCore.App.Runtime.win-x64/10.0.12:runtimes/win-x64/lib/net10.0/System.Security.AccessControl.dll,expression:MIT
EsilvaSoft.KapibaraStudio-0.11.0-win-x64.zip,mcp/EsilvaSoft.KapibaraStudio.McpServer.exe,System.Security.Claims.dll,100176,c53c8a7e95d8296f951872fdd2e6334d11c20bffd4322f1a088773bf9dcaa3c2,1,Microsoft.NETCore.App.Runtime.win-x64/10.0.12:runtimes/win-x64/lib/net10.0/System.Security.Claims.dll,expression:MIT
EsilvaSoft.KapibaraStudio-0.11.0-win-x64.zip,mcp/EsilvaSoft.KapibaraStudio.McpServer.exe,System.Security.Cryptography.Algorithms.dll,17232,eb99ae7dbe058a1b015aba6769ce1f65155b7ff51ff9a7203fcf6d7cdea5fef7,1,Microsoft.NETCore.App.Runtime.win-x64/10.0.12:runtimes/win-x64/lib/net10.0/System.Security.Cryptography.Algorithms.dll,expression:MIT
EsilvaSoft.KapibaraStudio-0.11.0-win-x64.zip,mcp/EsilvaSoft.KapibaraStudio.McpServer.exe,System.Security.Cryptography.Cng.dll,16168,7319f97896d92a7d0729cf28dc6c4d1f797c1520b656ee01a780eec726ec2c16,1,Microsoft.NETCore.App.Runtime.win-x64/10.0.12:runtimes/win-x64/lib/net10.0/System.Security.Cryptography.Cng.dll,expression:MIT
EsilvaSoft.KapibaraStudio-0.11.0-win-x64.zip,mcp/EsilvaSoft.KapibaraStudio.McpServer.exe,System.Security.Cryptography.Csp.dll,16208,4002af141e9cb29875b677841adf64a9681e5672c2595492dcbc161460d4e121,1,Microsoft.NETCore.App.Runtime.win-x64/10.0.12:runtimes/win-x64/lib/net10.0/System.Security.Cryptography.Csp.dll,expression:MIT
EsilvaSoft.KapibaraStudio-0.11.0-win-x64.zip,mcp/EsilvaSoft.KapibaraStudio.McpServer.exe,System.Security.Cryptography.Encoding.dll,15656,994494aec7760f40fade2264aa7c13eebae36360f0b1399a7134bb19c9d58fda,1,Microsoft.NETCore.App.Runtime.win-x64/10.0.12:runtimes/win-x64/lib/net10.0/System.Security.Cryptography.Encoding.dll,expression:MIT
EsilvaSoft.KapibaraStudio-0.11.0-win-x64.zip,mcp/EsilvaSoft.KapibaraStudio.McpServer.exe,System.Security.Cryptography.OpenSsl.dll,15656,1a8902bbad1b577a98bec62a8472105dc1e9a253e390f69fbe3d167e93206968,1,Microsoft.NETCore.App.Runtime.win-x64/10.0.12:runtimes/win-x64/lib/net10.0/System.Security.Cryptography.OpenSsl.dll,expression:MIT
EsilvaSoft.KapibaraStudio-0.11.0-win-x64.zip,mcp/EsilvaSoft.KapibaraStudio.McpServer.exe,System.Security.Cryptography.Primitives.dll,15656,194cccea9354bb248e44c954b5373f9069163f8f21524b3ee4b3185fe436bc15,1,Microsoft.NETCore.App.Runtime.win-x64/10.0.12:runtimes/win-x64/lib/net10.0/System.Security.Cryptography.Primitives.dll,expression:MIT
EsilvaSoft.KapibaraStudio-0.11.0-win-x64.zip,mcp/EsilvaSoft.KapibaraStudio.McpServer.exe,System.Security.Cryptography.X509Certificates.dll,16680,7439c3b90bc2ee49a9275b28ed29052b4d48b45999ac1b7d25593033b1bb8dd6,1,Microsoft.NETCore.App.Runtime.win-x64/10.0.12:runtimes/win-x64/lib/net10.0/System.Security.Cryptography.X509Certificates.dll,expression:MIT
EsilvaSoft.KapibaraStudio-0.11.0-win-x64.zip,mcp/EsilvaSoft.KapibaraStudio.McpServer.exe,System.Security.Cryptography.dll,2549544,e0a839a540e47343b53a936b32d91599a3470005228d50fd0b896f8bbdcc65b0,1,Microsoft.NETCore.App.Runtime.win-x64/10.0.12:runtimes/win-x64/lib/net10.0/System.Security.Cryptography.dll,expression:MIT
EsilvaSoft.KapibaraStudio-0.11.0-win-x64.zip,mcp/EsilvaSoft.KapibaraStudio.McpServer.exe,System.Security.Principal.Windows.dll,178000,2311a3f92971de918943573dfb66e04e25c1d543663951eb24e8eb1a0dcd4251,1,Microsoft.NETCore.App.Runtime.win-x64/10.0.12:runtimes/win-x64/lib/net10.0/System.Security.Principal.Windows.dll,expression:MIT
EsilvaSoft.KapibaraStudio-0.11.0-win-x64.zip,mcp/EsilvaSoft.KapibaraStudio.McpServer.exe,System.Security.Principal.dll,15144,1d3e351058be3a33214b23b308fe57f78cd6fd4d8fad448fc84cbbe7376129f9,1,Microsoft.NETCore.App.Runtime.win-x64/10.0.12:runtimes/win-x64/lib/net10.0/System.Security.Principal.dll,expression:MIT
EsilvaSoft.KapibaraStudio-0.11.0-win-x64.zip,mcp/EsilvaSoft.KapibaraStudio.McpServer.exe,System.Security.SecureString.dll,15696,73aac97072b7deefa4de9647bf822162224f1452ad467841b989ff89d4d94595,1,Microsoft.NETCore.App.Runtime.win-x64/10.0.12:runtimes/win-x64/lib/net10.0/System.Security.SecureString.dll,expression:MIT
EsilvaSoft.KapibaraStudio-0.11.0-win-x64.zip,mcp/EsilvaSoft.KapibaraStudio.McpServer.exe,System.Security.dll,18256,d8efd304765e859369698efef9b3ca707defa8e142721fe5605d7a2de7d38375,1,Microsoft.NETCore.App.Runtime.win-x64/10.0.12:runtimes/win-x64/lib/net10.0/System.Security.dll,expression:MIT
EsilvaSoft.KapibaraStudio-0.11.0-win-x64.zip,mcp/EsilvaSoft.KapibaraStudio.McpServer.exe,System.ServiceModel.Web.dll,16680,ce91013ee3a9a9d69a85e258f7749e6ece488295d7cb66f7c1079f2e8678fc5e,1,Microsoft.NETCore.App.Runtime.win-x64/10.0.12:runtimes/win-x64/lib/net10.0/System.ServiceModel.Web.dll,expression:MIT
EsilvaSoft.KapibaraStudio-0.11.0-win-x64.zip,mcp/EsilvaSoft.KapibaraStudio.McpServer.exe,System.ServiceProcess.dll,15696,63fc498c9d04e3c4345dfdb8016ad0639d54562dd7d8c707c072792c854df944,1,Microsoft.NETCore.App.Runtime.win-x64/10.0.12:runtimes/win-x64/lib/net10.0/System.ServiceProcess.dll,expression:MIT
EsilvaSoft.KapibaraStudio-0.11.0-win-x64.zip,mcp/EsilvaSoft.KapibaraStudio.McpServer.exe,System.Text.Encoding.CodePages.dll,862032,226e216e33c94ef7594bdffe670ba4dc5907151c113cb41ac9e9d570227e1765,1,Microsoft.NETCore.App.Runtime.win-x64/10.0.12:runtimes/win-x64/lib/net10.0/System.Text.Encoding.CodePages.dll,expression:MIT
EsilvaSoft.KapibaraStudio-0.11.0-win-x64.zip,mcp/EsilvaSoft.KapibaraStudio.McpServer.exe,System.Text.Encoding.Extensions.dll,15656,8f51b9535db64fe027a40d6076200b1a6b0889bf05f62bb8e68c3eb083c7f113,1,Microsoft.NETCore.App.Runtime.win-x64/10.0.12:runtimes/win-x64/lib/net10.0/System.Text.Encoding.Extensions.dll,expression:MIT
EsilvaSoft.KapibaraStudio-0.11.0-win-x64.zip,mcp/EsilvaSoft.KapibaraStudio.McpServer.exe,System.Text.Encoding.dll,15696,5e347db6b4f9b2746d50e1ac85be2d9cc7dc4038fde98ac4295bc7030c83cda9,1,Microsoft.NETCore.App.Runtime.win-x64/10.0.12:runtimes/win-x64/lib/net10.0/System.Text.Encoding.dll,expression:MIT
EsilvaSoft.KapibaraStudio-0.11.0-win-x64.zip,mcp/EsilvaSoft.KapibaraStudio.McpServer.exe,System.Text.Encodings.Web.dll,124752,d20431f20d992e71a4e82e5f25c822474e2f4097d8527972d3d78ea1f26e47c3,1,Microsoft.NETCore.App.Runtime.win-x64/10.0.12:runtimes/win-x64/lib/net10.0/System.Text.Encodings.Web.dll,expression:MIT
EsilvaSoft.KapibaraStudio-0.11.0-win-x64.zip,mcp/EsilvaSoft.KapibaraStudio.McpServer.exe,System.Text.Json.dll,1890128,fa99f413be21ed5f484a09093fe5f0beba7de3062cf9cc9f847dbf8108dba55a,1,Microsoft.NETCore.App.Runtime.win-x64/10.0.12:runtimes/win-x64/lib/net10.0/System.Text.Json.dll,expression:MIT
EsilvaSoft.KapibaraStudio-0.11.0-win-x64.zip,mcp/EsilvaSoft.KapibaraStudio.McpServer.exe,System.Text.RegularExpressions.dll,1034064,060bcc88a688e687ff1404b83b5fb5cf17e19ec57f33d5b8a48ab494da83c134,1,Microsoft.NETCore.App.Runtime.win-x64/10.0.12:runtimes/win-x64/lib/net10.0/System.Text.RegularExpressions.dll,expression:MIT
EsilvaSoft.KapibaraStudio-0.11.0-win-x64.zip,mcp/EsilvaSoft.KapibaraStudio.McpServer.exe,System.Threading.AccessControl.dll,75560,66d618b5522b3e4f7a3c7f2bd872fc378fa6f9bbdca3636854eb1a8cb948e631,1,Microsoft.NETCore.App.Runtime.win-x64/10.0.12:runtimes/win-x64/lib/net10.0/System.Threading.AccessControl.dll,expression:MIT
EsilvaSoft.KapibaraStudio-0.11.0-win-x64.zip,mcp/EsilvaSoft.KapibaraStudio.McpServer.exe,System.Threading.Channels.dll,157480,afc5deb3c32b3f64bced2025d0b01b316d41b691ebc6ccb1a2ec445ad4c15e39,1,Microsoft.NETCore.App.Runtime.win-x64/10.0.12:runtimes/win-x64/lib/net10.0/System.Threading.Channels.dll,expression:MIT
EsilvaSoft.KapibaraStudio-0.11.0-win-x64.zip,mcp/EsilvaSoft.KapibaraStudio.McpServer.exe,System.Threading.Overlapped.dll,15696,89fde15f8e520c4bcbc6cbfdceba2baed8670cdf52399a4cd7a21c6efb276c1a,1,Microsoft.NETCore.App.Runtime.win-x64/10.0.12:runtimes/win-x64/lib/net10.0/System.Threading.Overlapped.dll,expression:MIT
EsilvaSoft.KapibaraStudio-0.11.0-win-x64.zip,mcp/EsilvaSoft.KapibaraStudio.McpServer.exe,System.Threading.Tasks.Dataflow.dll,472872,a895b0c73d3a1afc4d89c1d9e445ed447af12864c25aad2c4cb7398ff50aa934,1,Microsoft.NETCore.App.Runtime.win-x64/10.0.12:runtimes/win-x64/lib/net10.0/System.Threading.Tasks.Dataflow.dll,expression:MIT
EsilvaSoft.KapibaraStudio-0.11.0-win-x64.zip,mcp/EsilvaSoft.KapibaraStudio.McpServer.exe,System.Threading.Tasks.Extensions.dll,15696,f148e3a1414b7c2763ae21529ad79ad759f7cfd3c885256b64b0d2209dec2613,1,Microsoft.NETCore.App.Runtime.win-x64/10.0.12:runtimes/win-x64/lib/net10.0/System.Threading.Tasks.Extensions.dll,expression:MIT
EsilvaSoft.KapibaraStudio-0.11.0-win-x64.zip,mcp/EsilvaSoft.KapibaraStudio.McpServer.exe,System.Threading.Tasks.Parallel.dll,132904,6fa359bdbebb56be96339f244ed41658afcead5e010074da470df1115d1e7699,1,Microsoft.NETCore.App.Runtime.win-x64/10.0.12:runtimes/win-x64/lib/net10.0/System.Threading.Tasks.Parallel.dll,expression:MIT
EsilvaSoft.KapibaraStudio-0.11.0-win-x64.zip,mcp/EsilvaSoft.KapibaraStudio.McpServer.exe,System.Threading.Tasks.dll,16680,f80b21f7dae04377b73945456cabe25e2ab1f4b564095aed546c2aa571644567,1,Microsoft.NETCore.App.Runtime.win-x64/10.0.12:runtimes/win-x64/lib/net10.0/System.Threading.Tasks.dll,expression:MIT
EsilvaSoft.KapibaraStudio-0.11.0-win-x64.zip,mcp/EsilvaSoft.KapibaraStudio.McpServer.exe,System.Threading.Thread.dll,15696,ce71949bb1ea67b686e799128582015ebf8758f1107e59e43f342ece3f662930,1,Microsoft.NETCore.App.Runtime.win-x64/10.0.12:runtimes/win-x64/lib/net10.0/System.Threading.Thread.dll,expression:MIT
EsilvaSoft.KapibaraStudio-0.11.0-win-x64.zip,mcp/EsilvaSoft.KapibaraStudio.McpServer.exe,System.Threading.ThreadPool.dll,15656,58fbc6c4b9c72087152fd0f0670a527098c00b0c19ba8d0979d3ca5ce07c6936,1,Microsoft.NETCore.App.Runtime.win-x64/10.0.12:runtimes/win-x64/lib/net10.0/System.Threading.ThreadPool.dll,expression:MIT
EsilvaSoft.KapibaraStudio-0.11.0-win-x64.zip,mcp/EsilvaSoft.KapibaraStudio.McpServer.exe,System.Threading.Timer.dll,15144,9e4620846572f49aeb476aa99405071b4bbd0df4323e4e232787ed73642b1ee5,1,Microsoft.NETCore.App.Runtime.win-x64/10.0.12:runtimes/win-x64/lib/net10.0/System.Threading.Timer.dll,expression:MIT
EsilvaSoft.KapibaraStudio-0.11.0-win-x64.zip,mcp/EsilvaSoft.KapibaraStudio.McpServer.exe,System.Threading.dll,83792,6c32ed1bf8067e4169e8feddd15e6489b89d19d1c7aae1520a551b57745d0a60,1,Microsoft.NETCore.App.Runtime.win-x64/10.0.12:runtimes/win-x64/lib/net10.0/System.Threading.dll,expression:MIT
EsilvaSoft.KapibaraStudio-0.11.0-win-x64.zip,mcp/EsilvaSoft.KapibaraStudio.McpServer.exe,System.Transactions.Local.dll,640808,8d0283a311a16333ffb6f966d9765e4d8b866777ad99291a93b30db349a15bc4,1,Microsoft.NETCore.App.Runtime.win-x64/10.0.12:runtimes/win-x64/lib/net10.0/System.Transactions.Local.dll,expression:MIT
EsilvaSoft.KapibaraStudio-0.11.0-win-x64.zip,mcp/EsilvaSoft.KapibaraStudio.McpServer.exe,System.Transactions.dll,16720,56abfca0350c111d077b3d86a2469ea3da4fccc1871f7c51a8b4fdb664bb0ede,1,Microsoft.NETCore.App.Runtime.win-x64/10.0.12:runtimes/win-x64/lib/net10.0/System.Transactions.dll,expression:MIT
EsilvaSoft.KapibaraStudio-0.11.0-win-x64.zip,mcp/EsilvaSoft.KapibaraStudio.McpServer.exe,System.ValueTuple.dll,15696,07a5347f6a597e5e0d72109efa1a525697e8c3f74fb0029005500f8ebbf9187a,1,Microsoft.NETCore.App.Runtime.win-x64/10.0.12:runtimes/win-x64/lib/net10.0/System.ValueTuple.dll,expression:MIT
EsilvaSoft.KapibaraStudio-0.11.0-win-x64.zip,mcp/EsilvaSoft.KapibaraStudio.McpServer.exe,System.Web.HttpUtility.dll,63272,2cedef51b0a2c2b84240583339ecf2422c650e3388aa46f3494160b93b673887,1,Microsoft.NETCore.App.Runtime.win-x64/10.0.12:runtimes/win-x64/lib/net10.0/System.Web.HttpUtility.dll,expression:MIT
EsilvaSoft.KapibaraStudio-0.11.0-win-x64.zip,mcp/EsilvaSoft.KapibaraStudio.McpServer.exe,System.Web.dll,15144,bc260b3db247ad9a6e4a82a275da85c3691a41272cc745cb7eaefcf1f31cc817,1,Microsoft.NETCore.App.Runtime.win-x64/10.0.12:runtimes/win-x64/lib/net10.0/System.Web.dll,expression:MIT
EsilvaSoft.KapibaraStudio-0.11.0-win-x64.zip,mcp/EsilvaSoft.KapibaraStudio.McpServer.exe,System.Windows.dll,15696,716eee98ceee87d38f0b301224462f8442aa793f4b1b9c3ffac315753320ab37,1,Microsoft.NETCore.App.Runtime.win-x64/10.0.12:runtimes/win-x64/lib/net10.0/System.Windows.dll,expression:MIT
EsilvaSoft.KapibaraStudio-0.11.0-win-x64.zip,mcp/EsilvaSoft.KapibaraStudio.McpServer.exe,System.Xml.Linq.dll,15696,ae04903b25717fa4695e7e63489091f0d461e791e0bd264c6c85250d668f540d,1,Microsoft.NETCore.App.Runtime.win-x64/10.0.12:runtimes/win-x64/lib/net10.0/System.Xml.Linq.dll,expression:MIT
EsilvaSoft.KapibaraStudio-0.11.0-win-x64.zip,mcp/EsilvaSoft.KapibaraStudio.McpServer.exe,System.Xml.ReaderWriter.dll,21840,8e48fed4d12bcffff01e8059caafb564697275797d2f5ec6823fdd82b87fe938,1,Microsoft.NETCore.App.Runtime.win-x64/10.0.12:runtimes/win-x64/lib/net10.0/System.Xml.ReaderWriter.dll,expression:MIT
EsilvaSoft.KapibaraStudio-0.11.0-win-x64.zip,mcp/EsilvaSoft.KapibaraStudio.McpServer.exe,System.Xml.Serialization.dll,16208,489694401c60905cb6dca8ef0bf738cb609cd45b337126a01c825b913086ba43,1,Microsoft.NETCore.App.Runtime.win-x64/10.0.12:runtimes/win-x64/lib/net10.0/System.Xml.Serialization.dll,expression:MIT
EsilvaSoft.KapibaraStudio-0.11.0-win-x64.zip,mcp/EsilvaSoft.KapibaraStudio.McpServer.exe,System.Xml.XDocument.dll,15696,3ff858607de5146051498a7124ef983bea280d86e165f993516c6c26af81cfb5,1,Microsoft.NETCore.App.Runtime.win-x64/10.0.12:runtimes/win-x64/lib/net10.0/System.Xml.XDocument.dll,expression:MIT
EsilvaSoft.KapibaraStudio-0.11.0-win-x64.zip,mcp/EsilvaSoft.KapibaraStudio.McpServer.exe,System.Xml.XPath.XDocument.dll,30504,5bcd27a7e93515b745993f6dda51391033883cb8a1a8a2e3dad5caed3548f0da,1,Microsoft.NETCore.App.Runtime.win-x64/10.0.12:runtimes/win-x64/lib/net10.0/System.Xml.XPath.XDocument.dll,expression:MIT
EsilvaSoft.KapibaraStudio-0.11.0-win-x64.zip,mcp/EsilvaSoft.KapibaraStudio.McpServer.exe,System.Xml.XPath.dll,15656,c817b11c58d95fa942fbc62a4cfa8219e16dafa5641eb004cb2be424028ed5d8,1,Microsoft.NETCore.App.Runtime.win-x64/10.0.12:runtimes/win-x64/lib/net10.0/System.Xml.XPath.dll,expression:MIT
EsilvaSoft.KapibaraStudio-0.11.0-win-x64.zip,mcp/EsilvaSoft.KapibaraStudio.McpServer.exe,System.Xml.XmlDocument.dll,15656,a50b9b3a03596e36e73e7a7d54f4d018e8dcfaa7fe79e8cf900af8838ef3ec36,1,Microsoft.NETCore.App.Runtime.win-x64/10.0.12:runtimes/win-x64/lib/net10.0/System.Xml.XmlDocument.dll,expression:MIT
EsilvaSoft.KapibaraStudio-0.11.0-win-x64.zip,mcp/EsilvaSoft.KapibaraStudio.McpServer.exe,System.Xml.XmlSerializer.dll,17744,0b7d057c2b5b2272e8d4096a755edfd96f3cf03ab9aaa3fef54b462bf48d517e,1,Microsoft.NETCore.App.Runtime.win-x64/10.0.12:runtimes/win-x64/lib/net10.0/System.Xml.XmlSerializer.dll,expression:MIT
EsilvaSoft.KapibaraStudio-0.11.0-win-x64.zip,mcp/EsilvaSoft.KapibaraStudio.McpServer.exe,System.Xml.dll,23376,277a84ba155fe7808a514f32694a8157ec9f0eeeef00ef9643e5250004054ff0,1,Microsoft.NETCore.App.Runtime.win-x64/10.0.12:runtimes/win-x64/lib/net10.0/System.Xml.dll,expression:MIT
EsilvaSoft.KapibaraStudio-0.11.0-win-x64.zip,mcp/EsilvaSoft.KapibaraStudio.McpServer.exe,System.dll,50472,ef135f0bda0c41e142fdbd67b93e5aa7911916cb250f7df302f4151a3bbfa380,1,Microsoft.NETCore.App.Runtime.win-x64/10.0.12:runtimes/win-x64/lib/net10.0/System.dll,expression:MIT
EsilvaSoft.KapibaraStudio-0.11.0-win-x64.zip,mcp/EsilvaSoft.KapibaraStudio.McpServer.exe,WindowsBase.dll,16208,0ec46a38f29a234b9a4d0ae9364c8322f661a47c831c5b948f2787b7ca12dbbd,1,Microsoft.NETCore.App.Runtime.win-x64/10.0.12:runtimes/win-x64/lib/net10.0/WindowsBase.dll,expression:MIT
EsilvaSoft.KapibaraStudio-0.11.0-win-x64.zip,mcp/EsilvaSoft.KapibaraStudio.McpServer.exe,mscorlib.dll,59728,b698595367a7d4fa57ccacab73751fde0bb8f2415345c62cdfe7ced890da2c0c,1,Microsoft.NETCore.App.Runtime.win-x64/10.0.12:runtimes/win-x64/lib/net10.0/mscorlib.dll,expression:MIT
EsilvaSoft.KapibaraStudio-0.11.0-win-x64.zip,mcp/EsilvaSoft.KapibaraStudio.McpServer.exe,netstandard.dll,100648,3dc81dbc9dacd28261632c94410859eda24c2db50cd6c14309cbb2a434b50c57,1,Microsoft.NETCore.App.Runtime.win-x64/10.0.12:runtimes/win-x64/lib/net10.0/netstandard.dll,expression:MIT
EsilvaSoft.KapibaraStudio-0.11.0-win-x64.zip,mcp/EsilvaSoft.KapibaraStudio.McpServer.exe,Microsoft.Extensions.AI.Abstractions.dll,672056,bcc8f693103eb00505179f154b1b3a996b85d067e112facd724fd9d695f17a5e,1,Microsoft.Extensions.AI.Abstractions/10.8.3:lib/net10.0/Microsoft.Extensions.AI.Abstractions.dll,expression:MIT
EsilvaSoft.KapibaraStudio-0.11.0-win-x64.zip,mcp/EsilvaSoft.KapibaraStudio.McpServer.exe,Microsoft.Extensions.DependencyInjection.Abstractions.dll,65832,592c33e4bc20e041d6125b79a4311293540f30332495429241c3d7c7286c8e16,1,Microsoft.Extensions.DependencyInjection.Abstractions/10.0.10:lib/net10.0/Microsoft.Extensions.DependencyInjection.Abstractions.dll,expression:MIT
EsilvaSoft.KapibaraStudio-0.11.0-win-x64.zip,mcp/EsilvaSoft.KapibaraStudio.McpServer.exe,Microsoft.Extensions.Logging.Abstractions.dll,66896,46826fd3b68bd23028b274ff73ecc161088b53e41b4a7436e759de4d78143a43,1,Microsoft.Extensions.Logging.Abstractions/10.0.10:lib/net10.0/Microsoft.Extensions.Logging.Abstractions.dll,expression:MIT
EsilvaSoft.KapibaraStudio-0.11.0-win-x64.zip,mcp/EsilvaSoft.KapibaraStudio.McpServer.exe,ModelContextProtocol.Core.dll,1296896,b1752096ea9d2f38ba88e467f04aea43fb300d9a54d881c165f62b69028ee3ab,1,ModelContextProtocol.Core/2.2.0:lib/net10.0/ModelContextProtocol.Core.dll,expression:Apache-2.0
EsilvaSoft.KapibaraStudio-0.11.0-win-x64.zip,mcp/EsilvaSoft.KapibaraStudio.McpServer.exe,EsilvaSoft.KapibaraStudio.Application.dll,1057280,878a5e2ade4960c29c37ed41be6048511c056d1a404de8dc139376ceebbcf6a8,1,project:EsilvaSoft.KapibaraStudio (MIT),MIT (projeto)
EsilvaSoft.KapibaraStudio-0.11.0-win-x64.zip,mcp/EsilvaSoft.KapibaraStudio.McpServer.exe,EsilvaSoft.KapibaraStudio.Autocomplete.Core.dll,397312,781ab6036b4a38647b9e9dc8823b4a12268643fe62295a4d104e8a274f5db169,1,project:EsilvaSoft.KapibaraStudio (MIT),MIT (projeto)
EsilvaSoft.KapibaraStudio-0.11.0-win-x64.zip,mcp/EsilvaSoft.KapibaraStudio.McpServer.exe,EsilvaSoft.KapibaraStudio.Core.dll,439296,7e39add342fd66a5e20011a0a2b4f716cb4e6f2fcfe87253f3e709e17366c677,1,project:EsilvaSoft.KapibaraStudio (MIT),MIT (projeto)
EsilvaSoft.KapibaraStudio-0.11.0-win-x64.zip,mcp/EsilvaSoft.KapibaraStudio.McpServer.exe,EsilvaSoft.KapibaraStudio.LocalAi.Core.dll,80896,8f0464cd5f575aa032eb25f782eafdb4a868691344acb9de663fe1b9ef0f6eab,1,project:EsilvaSoft.KapibaraStudio (MIT),MIT (projeto)
EsilvaSoft.KapibaraStudio-0.11.0-win-x64.zip,mcp/EsilvaSoft.KapibaraStudio.McpServer.exe,EsilvaSoft.KapibaraStudio.McpServer.deps.json,31844,991d620836930fe935b5088ed80c887edd1024294bdb31a0fd59f0389dd71a37,3,project:EsilvaSoft.KapibaraStudio (MIT),MIT (projeto)
EsilvaSoft.KapibaraStudio-0.11.0-win-x64.zip,ZIP,runtimes/win-x64/native/OneAuthInterop.dll.stamp.json,117,ee489daabeeda0bbc23f0e02592068deb3d3a3c6eed3a22825891ca86aae3d72,external,cache:win32-x64:prebuilds/win32-x64/OneAuthInterop.dll.stamp.json,GitHub Copilot CLI License 1.0.85; avisos de componentes adicionais; Microsoft Software License Terms (OneAuthInterop)
EsilvaSoft.KapibaraStudio-0.11.0-win-x64.zip,ZIP,runtimes/win-x64/native/OneAuthInterop.LICENSE.txt,13142,0fe665c2ada5962fd01190ab5b2947b9a9d2c625a9f8225577441eb3256e14e3,external,cache:win32-x64:prebuilds/win32-x64/OneAuthInterop.LICENSE.txt; cache:win32-arm64:prebuilds/win32-arm64/OneAuthInterop.LICENSE.txt,GitHub Copilot CLI License 1.0.85; avisos de componentes adicionais; Microsoft Software License Terms (OneAuthInterop)
EsilvaSoft.KapibaraStudio-0.11.0-win-x64.zip,ZIP,runtimes/win-x64/native/animations/app-install-nudge.json.gz,9900,8a4165e6e95f127fe3123e647580c31def2d52b7824f2c4e48b505339132543e,external,cache:win32-x64:animations/app-install-nudge.json.gz; cache:win32-arm64:animations/app-install-nudge.json.gz,GitHub Copilot CLI License 1.0.85; avisos de componentes adicionais
EsilvaSoft.KapibaraStudio-0.11.0-win-x64.zip,ZIP,runtimes/win-x64/native/animations/banner.json.gz,4887,cc6dcef840f5f63c9683e84bd55478e6fd2a22130bf1be6f53dece870e996446,external,cache:win32-x64:animations/banner.json.gz; cache:win32-arm64:animations/banner.json.gz,GitHub Copilot CLI License 1.0.85; avisos de componentes adicionais
EsilvaSoft.KapibaraStudio-0.11.0-win-x64.zip,ZIP,runtimes/win-x64/native/builtin/customize-cloud-agent/SKILL.md,18679,6acee791cd48a31eb881431c0f1394d3c79d33d62f0d58b2d9b699e4a275ea93,external,cache:win32-x64:builtin/customize-cloud-agent/SKILL.md; cache:win32-x64:builtin-skills/customize-cloud-agent/SKILL.md; cache:win32-arm64:builtin/customize-cloud-agent/SKILL.md; cache:win32-arm64:builtin-skills/customize-cloud-agent/SKILL.md,GitHub Copilot CLI License 1.0.85; avisos de componentes adicionais
EsilvaSoft.KapibaraStudio-0.11.0-win-x64.zip,ZIP,runtimes/win-x64/native/builtin/discover-resources/SKILL.md,3199,cb46b4ff8a6e2774fdccc5d78477e92a2096c367ed7e71f81f385d9eec174d2b,external,cache:win32-x64:builtin/discover-resources/SKILL.md; cache:win32-x64:builtin-skills/discover-resources/SKILL.md; cache:win32-arm64:builtin/discover-resources/SKILL.md; cache:win32-arm64:builtin-skills/discover-resources/SKILL.md,GitHub Copilot CLI License 1.0.85; avisos de componentes adicionais
EsilvaSoft.KapibaraStudio-0.11.0-win-x64.zip,ZIP,runtimes/win-x64/native/builtin/github-pr-media/SKILL.md,4938,eba36e66d053b3db19e8f51cfb7d28186ef2baf90159f51bf2333747b150070b,external,cache:win32-x64:builtin/github-pr-media/SKILL.md; cache:win32-x64:builtin-skills/github-pr-media/SKILL.md; cache:win32-arm64:builtin/github-pr-media/SKILL.md; cache:win32-arm64:builtin-skills/github-pr-media/SKILL.md,GitHub Copilot CLI License 1.0.85; avisos de componentes adicionais
EsilvaSoft.KapibaraStudio-0.11.0-win-x64.zip,ZIP,runtimes/win-x64/native/builtin-skills/customize-cloud-agent/SKILL.md,18679,6acee791cd48a31eb881431c0f1394d3c79d33d62f0d58b2d9b699e4a275ea93,external,cache:win32-x64:builtin/customize-cloud-agent/SKILL.md; cache:win32-x64:builtin-skills/customize-cloud-agent/SKILL.md; cache:win32-arm64:builtin/customize-cloud-agent/SKILL.md; cache:win32-arm64:builtin-skills/customize-cloud-agent/SKILL.md,GitHub Copilot CLI License 1.0.85; avisos de componentes adicionais
EsilvaSoft.KapibaraStudio-0.11.0-win-x64.zip,ZIP,runtimes/win-x64/native/builtin-skills/discover-resources/SKILL.md,3199,cb46b4ff8a6e2774fdccc5d78477e92a2096c367ed7e71f81f385d9eec174d2b,external,cache:win32-x64:builtin/discover-resources/SKILL.md; cache:win32-x64:builtin-skills/discover-resources/SKILL.md; cache:win32-arm64:builtin/discover-resources/SKILL.md; cache:win32-arm64:builtin-skills/discover-resources/SKILL.md,GitHub Copilot CLI License 1.0.85; avisos de componentes adicionais
EsilvaSoft.KapibaraStudio-0.11.0-win-x64.zip,ZIP,runtimes/win-x64/native/builtin-skills/github-pr-media/SKILL.md,4938,eba36e66d053b3db19e8f51cfb7d28186ef2baf90159f51bf2333747b150070b,external,cache:win32-x64:builtin/github-pr-media/SKILL.md; cache:win32-x64:builtin-skills/github-pr-media/SKILL.md; cache:win32-arm64:builtin/github-pr-media/SKILL.md; cache:win32-arm64:builtin-skills/github-pr-media/SKILL.md,GitHub Copilot CLI License 1.0.85; avisos de componentes adicionais
EsilvaSoft.KapibaraStudio-0.11.0-win-x64.zip,ZIP,runtimes/win-x64/native/copilot-sdk/canvas.d.ts,5858,2f5c82d47a8a1abd27466f9dc093106a59d83f685d4f6c29367e2ce25f44b700,external,cache:win32-x64:copilot-sdk/canvas.d.ts; cache:win32-arm64:copilot-sdk/canvas.d.ts,GitHub Copilot CLI License 1.0.85; avisos de componentes adicionais
EsilvaSoft.KapibaraStudio-0.11.0-win-x64.zip,ZIP,runtimes/win-x64/native/copilot-sdk/client.d.ts,18301,734625086b3ef39b53c494c922b069a84eca64b7181509b42a7762cac35f9d68,external,cache:win32-x64:copilot-sdk/client.d.ts; cache:win32-arm64:copilot-sdk/client.d.ts,GitHub Copilot CLI License 1.0.85; avisos de componentes adicionais
EsilvaSoft.KapibaraStudio-0.11.0-win-x64.zip,ZIP,runtimes/win-x64/native/copilot-sdk/cliVersion.d.ts,113,560db20a242a671969bc05d32121b5c5bb3b0d88b0ba6384f6222d9bbb91fd7f,external,cache:win32-x64:copilot-sdk/cliVersion.d.ts; cache:win32-arm64:copilot-sdk/cliVersion.d.ts,GitHub Copilot CLI License 1.0.85; avisos de componentes adicionais
EsilvaSoft.KapibaraStudio-0.11.0-win-x64.zip,ZIP,runtimes/win-x64/native/copilot-sdk/copilotRequestHandler.d.ts,3443,730762ae75ad87be8cbef0080a2f5150919f0a9c53e52b6aaaa3f366f2c17d79,external,cache:win32-x64:copilot-sdk/copilotRequestHandler.d.ts; cache:win32-arm64:copilot-sdk/copilotRequestHandler.d.ts,GitHub Copilot CLI License 1.0.85; avisos de componentes adicionais
EsilvaSoft.KapibaraStudio-0.11.0-win-x64.zip,ZIP,runtimes/win-x64/native/copilot-sdk/extension.d.ts,3303,a83bc2d74059e6d56331671a33e0d0b6fc12563384e0dd6d279a6ebe45582384,external,cache:win32-x64:copilot-sdk/extension.d.ts; cache:win32-arm64:copilot-sdk/extension.d.ts,GitHub Copilot CLI License 1.0.85; avisos de componentes adicionais
EsilvaSoft.KapibaraStudio-0.11.0-win-x64.zip,ZIP,runtimes/win-x64/native/copilot-sdk/extension.js,494981,cfb092cd6a7686833d02b832bdb47b13b8e325bfa864acb9ca692eb6d3443032,external,cache:win32-x64:copilot-sdk/extension.js; cache:win32-arm64:copilot-sdk/extension.js,GitHub Copilot CLI License 1.0.85; avisos de componentes adicionais
EsilvaSoft.KapibaraStudio-0.11.0-win-x64.zip,ZIP,runtimes/win-x64/native/copilot-sdk/factory.d.ts,15089,1d23bbb4ebc8c1307182bd41b7f41f77ae83056cbf1579c072b976935c2afdf8,external,cache:win32-x64:copilot-sdk/factory.d.ts; cache:win32-arm64:copilot-sdk/factory.d.ts,GitHub Copilot CLI License 1.0.85; avisos de componentes adicionais
EsilvaSoft.KapibaraStudio-0.11.0-win-x64.zip,ZIP,runtimes/win-x64/native/copilot-sdk/ffiRuntimeHost.d.ts,1720,519ac132a1d43f7f661d30cd1c3896d367a22639cbef526dfabe62f773bd4df7,external,cache:win32-x64:copilot-sdk/ffiRuntimeHost.d.ts; cache:win32-arm64:copilot-sdk/ffiRuntimeHost.d.ts,GitHub Copilot CLI License 1.0.85; avisos de componentes adicionais
EsilvaSoft.KapibaraStudio-0.11.0-win-x64.zip,ZIP,runtimes/win-x64/native/copilot-sdk/index.d.ts,4685,a0c0eb9395e0abfba8b49ce5304cd44a7960586f7cb2529676392feab877f26c,external,cache:win32-x64:copilot-sdk/index.d.ts; cache:win32-arm64:copilot-sdk/index.d.ts,GitHub Copilot CLI License 1.0.85; avisos de componentes adicionais
EsilvaSoft.KapibaraStudio-0.11.0-win-x64.zip,ZIP,runtimes/win-x64/native/copilot-sdk/index.js,500179,f8594ddbd0ad841395bd1fb0f02195094708aaef77bdaf767ddb617e19470571,external,cache:win32-x64:copilot-sdk/index.js; cache:win32-arm64:copilot-sdk/index.js,GitHub Copilot CLI License 1.0.85; avisos de componentes adicionais
EsilvaSoft.KapibaraStudio-0.11.0-win-x64.zip,ZIP,runtimes/win-x64/native/copilot-sdk/runtimeArtifacts.d.ts,1248,1d78a2fd37b65e793e553db9a8323a6727b77e7ffbd6b61c462e778794dd76e2,external,cache:win32-x64:copilot-sdk/runtimeArtifacts.d.ts; cache:win32-arm64:copilot-sdk/runtimeArtifacts.d.ts,GitHub Copilot CLI License 1.0.85; avisos de componentes adicionais
EsilvaSoft.KapibaraStudio-0.11.0-win-x64.zip,ZIP,runtimes/win-x64/native/copilot-sdk/sdkProtocolVersion.d.ts,300,344a1c9669d1617346e2bb71d24081797b69b6cfd37c17b04b2aebf8e7a87260,external,cache:win32-x64:copilot-sdk/sdkProtocolVersion.d.ts; cache:win32-arm64:copilot-sdk/sdkProtocolVersion.d.ts,GitHub Copilot CLI License 1.0.85; avisos de componentes adicionais
EsilvaSoft.KapibaraStudio-0.11.0-win-x64.zip,ZIP,runtimes/win-x64/native/copilot-sdk/session.d.ts,15291,12ff3bcce06347e7d8810fa05a6b056c728281173723def01805a498c691fcf4,external,cache:win32-x64:copilot-sdk/session.d.ts; cache:win32-arm64:copilot-sdk/session.d.ts,GitHub Copilot CLI License 1.0.85; avisos de componentes adicionais
EsilvaSoft.KapibaraStudio-0.11.0-win-x64.zip,ZIP,runtimes/win-x64/native/copilot-sdk/sessionFsProvider.d.ts,5545,6aa732885a832f7117a5d85853eb05b26052bc446a278c17b9463b7bdb06094d,external,cache:win32-x64:copilot-sdk/sessionFsProvider.d.ts; cache:win32-arm64:copilot-sdk/sessionFsProvider.d.ts,GitHub Copilot CLI License 1.0.85; avisos de componentes adicionais
EsilvaSoft.KapibaraStudio-0.11.0-win-x64.zip,ZIP,runtimes/win-x64/native/copilot-sdk/telemetry.d.ts,528,0721ce90ecd3a15eeb86d7787ca62236b1b545b0e93139ed5ef4419b16544722,external,cache:win32-x64:copilot-sdk/telemetry.d.ts; cache:win32-arm64:copilot-sdk/telemetry.d.ts,GitHub Copilot CLI License 1.0.85; avisos de componentes adicionais
EsilvaSoft.KapibaraStudio-0.11.0-win-x64.zip,ZIP,runtimes/win-x64/native/copilot-sdk/toolSet.d.ts,2725,41e53ae25809c90fd1a78f493cb912c6a9194c6e0a02e3e32545971c41a1cb56,external,cache:win32-x64:copilot-sdk/toolSet.d.ts; cache:win32-arm64:copilot-sdk/toolSet.d.ts,GitHub Copilot CLI License 1.0.85; avisos de componentes adicionais
EsilvaSoft.KapibaraStudio-0.11.0-win-x64.zip,ZIP,runtimes/win-x64/native/copilot-sdk/types.d.ts,118473,2911ecb4aac830b7c129f2accf01086ae47a5250700dc050e95dfa33def862c4,external,cache:win32-x64:copilot-sdk/types.d.ts; cache:win32-arm64:copilot-sdk/types.d.ts,GitHub Copilot CLI License 1.0.85; avisos de componentes adicionais
EsilvaSoft.KapibaraStudio-0.11.0-win-x64.zip,ZIP,runtimes/win-x64/native/copilot-sdk/docs/agent-author.md,10352,6280a2b6684a83ca7d17871be6666f5d979f5d3076ddbb9680edc83394abb810,external,cache:win32-x64:copilot-sdk/docs/agent-author.md; cache:win32-arm64:copilot-sdk/docs/agent-author.md,GitHub Copilot CLI License 1.0.85; avisos de componentes adicionais
EsilvaSoft.KapibaraStudio-0.11.0-win-x64.zip,ZIP,runtimes/win-x64/native/copilot-sdk/docs/examples.md,21076,7bc5fea049219a6d2ddd444dfcfee9b629ca99b22f4bad916086f6e7180ac3df,external,cache:win32-x64:copilot-sdk/docs/examples.md; cache:win32-arm64:copilot-sdk/docs/examples.md,GitHub Copilot CLI License 1.0.85; avisos de componentes adicionais
EsilvaSoft.KapibaraStudio-0.11.0-win-x64.zip,ZIP,runtimes/win-x64/native/copilot-sdk/docs/extensions.md,4406,c6b21c9e7f551fcd2cc3a541627a031fd073abc68c3450855687c871b97f9898,external,cache:win32-x64:copilot-sdk/docs/extensions.md; cache:win32-arm64:copilot-sdk/docs/extensions.md,GitHub Copilot CLI License 1.0.85; avisos de componentes adicionais
EsilvaSoft.KapibaraStudio-0.11.0-win-x64.zip,ZIP,runtimes/win-x64/native/copilot-sdk/docs/factories.md,21443,360834bd122edc4e2c9764d2db4d18712dbe1d5be3cccc39680eead3c0c8bd11,external,cache:win32-x64:copilot-sdk/docs/factories.md; cache:win32-arm64:copilot-sdk/docs/factories.md,GitHub Copilot CLI License 1.0.85; avisos de componentes adicionais
EsilvaSoft.KapibaraStudio-0.11.0-win-x64.zip,ZIP,runtimes/win-x64/native/copilot-sdk/docs/factory-patterns.md,8201,c37bae44a6cbabc4b70a5d0ccde3e04eb15a4c1111b2ed1a053efb1bbd254c33,external,cache:win32-x64:copilot-sdk/docs/factory-patterns.md; cache:win32-arm64:copilot-sdk/docs/factory-patterns.md,GitHub Copilot CLI License 1.0.85; avisos de componentes adicionais
EsilvaSoft.KapibaraStudio-0.11.0-win-x64.zip,ZIP,runtimes/win-x64/native/copilot-sdk/generated/rpc.d.ts,915008,3b0d0ce9b73f657a453c64e94288d63b5f606f13dc599f0095e43213bcbf4e5a,external,cache:win32-x64:copilot-sdk/generated/rpc.d.ts; cache:win32-arm64:copilot-sdk/generated/rpc.d.ts,GitHub Copilot CLI License 1.0.85; avisos de componentes adicionais
EsilvaSoft.KapibaraStudio-0.11.0-win-x64.zip,ZIP,runtimes/win-x64/native/copilot-sdk/generated/session-events.d.ts,382125,bba0f7bd4d34e586011f5e52945514902ccaf951553283fd8b0770eb37155717,external,cache:win32-x64:copilot-sdk/generated/session-events.d.ts; cache:win32-arm64:copilot-sdk/generated/session-events.d.ts,GitHub Copilot CLI License 1.0.85; avisos de componentes adicionais
EsilvaSoft.KapibaraStudio-0.11.0-win-x64.zip,ZIP,runtimes/win-x64/native/definitions/code-review.agent.yaml,4604,1290258ee70b44faca1f0c74be26254f13e8401e825713ff3f5523b848b361f9,external,cache:win32-x64:definitions/code-review.agent.yaml; cache:win32-arm64:definitions/code-review.agent.yaml,GitHub Copilot CLI License 1.0.85; avisos de componentes adicionais
EsilvaSoft.KapibaraStudio-0.11.0-win-x64.zip,ZIP,runtimes/win-x64/native/definitions/explore.agent.yaml,2687,35e599117cd266cad7fb716741bf8b0c8dcc667b7b225caef305b841198757b3,external,cache:win32-x64:definitions/explore.agent.yaml; cache:win32-arm64:definitions/explore.agent.yaml,GitHub Copilot CLI License 1.0.85; avisos de componentes adicionais
EsilvaSoft.KapibaraStudio-0.11.0-win-x64.zip,ZIP,runtimes/win-x64/native/definitions/rem-agent.agent.yaml,968,895ac0f7d0ce5cd006501eed7f1abfd38405ba93c30d16be9c7205bed6f335bf,external,cache:win32-x64:definitions/rem-agent.agent.yaml; cache:win32-arm64:definitions/rem-agent.agent.yaml,GitHub Copilot CLI License 1.0.85; avisos de componentes adicionais
EsilvaSoft.KapibaraStudio-0.11.0-win-x64.zip,ZIP,runtimes/win-x64/native/definitions/research.agent.yaml,5596,82726101e23ed841a200f301546a6ae9f19739ca106686f2ca2c73a1afcffecc,external,cache:win32-x64:definitions/research.agent.yaml; cache:win32-arm64:definitions/research.agent.yaml,GitHub Copilot CLI License 1.0.85; avisos de componentes adicionais
EsilvaSoft.KapibaraStudio-0.11.0-win-x64.zip,ZIP,runtimes/win-x64/native/definitions/rubber-duck.agent.yaml,4820,eb624f30ef69f8cfd18e7f3f14bcca63e13d1a0d3e05af006372b8d537bbd15d,external,cache:win32-x64:definitions/rubber-duck.agent.yaml; cache:win32-arm64:definitions/rubber-duck.agent.yaml,GitHub Copilot CLI License 1.0.85; avisos de componentes adicionais
EsilvaSoft.KapibaraStudio-0.11.0-win-x64.zip,ZIP,runtimes/win-x64/native/definitions/security-review.agent.yaml,14222,7b6769eb585913a0ad59dadb3bf2e42cd9cfadb1540b341f23a28e5728be2d53,external,cache:win32-x64:definitions/security-review.agent.yaml; cache:win32-arm64:definitions/security-review.agent.yaml,GitHub Copilot CLI License 1.0.85; avisos de componentes adicionais
EsilvaSoft.KapibaraStudio-0.11.0-win-x64.zip,ZIP,runtimes/win-x64/native/definitions/task.agent.yaml,2074,6625b8a1be22ce2fd7566fce684dd07aca4aed8ceb4fa76b350ff62dcb9093e1,external,cache:win32-x64:definitions/task.agent.yaml; cache:win32-arm64:definitions/task.agent.yaml,GitHub Copilot CLI License 1.0.85; avisos de componentes adicionais
EsilvaSoft.KapibaraStudio-0.11.0-win-x64.zip,ZIP,runtimes/win-x64/native/definitions/sidekick/cloud-session-search.yaml,1809,0eaa7fe8f8cecb923c87c9598e22c4e338bfdc069cc9c78325eb6b589fa94bcd,external,cache:win32-x64:definitions/sidekick/cloud-session-search.yaml; cache:win32-arm64:definitions/sidekick/cloud-session-search.yaml,GitHub Copilot CLI License 1.0.85; avisos de componentes adicionais
EsilvaSoft.KapibaraStudio-0.11.0-win-x64.zip,ZIP,runtimes/win-x64/native/definitions/sidekick/github-context-memory.yaml,4114,22b699a6dd5b2d7964f8b2a913618ae478cf6910df2fc3ba336cf38b1be3b2ef,external,cache:win32-x64:definitions/sidekick/github-context-memory.yaml; cache:win32-arm64:definitions/sidekick/github-context-memory.yaml,GitHub Copilot CLI License 1.0.85; avisos de componentes adicionais
EsilvaSoft.KapibaraStudio-0.11.0-win-x64.zip,ZIP,runtimes/win-x64/native/definitions/sidekick/github-context.yaml,2200,9b7692e969e9ab36d7053fb2ef99ba9dd2ae78f6df75e645f54eb3cdb3fc6252,external,cache:win32-x64:definitions/sidekick/github-context.yaml; cache:win32-arm64:definitions/sidekick/github-context.yaml,GitHub Copilot CLI License 1.0.85; avisos de componentes adicionais
EsilvaSoft.KapibaraStudio-0.11.0-win-x64.zip,ZIP,runtimes/win-x64/native/definitions/sidekick/session-search.yaml,1889,8b6f48742fe847002e5ba6e00b05abc5339a5891387cd306790eb3b8c7dd8c11,external,cache:win32-x64:definitions/sidekick/session-search.yaml; cache:win32-arm64:definitions/sidekick/session-search.yaml,GitHub Copilot CLI License 1.0.85; avisos de componentes adicionais
EsilvaSoft.KapibaraStudio-0.11.0-win-x64.zip,ZIP,runtimes/win-x64/native/definitions/sidekick/subconscious-agent.yaml,2616,9fb4cb881677adc08c69818ecdde127276b1afe006817802c381a3ff5fb5887f,external,cache:win32-x64:definitions/sidekick/subconscious-agent.yaml; cache:win32-arm64:definitions/sidekick/subconscious-agent.yaml,GitHub Copilot CLI License 1.0.85; avisos de componentes adicionais
EsilvaSoft.KapibaraStudio-0.11.0-win-x64.zip,ZIP,runtimes/win-x64/native/definitions/sidekick/test-sidekick-context-changed.yaml,1029,117edd3750a403c6cabf7964f217ae8129b16f9d0a6d2503e09ebe79d64f9d50,external,cache:win32-x64:definitions/sidekick/test-sidekick-context-changed.yaml; cache:win32-arm64:definitions/sidekick/test-sidekick-context-changed.yaml,GitHub Copilot CLI License 1.0.85; avisos de componentes adicionais
EsilvaSoft.KapibaraStudio-0.11.0-win-x64.zip,ZIP,runtimes/win-x64/native/definitions/sidekick/test-sidekick-persistent.yaml,861,a5ab1c16dd5f9a030010a375f7f26bca56aa196b212ea52ac2c5736cd80f3989,external,cache:win32-x64:definitions/sidekick/test-sidekick-persistent.yaml; cache:win32-arm64:definitions/sidekick/test-sidekick-persistent.yaml,GitHub Copilot CLI License 1.0.85; avisos de componentes adicionais
EsilvaSoft.KapibaraStudio-0.11.0-win-x64.zip,ZIP,runtimes/win-x64/native/definitions/sidekick/test-sidekick-restart.yaml,831,21e44442b8380a758793d637a60fe94c226a6547d23c5bea3a14546f7f3e60ec,external,cache:win32-x64:definitions/sidekick/test-sidekick-restart.yaml; cache:win32-arm64:definitions/sidekick/test-sidekick-restart.yaml,GitHub Copilot CLI License 1.0.85; avisos de componentes adicionais
EsilvaSoft.KapibaraStudio-0.11.0-win-x64.zip,ZIP,runtimes/win-x64/native/definitions/sidekick/test-sidekick-trigger-once.yaml,828,14a7cedf6ead133828280744b293e90402a2d47568c98a67273c1d7c3acdd53e,external,cache:win32-x64:definitions/sidekick/test-sidekick-trigger-once.yaml; cache:win32-arm64:definitions/sidekick/test-sidekick-trigger-once.yaml,GitHub Copilot CLI License 1.0.85; avisos de componentes adicionais
EsilvaSoft.KapibaraStudio-0.11.0-win-x64.zip,ZIP,runtimes/win-x64/native/plugins/computer-use/.mcp.json,181,e3772f35132b502794c4d78080bccefddbbb078814d2335d901e6c62a4cf4ec9,external,cache:win32-x64:plugins/computer-use/.mcp.json; cache:win32-arm64:plugins/computer-use/.mcp.json,GitHub Copilot CLI License 1.0.85; avisos de componentes adicionais
EsilvaSoft.KapibaraStudio-0.11.0-win-x64.zip,ZIP,runtimes/win-x64/native/plugins/computer-use/.release-target,10,47865cb70f3801831acc971cb8fa442c22587d52136e7eb50e44d430d60e152f,external,cache:win32-x64:plugins/computer-use/.release-target,GitHub Copilot CLI License 1.0.85; avisos de componentes adicionais
EsilvaSoft.KapibaraStudio-0.11.0-win-x64.zip,ZIP,runtimes/win-x64/native/plugins/computer-use/.plugin/plugin.json,124,4368163b1fa11f18e9b0f7c416a1f4cdb88a949709808085a6ab06ade682b17a,external,cache:win32-x64:plugins/computer-use/.plugin/plugin.json; cache:win32-arm64:plugins/computer-use/.plugin/plugin.json,GitHub Copilot CLI License 1.0.85; avisos de componentes adicionais
EsilvaSoft.KapibaraStudio-0.11.0-win-x64.zip,ZIP,runtimes/win-x64/native/preloads/extension_bootstrap.mjs,2824,2e24513650ff736eb9e052ef084cb920b5aed9553d875f747bb53d3c8dcdb286,external,cache:win32-x64:preloads/extension_bootstrap.mjs; cache:win32-arm64:preloads/extension_bootstrap.mjs,GitHub Copilot CLI License 1.0.85; avisos de componentes adicionais
EsilvaSoft.KapibaraStudio-0.11.0-win-x64.zip,ZIP,runtimes/win-x64/native/preloads/extension_sdk_resolver.mjs,1331,e57d71730c8f937315a72b66187c56cc4fa78ecbd13590795136996e2851bf19,external,cache:win32-x64:preloads/extension_sdk_resolver.mjs; cache:win32-arm64:preloads/extension_sdk_resolver.mjs,GitHub Copilot CLI License 1.0.85; avisos de componentes adicionais
EsilvaSoft.KapibaraStudio-0.11.0-win-x64.zip,ZIP,runtimes/win-x64/native/schemas/api.schema.json,1718855,c8e04f9ad4ebed1e568c95243fce6f11ba7e5e92b934184632ded13ece4787f8,external,cache:win32-x64:schemas/api.schema.json; cache:win32-arm64:schemas/api.schema.json,GitHub Copilot CLI License 1.0.85; avisos de componentes adicionais
EsilvaSoft.KapibaraStudio-0.11.0-win-x64.zip,ZIP,runtimes/win-x64/native/schemas/session-events.schema.json,856020,20e13b3f689f554814142d3467fa1dd68469ddf16533954bd29ff89cbd8e805d,external,cache:win32-x64:schemas/session-events.schema.json; cache:win32-arm64:schemas/session-events.schema.json,GitHub Copilot CLI License 1.0.85; avisos de componentes adicionais
EsilvaSoft.KapibaraStudio-0.11.0-win-x64.zip,ZIP,runtimes/win-x64/native/sdk/index.js,1151902,400e787525fbd70fad62b5f2aeefc6a34a030667e8f688c50a12132a34b8d8a2,external,cache:win32-x64:sdk/index.js; cache:win32-arm64:sdk/index.js,GitHub Copilot CLI License 1.0.85; avisos de componentes adicionais
EsilvaSoft.KapibaraStudio-0.11.0-win-x64.zip,ZIP,EsilvaSoft.KapibaraStudio.Desktop.exe,405092263,e95fa0265457bce844bf73629f0c02fdbb1348bd44d78b6d62d9bcfcb6227b1f,external,project:EsilvaSoft.KapibaraStudio (MIT),MIT (projeto)
EsilvaSoft.KapibaraStudio-0.11.0-win-x64.zip,EsilvaSoft.KapibaraStudio.Desktop.exe,runtimes/win-x64/native/copilot.exe,690464,82f9dd46f6bb01b47dde449aa76927aa616a9c5b5e00bd6ce0e02d6feb22b5f4,2,cache:win32-x64:prebuilds/win32-x64/copilot-runtime.exe,GitHub Copilot CLI License 1.0.85; avisos de componentes adicionais
EsilvaSoft.KapibaraStudio-0.11.0-win-x64.zip,EsilvaSoft.KapibaraStudio.Desktop.exe,runtimes/win-x64/native/copilot_runtime.dll,87029536,64abcce43050d46999c415135932dfcd766ac746d146b61c4820db03cd4ebd75,2,cache:win32-x64:prebuilds/win32-x64/runtime.node,GitHub Copilot CLI License 1.0.85; avisos de componentes adicionais
EsilvaSoft.KapibaraStudio-0.11.0-win-x64.zip,EsilvaSoft.KapibaraStudio.Desktop.exe,runtimes/win-x64/native/plugins/computer-use/computer-use-mcp.exe,1813280,33de51b8f673db42ee4949fafa63f08ccf07d3c0818f13667d2f8085f2669d75,2,cache:win32-x64:plugins/computer-use/computer-use-mcp.exe,GitHub Copilot CLI License 1.0.85; avisos de componentes adicionais; termos upstream individuais não fornecidos no ZIP/cache inspecionado
EsilvaSoft.KapibaraStudio-0.11.0-win-x64.zip,EsilvaSoft.KapibaraStudio.Desktop.exe,runtimes/win-x64/native/plugins/computer-use/CopilotComputerUse.exe,2806560,62d63a768b2cbb463bc88363c8bcc05916b763c05777d36a912370847142c9f8,2,cache:win32-x64:plugins/computer-use/CopilotComputerUse.exe,GitHub Copilot CLI License 1.0.85; avisos de componentes adicionais; termos upstream individuais não fornecidos no ZIP/cache inspecionado
EsilvaSoft.KapibaraStudio-0.11.0-win-x64.zip,EsilvaSoft.KapibaraStudio.Desktop.exe,runtimes/win-x64/native/ripgrep/bin/win32-x64/rg.exe,5445920,1ed50213fc8309f3a9440e761e548078083894501c58cf7b225bcf179c49b19c,2,cache:win32-x64:ripgrep/bin/win32-x64/rg.exe,GitHub Copilot CLI License 1.0.85; avisos de componentes adicionais; termos upstream individuais não fornecidos no ZIP/cache inspecionado
EsilvaSoft.KapibaraStudio-0.11.0-win-x64.zip,EsilvaSoft.KapibaraStudio.Desktop.exe,runtimes/win-x64/native/tgrep/bin/win32-x64/tgrep.exe,6528632,108c837e21d4a38279f2cfb09d0541b93389dcf85fcc054e68fa291d36b866da,2,cache:win32-x64:tgrep/bin/win32-x64/tgrep.exe,GitHub Copilot CLI License 1.0.85; avisos de componentes adicionais; termos upstream individuais não fornecidos no ZIP/cache inspecionado
EsilvaSoft.KapibaraStudio-0.11.0-win-x64.zip,EsilvaSoft.KapibaraStudio.Desktop.exe,runtimes/win-x64/native/copilot-runtime.exe,690464,82f9dd46f6bb01b47dde449aa76927aa616a9c5b5e00bd6ce0e02d6feb22b5f4,2,cache:win32-x64:prebuilds/win32-x64/copilot-runtime.exe,GitHub Copilot CLI License 1.0.85; avisos de componentes adicionais
EsilvaSoft.KapibaraStudio-0.11.0-win-x64.zip,EsilvaSoft.KapibaraStudio.Desktop.exe,runtimes/win-x64/native/msal-node-runtime.node,360736,6971f176336bf4115dfe665b64ac4da40cda6eeedb9a518953142d967c35ac42,2,cache:win32-x64:prebuilds/win32-x64/msal-node-runtime.node,GitHub Copilot CLI License 1.0.85; avisos de componentes adicionais; termos upstream individuais não fornecidos no ZIP/cache inspecionado
EsilvaSoft.KapibaraStudio-0.11.0-win-x64.zip,EsilvaSoft.KapibaraStudio.Desktop.exe,runtimes/win-x64/native/msalruntime.dll,3187312,7523c5e9ae27aa8b843131cd048261e5b017f86cdf3014b943c7e102c264ef50,2,cache:win32-x64:prebuilds/win32-x64/msalruntime.dll,GitHub Copilot CLI License 1.0.85; avisos de componentes adicionais; termos upstream individuais não fornecidos no ZIP/cache inspecionado
EsilvaSoft.KapibaraStudio-0.11.0-win-x64.zip,EsilvaSoft.KapibaraStudio.Desktop.exe,runtimes/win-x64/native/OneAuthInterop.dll,5553784,99ee287b48d78f5db254882020952c56c976d2b9d8ee4e19e58ceaf2c2ae786c,2,cache:win32-x64:prebuilds/win32-x64/OneAuthInterop.dll,GitHub Copilot CLI License 1.0.85; avisos de componentes adicionais; Microsoft Software License Terms (OneAuthInterop)
EsilvaSoft.KapibaraStudio-0.11.0-win-x64.zip,EsilvaSoft.KapibaraStudio.Desktop.exe,runtimes/win-x64/native/runtime.node,87029536,64abcce43050d46999c415135932dfcd766ac746d146b61c4820db03cd4ebd75,2,cache:win32-x64:prebuilds/win32-x64/runtime.node,GitHub Copilot CLI License 1.0.85; avisos de componentes adicionais
EsilvaSoft.KapibaraStudio-0.11.0-win-x64.zip,EsilvaSoft.KapibaraStudio.Desktop.exe,EsilvaSoft.KapibaraStudio.Desktop.dll,3320832,d004aca586c7013127f70585cf202a0206eaa6ca9018da63bc381b6467e1c93d,1,project:EsilvaSoft.KapibaraStudio (MIT),MIT (projeto)
EsilvaSoft.KapibaraStudio-0.11.0-win-x64.zip,EsilvaSoft.KapibaraStudio.Desktop.exe,EsilvaSoft.KapibaraStudio.Desktop.runtimeconfig.json,441,f05f9eeb48ea8db0d1543f21f21efd48ad919a15b578026ad3a8f634cbaee208,4,project:EsilvaSoft.KapibaraStudio (MIT),MIT (projeto)
EsilvaSoft.KapibaraStudio-0.11.0-win-x64.zip,EsilvaSoft.KapibaraStudio.Desktop.exe,Microsoft.CSharp.dll,980776,2000912f2fc52e0c64ed893d79f4e7b143502540fb7170b5ae5fcea7099ba431,1,Microsoft.NETCore.App.Runtime.win-x64/10.0.12:runtimes/win-x64/lib/net10.0/Microsoft.CSharp.dll,expression:MIT
EsilvaSoft.KapibaraStudio-0.11.0-win-x64.zip,EsilvaSoft.KapibaraStudio.Desktop.exe,Microsoft.VisualBasic.Core.dll,1193768,2666b24eb6e295476b44abd057ea250fd5957db9c1c7adee6a223a747ddfe3d2,1,Microsoft.NETCore.App.Runtime.win-x64/10.0.12:runtimes/win-x64/lib/net10.0/Microsoft.VisualBasic.Core.dll,expression:MIT
EsilvaSoft.KapibaraStudio-0.11.0-win-x64.zip,EsilvaSoft.KapibaraStudio.Desktop.exe,Microsoft.VisualBasic.dll,17192,e192508adde6a758138a5a8e28998dccb64e7f45eaf30d8ab3564f87749028b1,1,Microsoft.NETCore.App.Runtime.win-x64/10.0.12:runtimes/win-x64/lib/net10.0/Microsoft.VisualBasic.dll,expression:MIT
EsilvaSoft.KapibaraStudio-0.11.0-win-x64.zip,EsilvaSoft.KapibaraStudio.Desktop.exe,Microsoft.Win32.Primitives.dll,15656,6c21472b0ae2f9b484a97614fad5485a22f18f9f19ee1adb9ceb3ed8ddb072d7,1,Microsoft.NETCore.App.Runtime.win-x64/10.0.12:runtimes/win-x64/lib/net10.0/Microsoft.Win32.Primitives.dll,expression:MIT
EsilvaSoft.KapibaraStudio-0.11.0-win-x64.zip,EsilvaSoft.KapibaraStudio.Desktop.exe,Microsoft.Win32.Registry.dll,116520,76849cfde4369f3ae93e28261fe5e1010dbf1332f7da95c98543cba9b03961c0,1,Microsoft.NETCore.App.Runtime.win-x64/10.0.12:runtimes/win-x64/lib/net10.0/Microsoft.Win32.Registry.dll,expression:MIT
EsilvaSoft.KapibaraStudio-0.11.0-win-x64.zip,EsilvaSoft.KapibaraStudio.Desktop.exe,System.AppContext.dll,15144,d9dd9fa44e019f27172d6b2662e2b6038f48c270912ac8aae53d4d909da7e9be,1,Microsoft.NETCore.App.Runtime.win-x64/10.0.12:runtimes/win-x64/lib/net10.0/System.AppContext.dll,expression:MIT
EsilvaSoft.KapibaraStudio-0.11.0-win-x64.zip,EsilvaSoft.KapibaraStudio.Desktop.exe,System.Buffers.dll,15144,a1a35f5524e2f831d08ca55f702fbddcb8c6dfecd264f0f563d81a1c8b8280bd,1,Microsoft.NETCore.App.Runtime.win-x64/10.0.12:runtimes/win-x64/lib/net10.0/System.Buffers.dll,expression:MIT
EsilvaSoft.KapibaraStudio-0.11.0-win-x64.zip,EsilvaSoft.KapibaraStudio.Desktop.exe,System.Collections.Concurrent.dll,231248,082f4bc0da1141eb65111b6da633d75624adfb7bb067d7ee90c5622c8b30885b,1,Microsoft.NETCore.App.Runtime.win-x64/10.0.12:runtimes/win-x64/lib/net10.0/System.Collections.Concurrent.dll,expression:MIT
EsilvaSoft.KapibaraStudio-0.11.0-win-x64.zip,EsilvaSoft.KapibaraStudio.Desktop.exe,System.Collections.Immutable.dll,976680,b527dd7b2beb82c22aa39787298cbeb33f3eac9eb9b83a0f0271353421db28db,1,Microsoft.NETCore.App.Runtime.win-x64/10.0.12:runtimes/win-x64/lib/net10.0/System.Collections.Immutable.dll,expression:MIT
EsilvaSoft.KapibaraStudio-0.11.0-win-x64.zip,EsilvaSoft.KapibaraStudio.Desktop.exe,System.Collections.NonGeneric.dll,104232,aa4d5216d066c91cb489f63c6cbfcaf1f47b6e74e070db45639d3460454fc60b,1,Microsoft.NETCore.App.Runtime.win-x64/10.0.12:runtimes/win-x64/lib/net10.0/System.Collections.NonGeneric.dll,expression:MIT
EsilvaSoft.KapibaraStudio-0.11.0-win-x64.zip,EsilvaSoft.KapibaraStudio.Desktop.exe,System.Collections.Specialized.dll,104272,e31af1f866e880844e027be59f545b9a6b34108e0b0680ebe3fbc19a53070819,1,Microsoft.NETCore.App.Runtime.win-x64/10.0.12:runtimes/win-x64/lib/net10.0/System.Collections.Specialized.dll,expression:MIT
EsilvaSoft.KapibaraStudio-0.11.0-win-x64.zip,EsilvaSoft.KapibaraStudio.Desktop.exe,System.Collections.dll,296744,df6f2037eabee28100184e92f7536427ba2f086c1110629804d466b124bc4d54,1,Microsoft.NETCore.App.Runtime.win-x64/10.0.12:runtimes/win-x64/lib/net10.0/System.Collections.dll,expression:MIT
EsilvaSoft.KapibaraStudio-0.11.0-win-x64.zip,EsilvaSoft.KapibaraStudio.Desktop.exe,System.ComponentModel.Annotations.dll,198480,e3be2d35d81e6475c64110cfc099895b71df22c8b46a18c2d7c76a913b8ba903,1,Microsoft.NETCore.App.Runtime.win-x64/10.0.12:runtimes/win-x64/lib/net10.0/System.ComponentModel.Annotations.dll,expression:MIT
EsilvaSoft.KapibaraStudio-0.11.0-win-x64.zip,EsilvaSoft.KapibaraStudio.Desktop.exe,System.ComponentModel.DataAnnotations.dll,16720,d40e8c7062e6b9ce11ba83eab3d26be0eec8066b99970ea88b8e87fb75f411bd,1,Microsoft.NETCore.App.Runtime.win-x64/10.0.12:runtimes/win-x64/lib/net10.0/System.ComponentModel.DataAnnotations.dll,expression:MIT
EsilvaSoft.KapibaraStudio-0.11.0-win-x64.zip,EsilvaSoft.KapibaraStudio.Desktop.exe,System.ComponentModel.EventBasedAsync.dll,46888,cc84fe814ef5e58271d83193e328f8ec220efd4696d90af9a7c4690c10451495,1,Microsoft.NETCore.App.Runtime.win-x64/10.0.12:runtimes/win-x64/lib/net10.0/System.ComponentModel.EventBasedAsync.dll,expression:MIT
EsilvaSoft.KapibaraStudio-0.11.0-win-x64.zip,EsilvaSoft.KapibaraStudio.Desktop.exe,System.ComponentModel.Primitives.dll,79656,1e2451184c287409ea25acde3c90f25950bf34d16458a6e52a94ca4292434f62,1,Microsoft.NETCore.App.Runtime.win-x64/10.0.12:runtimes/win-x64/lib/net10.0/System.ComponentModel.Primitives.dll,expression:MIT
EsilvaSoft.KapibaraStudio-0.11.0-win-x64.zip,EsilvaSoft.KapibaraStudio.Desktop.exe,System.ComponentModel.TypeConverter.dll,767784,10dae312a6697718f8ce3dfcdb17d6ae4b74687c765d74d50de8a8e69e08f5e7,1,Microsoft.NETCore.App.Runtime.win-x64/10.0.12:runtimes/win-x64/lib/net10.0/System.ComponentModel.TypeConverter.dll,expression:MIT
EsilvaSoft.KapibaraStudio-0.11.0-win-x64.zip,EsilvaSoft.KapibaraStudio.Desktop.exe,System.ComponentModel.dll,30544,e3b6f75864ee944898540937c1f300e04f44a1b2729516f0bbf948589a8b14b2,1,Microsoft.NETCore.App.Runtime.win-x64/10.0.12:runtimes/win-x64/lib/net10.0/System.ComponentModel.dll,expression:MIT
EsilvaSoft.KapibaraStudio-0.11.0-win-x64.zip,EsilvaSoft.KapibaraStudio.Desktop.exe,System.Configuration.dll,19240,3952a72e1f18774f16952b46c20e80ed2bc601a06eca01f33fa924c738022a9c,1,Microsoft.NETCore.App.Runtime.win-x64/10.0.12:runtimes/win-x64/lib/net10.0/System.Configuration.dll,expression:MIT
EsilvaSoft.KapibaraStudio-0.11.0-win-x64.zip,EsilvaSoft.KapibaraStudio.Desktop.exe,System.Console.dll,169808,3b85daf02a3d9ed99b84bb1c639fe8b1ced46d8d157fa56f525f6b8c5be43b3e,1,Microsoft.NETCore.App.Runtime.win-x64/10.0.12:runtimes/win-x64/lib/net10.0/System.Console.dll,expression:MIT
EsilvaSoft.KapibaraStudio-0.11.0-win-x64.zip,EsilvaSoft.KapibaraStudio.Desktop.exe,System.Core.dll,23336,ac23faf1b37fa49f1b117baad951a65609e799a6e669a6df06d3552677e0c086,1,Microsoft.NETCore.App.Runtime.win-x64/10.0.12:runtimes/win-x64/lib/net10.0/System.Core.dll,expression:MIT
EsilvaSoft.KapibaraStudio-0.11.0-win-x64.zip,EsilvaSoft.KapibaraStudio.Desktop.exe,System.Data.Common.dll,2770728,66bdd62047ee460e2ce2c33d15dd1173ac97997b2745864a905179594f821acc,1,Microsoft.NETCore.App.Runtime.win-x64/10.0.12:runtimes/win-x64/lib/net10.0/System.Data.Common.dll,expression:MIT
EsilvaSoft.KapibaraStudio-0.11.0-win-x64.zip,EsilvaSoft.KapibaraStudio.Desktop.exe,System.Data.DataSetExtensions.dll,15656,aeeae0755c8c7f6747765cdf82fa43182e320e97f2035e3a0a19f21905e6c113,1,Microsoft.NETCore.App.Runtime.win-x64/10.0.12:runtimes/win-x64/lib/net10.0/System.Data.DataSetExtensions.dll,expression:MIT
EsilvaSoft.KapibaraStudio-0.11.0-win-x64.zip,EsilvaSoft.KapibaraStudio.Desktop.exe,System.Data.dll,25424,49f52958a2a6e461d0fd7a47e54a199eb263c69ecfcc0fc684b73b5918ebf466,1,Microsoft.NETCore.App.Runtime.win-x64/10.0.12:runtimes/win-x64/lib/net10.0/System.Data.dll,expression:MIT
EsilvaSoft.KapibaraStudio-0.11.0-win-x64.zip,EsilvaSoft.KapibaraStudio.Desktop.exe,System.Diagnostics.Contracts.dll,16208,6c05cacd9b61b08ae75f2d783cc402b0b5fc848e3d68c29c10b93897cc083e8b,1,Microsoft.NETCore.App.Runtime.win-x64/10.0.12:runtimes/win-x64/lib/net10.0/System.Diagnostics.Contracts.dll,expression:MIT
EsilvaSoft.KapibaraStudio-0.11.0-win-x64.zip,EsilvaSoft.KapibaraStudio.Desktop.exe,System.Diagnostics.Debug.dll,15656,8b160ffe7518588bf64e13c01c6dcb2ef504d64f38bbf0f198d31e7b698db92c,1,Microsoft.NETCore.App.Runtime.win-x64/10.0.12:runtimes/win-x64/lib/net10.0/System.Diagnostics.Debug.dll,expression:MIT
EsilvaSoft.KapibaraStudio-0.11.0-win-x64.zip,EsilvaSoft.KapibaraStudio.Desktop.exe,System.Diagnostics.DiagnosticSource.dll,501544,6267c1bd1bdf2bdd4b5748b885b0adcda10f18697adfea8488a19a009ad44fdb,1,Microsoft.NETCore.App.Runtime.win-x64/10.0.12:runtimes/win-x64/lib/net10.0/System.Diagnostics.DiagnosticSource.dll,expression:MIT
EsilvaSoft.KapibaraStudio-0.11.0-win-x64.zip,EsilvaSoft.KapibaraStudio.Desktop.exe,System.Diagnostics.FileVersionInfo.dll,46928,e94f158142e93834dec3100bde3313935517d549ff36c65819a06d3104dec427,1,Microsoft.NETCore.App.Runtime.win-x64/10.0.12:runtimes/win-x64/lib/net10.0/System.Diagnostics.FileVersionInfo.dll,expression:MIT
EsilvaSoft.KapibaraStudio-0.11.0-win-x64.zip,EsilvaSoft.KapibaraStudio.Desktop.exe,System.Diagnostics.Process.dll,329552,51a57fbe918f8b68930c090792b718fc0850ea12da869d50b97a3796af29a740,1,Microsoft.NETCore.App.Runtime.win-x64/10.0.12:runtimes/win-x64/lib/net10.0/System.Diagnostics.Process.dll,expression:MIT
EsilvaSoft.KapibaraStudio-0.11.0-win-x64.zip,EsilvaSoft.KapibaraStudio.Desktop.exe,System.Diagnostics.StackTrace.dll,46888,8f6397c1e2ba9b8b8bfa317962151b5035049ce8d6b3575e5027a0d0eeacc797,1,Microsoft.NETCore.App.Runtime.win-x64/10.0.12:runtimes/win-x64/lib/net10.0/System.Diagnostics.StackTrace.dll,expression:MIT
EsilvaSoft.KapibaraStudio-0.11.0-win-x64.zip,EsilvaSoft.KapibaraStudio.Desktop.exe,System.Diagnostics.TextWriterTraceListener.dll,67368,1bf165cee916a854e1150f489e4348ce94755359d5fcdcc0bc2bbbe6a7102bdd,1,Microsoft.NETCore.App.Runtime.win-x64/10.0.12:runtimes/win-x64/lib/net10.0/System.Diagnostics.TextWriterTraceListener.dll,expression:MIT
EsilvaSoft.KapibaraStudio-0.11.0-win-x64.zip,EsilvaSoft.KapibaraStudio.Desktop.exe,System.Diagnostics.Tools.dll,15144,841c5e2b6c171fa9aaff0fc6295f3fbc93dc5dcab44118b62f1c942bb674aff2,1,Microsoft.NETCore.App.Runtime.win-x64/10.0.12:runtimes/win-x64/lib/net10.0/System.Diagnostics.Tools.dll,expression:MIT
EsilvaSoft.KapibaraStudio-0.11.0-win-x64.zip,EsilvaSoft.KapibaraStudio.Desktop.exe,System.Diagnostics.TraceSource.dll,141096,8445c7f1bbaae6cffde60e2c9a8753faaa5100255fbe31d0a1927d9d9bb7f194,1,Microsoft.NETCore.App.Runtime.win-x64/10.0.12:runtimes/win-x64/lib/net10.0/System.Diagnostics.TraceSource.dll,expression:MIT
EsilvaSoft.KapibaraStudio-0.11.0-win-x64.zip,EsilvaSoft.KapibaraStudio.Desktop.exe,System.Diagnostics.Tracing.dll,16208,9563d5eec35f94d13a5e62eaa9535dbe0e9ea474f055da132fb8af46b0b01263,1,Microsoft.NETCore.App.Runtime.win-x64/10.0.12:runtimes/win-x64/lib/net10.0/System.Diagnostics.Tracing.dll,expression:MIT
EsilvaSoft.KapibaraStudio-0.11.0-win-x64.zip,EsilvaSoft.KapibaraStudio.Desktop.exe,System.Drawing.Primitives.dll,132944,17585b32ca91bac8ccff2ef1c6ddf62ee9ea5efc552928c3a9d1b868394246e9,1,Microsoft.NETCore.App.Runtime.win-x64/10.0.12:runtimes/win-x64/lib/net10.0/System.Drawing.Primitives.dll,expression:MIT
EsilvaSoft.KapibaraStudio-0.11.0-win-x64.zip,EsilvaSoft.KapibaraStudio.Desktop.exe,System.Drawing.dll,20304,585a8da9952d715f8de7a7b1879b59d68ff8608b92f6ed1c5f0e1d251180d3c6,1,Microsoft.NETCore.App.Runtime.win-x64/10.0.12:runtimes/win-x64/lib/net10.0/System.Drawing.dll,expression:MIT
EsilvaSoft.KapibaraStudio-0.11.0-win-x64.zip,EsilvaSoft.KapibaraStudio.Desktop.exe,System.Dynamic.Runtime.dll,16168,c0eac30c791db8c1a2b50b61c50d029f4ddd0eadfdd35433745001688a3e7466,1,Microsoft.NETCore.App.Runtime.win-x64/10.0.12:runtimes/win-x64/lib/net10.0/System.Dynamic.Runtime.dll,expression:MIT
EsilvaSoft.KapibaraStudio-0.11.0-win-x64.zip,EsilvaSoft.KapibaraStudio.Desktop.exe,System.Formats.Asn1.dll,239440,a163fe5f96d1689f1bc1ac531b38c3aba95792ac7dd52231d325d658947fbcfd,1,Microsoft.NETCore.App.Runtime.win-x64/10.0.12:runtimes/win-x64/lib/net10.0/System.Formats.Asn1.dll,expression:MIT
EsilvaSoft.KapibaraStudio-0.11.0-win-x64.zip,EsilvaSoft.KapibaraStudio.Desktop.exe,System.Formats.Tar.dll,272168,44c9984f269a158915195fd32007f22c3bb692dcfeb933cda8ea45a3ac6cd1ce,1,Microsoft.NETCore.App.Runtime.win-x64/10.0.12:runtimes/win-x64/lib/net10.0/System.Formats.Tar.dll,expression:MIT
EsilvaSoft.KapibaraStudio-0.11.0-win-x64.zip,EsilvaSoft.KapibaraStudio.Desktop.exe,System.Globalization.Calendars.dll,15656,e0f3f3f6e4acc7b6755782fed5cb075ecf70beee4fc5d404579ae99bc0883ef2,1,Microsoft.NETCore.App.Runtime.win-x64/10.0.12:runtimes/win-x64/lib/net10.0/System.Globalization.Calendars.dll,expression:MIT
EsilvaSoft.KapibaraStudio-0.11.0-win-x64.zip,EsilvaSoft.KapibaraStudio.Desktop.exe,System.Globalization.Extensions.dll,15144,be0390557cc72078a7217cf94fd44b9ab66aa30838c00a92aa78c62469c44aa0,1,Microsoft.NETCore.App.Runtime.win-x64/10.0.12:runtimes/win-x64/lib/net10.0/System.Globalization.Extensions.dll,expression:MIT
EsilvaSoft.KapibaraStudio-0.11.0-win-x64.zip,EsilvaSoft.KapibaraStudio.Desktop.exe,System.Globalization.dll,15696,66902cffd057673b4b77aa68faf80d33ffa4c94510e61db2a067943cc53b7702,1,Microsoft.NETCore.App.Runtime.win-x64/10.0.12:runtimes/win-x64/lib/net10.0/System.Globalization.dll,expression:MIT
EsilvaSoft.KapibaraStudio-0.11.0-win-x64.zip,EsilvaSoft.KapibaraStudio.Desktop.exe,System.IO.Compression.Brotli.dll,83752,0a59a95787ee15784d73079fdd5dc555b78659a6c560b6cbbf0d7452e638df89,1,Microsoft.NETCore.App.Runtime.win-x64/10.0.12:runtimes/win-x64/lib/net10.0/System.IO.Compression.Brotli.dll,expression:MIT
EsilvaSoft.KapibaraStudio-0.11.0-win-x64.zip,EsilvaSoft.KapibaraStudio.Desktop.exe,System.IO.Compression.FileSystem.dll,15184,4aeec2c0189f73ba8122f05c0d759008ddae1a8873b167cc8a558d53f2af80e1,1,Microsoft.NETCore.App.Runtime.win-x64/10.0.12:runtimes/win-x64/lib/net10.0/System.IO.Compression.FileSystem.dll,expression:MIT
EsilvaSoft.KapibaraStudio-0.11.0-win-x64.zip,EsilvaSoft.KapibaraStudio.Desktop.exe,System.IO.Compression.ZipFile.dll,100176,2da76eb281740be485b5637da8c60fe0ce12bc2848d1a1a81ce144fa74313e18,1,Microsoft.NETCore.App.Runtime.win-x64/10.0.12:runtimes/win-x64/lib/net10.0/System.IO.Compression.ZipFile.dll,expression:MIT
EsilvaSoft.KapibaraStudio-0.11.0-win-x64.zip,EsilvaSoft.KapibaraStudio.Desktop.exe,System.IO.Compression.dll,419624,c942747f84b730887090f5e0cf86d164c0ee402e524dce2750e06a6df48513fb,1,Microsoft.NETCore.App.Runtime.win-x64/10.0.12:runtimes/win-x64/lib/net10.0/System.IO.Compression.dll,expression:MIT
EsilvaSoft.KapibaraStudio-0.11.0-win-x64.zip,EsilvaSoft.KapibaraStudio.Desktop.exe,System.IO.FileSystem.AccessControl.dll,104232,f7f9ed6cdab35274711e9345266784ec332ae8040db184d141c70e7941fbbec5,1,Microsoft.NETCore.App.Runtime.win-x64/10.0.12:runtimes/win-x64/lib/net10.0/System.IO.FileSystem.AccessControl.dll,expression:MIT
EsilvaSoft.KapibaraStudio-0.11.0-win-x64.zip,EsilvaSoft.KapibaraStudio.Desktop.exe,System.IO.FileSystem.DriveInfo.dll,55120,0a7f3dd2fb6147a3fc046aeac8501d764effe5a3d8cfa56d2b244aa50b874b98,1,Microsoft.NETCore.App.Runtime.win-x64/10.0.12:runtimes/win-x64/lib/net10.0/System.IO.FileSystem.DriveInfo.dll,expression:MIT
EsilvaSoft.KapibaraStudio-0.11.0-win-x64.zip,EsilvaSoft.KapibaraStudio.Desktop.exe,System.IO.FileSystem.Primitives.dll,15144,d3b21b8b38e48c6b4d1cb5cfe9adfe4abad7b3353601febd3c7e4027f9ef9c6b,1,Microsoft.NETCore.App.Runtime.win-x64/10.0.12:runtimes/win-x64/lib/net10.0/System.IO.FileSystem.Primitives.dll,expression:MIT
EsilvaSoft.KapibaraStudio-0.11.0-win-x64.zip,EsilvaSoft.KapibaraStudio.Desktop.exe,System.IO.FileSystem.Watcher.dll,87848,8ab1704e4bd171056ec5a11e886d5199d05a641c6d0233c53d4766bf30328dd3,1,Microsoft.NETCore.App.Runtime.win-x64/10.0.12:runtimes/win-x64/lib/net10.0/System.IO.FileSystem.Watcher.dll,expression:MIT
EsilvaSoft.KapibaraStudio-0.11.0-win-x64.zip,EsilvaSoft.KapibaraStudio.Desktop.exe,System.IO.FileSystem.dll,15656,c251f33b29382c47b773d907463edd9fe978a06e39efd5670ef3b3b1d4f8c2b7,1,Microsoft.NETCore.App.Runtime.win-x64/10.0.12:runtimes/win-x64/lib/net10.0/System.IO.FileSystem.dll,expression:MIT
EsilvaSoft.KapibaraStudio-0.11.0-win-x64.zip,EsilvaSoft.KapibaraStudio.Desktop.exe,System.IO.IsolatedStorage.dll,87848,2272a8bde18ed0e7c9e54ece9b849b9be76c90b978909d2b2fc94cf0ccbce427,1,Microsoft.NETCore.App.Runtime.win-x64/10.0.12:runtimes/win-x64/lib/net10.0/System.IO.IsolatedStorage.dll,expression:MIT
EsilvaSoft.KapibaraStudio-0.11.0-win-x64.zip,EsilvaSoft.KapibaraStudio.Desktop.exe,System.IO.MemoryMappedFiles.dll,83752,6e8b281ecb2f0f5e7aad3980f61d8812caa6b37884737f542f95410a76663e0e,1,Microsoft.NETCore.App.Runtime.win-x64/10.0.12:runtimes/win-x64/lib/net10.0/System.IO.MemoryMappedFiles.dll,expression:MIT
EsilvaSoft.KapibaraStudio-0.11.0-win-x64.zip,EsilvaSoft.KapibaraStudio.Desktop.exe,System.IO.Pipelines.dll,190248,ee9f0fd6c659f50799afd103c6ed9c5e408967e28dfa059bddf4b0a3fd2557dd,1,Microsoft.NETCore.App.Runtime.win-x64/10.0.12:runtimes/win-x64/lib/net10.0/System.IO.Pipelines.dll,expression:MIT
EsilvaSoft.KapibaraStudio-0.11.0-win-x64.zip,EsilvaSoft.KapibaraStudio.Desktop.exe,System.IO.Pipes.AccessControl.dll,15656,1102f25a6e88f2fae81e4cd3628d8ef826f847b9c9b6a4d32ff8b37e0300da35,1,Microsoft.NETCore.App.Runtime.win-x64/10.0.12:runtimes/win-x64/lib/net10.0/System.IO.Pipes.AccessControl.dll,expression:MIT
EsilvaSoft.KapibaraStudio-0.11.0-win-x64.zip,EsilvaSoft.KapibaraStudio.Desktop.exe,System.IO.Pipes.dll,165712,3804f9992861122e60990b0765d0b50b33cdc2e4d89d26d9dbf8641d1d0134a2,1,Microsoft.NETCore.App.Runtime.win-x64/10.0.12:runtimes/win-x64/lib/net10.0/System.IO.Pipes.dll,expression:MIT
EsilvaSoft.KapibaraStudio-0.11.0-win-x64.zip,EsilvaSoft.KapibaraStudio.Desktop.exe,System.IO.UnmanagedMemoryStream.dll,15696,ad6a5f859589e1951103a00f45566da079cf87bd8b03f0c6ad985a6f39f19c5a,1,Microsoft.NETCore.App.Runtime.win-x64/10.0.12:runtimes/win-x64/lib/net10.0/System.IO.UnmanagedMemoryStream.dll,expression:MIT
EsilvaSoft.KapibaraStudio-0.11.0-win-x64.zip,EsilvaSoft.KapibaraStudio.Desktop.exe,System.IO.dll,15656,388400ccb189b819d6ec5f1ef70710a39641d93ed5b870fc9324866b75dfb78b,1,Microsoft.NETCore.App.Runtime.win-x64/10.0.12:runtimes/win-x64/lib/net10.0/System.IO.dll,expression:MIT
EsilvaSoft.KapibaraStudio-0.11.0-win-x64.zip,EsilvaSoft.KapibaraStudio.Desktop.exe,System.Linq.AsyncEnumerable.dll,1292072,925208e8ac40ac3f7b988aba6ccbbb58adac38ad1876a7d97ee137be6c21a653,1,Microsoft.NETCore.App.Runtime.win-x64/10.0.12:runtimes/win-x64/lib/net10.0/System.Linq.AsyncEnumerable.dll,expression:MIT
EsilvaSoft.KapibaraStudio-0.11.0-win-x64.zip,EsilvaSoft.KapibaraStudio.Desktop.exe,System.Linq.Expressions.dll,3639080,8830f4a6a6982f53cfbb54f992858ee36b4994a6ff6e6078c39627e77bef282f,1,Microsoft.NETCore.App.Runtime.win-x64/10.0.12:runtimes/win-x64/lib/net10.0/System.Linq.Expressions.dll,expression:MIT
EsilvaSoft.KapibaraStudio-0.11.0-win-x64.zip,EsilvaSoft.KapibaraStudio.Desktop.exe,System.Linq.Parallel.dll,775976,aa6068e3d8f6b2e492cc63dcaad6b02942edbae445cb2b88c24f1850b25c49f5,1,Microsoft.NETCore.App.Runtime.win-x64/10.0.12:runtimes/win-x64/lib/net10.0/System.Linq.Parallel.dll,expression:MIT
EsilvaSoft.KapibaraStudio-0.11.0-win-x64.zip,EsilvaSoft.KapibaraStudio.Desktop.exe,System.Linq.Queryable.dll,182056,b3b3a9c1b87a51dacd46a3f9ec392c5d05e449152d44d6bd495df0994350e2fa,1,Microsoft.NETCore.App.Runtime.win-x64/10.0.12:runtimes/win-x64/lib/net10.0/System.Linq.Queryable.dll,expression:MIT
EsilvaSoft.KapibaraStudio-0.11.0-win-x64.zip,EsilvaSoft.KapibaraStudio.Desktop.exe,System.Linq.dll,698192,284d38945b6e92e847129bd28af458b19818d0f2181f79882888ab2003f4c519,1,Microsoft.NETCore.App.Runtime.win-x64/10.0.12:runtimes/win-x64/lib/net10.0/System.Linq.dll,expression:MIT
EsilvaSoft.KapibaraStudio-0.11.0-win-x64.zip,EsilvaSoft.KapibaraStudio.Desktop.exe,System.Memory.dll,161576,f8f9d38efd6b0de30954d6bf1f353e9617bfb36d3d245c013a3b12be9f6bd88a,1,Microsoft.NETCore.App.Runtime.win-x64/10.0.12:runtimes/win-x64/lib/net10.0/System.Memory.dll,expression:MIT
EsilvaSoft.KapibaraStudio-0.11.0-win-x64.zip,EsilvaSoft.KapibaraStudio.Desktop.exe,System.Net.Http.Json.dll,128848,a9fe81ba3c048f9977e0099800eefd570a49be723c555725da57ba797c92b4e0,1,Microsoft.NETCore.App.Runtime.win-x64/10.0.12:runtimes/win-x64/lib/net10.0/System.Net.Http.Json.dll,expression:MIT
EsilvaSoft.KapibaraStudio-0.11.0-win-x64.zip,EsilvaSoft.KapibaraStudio.Desktop.exe,System.Net.Http.dll,1746768,b98ed0cb80dd54c33fc049f33af5448710752155bbd5cc8cbcd932e01f066801,1,Microsoft.NETCore.App.Runtime.win-x64/10.0.12:runtimes/win-x64/lib/net10.0/System.Net.Http.dll,expression:MIT
EsilvaSoft.KapibaraStudio-0.11.0-win-x64.zip,EsilvaSoft.KapibaraStudio.Desktop.exe,System.Net.HttpListener.dll,534312,3dfe11fb30c5f84c911d9562be6c2037113cd8976ef2def3550ac415ae58955b,1,Microsoft.NETCore.App.Runtime.win-x64/10.0.12:runtimes/win-x64/lib/net10.0/System.Net.HttpListener.dll,expression:MIT
EsilvaSoft.KapibaraStudio-0.11.0-win-x64.zip,EsilvaSoft.KapibaraStudio.Desktop.exe,System.Net.Mail.dll,481064,b585a55ee67c80d7f02a84d50d626d279c7aa77fd3e38206b434bd20c181eedc,1,Microsoft.NETCore.App.Runtime.win-x64/10.0.12:runtimes/win-x64/lib/net10.0/System.Net.Mail.dll,expression:MIT
EsilvaSoft.KapibaraStudio-0.11.0-win-x64.zip,EsilvaSoft.KapibaraStudio.Desktop.exe,System.Net.NameResolution.dll,124712,e786c0940f5322f0ad6e8e34e7b582e5b050df0fb2230329325307e61bfd994c,1,Microsoft.NETCore.App.Runtime.win-x64/10.0.12:runtimes/win-x64/lib/net10.0/System.Net.NameResolution.dll,expression:MIT
EsilvaSoft.KapibaraStudio-0.11.0-win-x64.zip,EsilvaSoft.KapibaraStudio.Desktop.exe,System.Net.NetworkInformation.dll,157520,7e8791833eb2d0aea77b119fed3cab8bf501f6a553155cc1c4e5b1c02f65593b,1,Microsoft.NETCore.App.Runtime.win-x64/10.0.12:runtimes/win-x64/lib/net10.0/System.Net.NetworkInformation.dll,expression:MIT
EsilvaSoft.KapibaraStudio-0.11.0-win-x64.zip,EsilvaSoft.KapibaraStudio.Desktop.exe,System.Net.Ping.dll,91984,06bb307343db955a312634d00ba5e097cf5168a901284437592c28d780804e33,1,Microsoft.NETCore.App.Runtime.win-x64/10.0.12:runtimes/win-x64/lib/net10.0/System.Net.Ping.dll,expression:MIT
EsilvaSoft.KapibaraStudio-0.11.0-win-x64.zip,EsilvaSoft.KapibaraStudio.Desktop.exe,System.Net.Primitives.dll,210728,4dbb41a178ef013a898327152eccd146228dd2eb83859b9bb36078333b41f0f1,1,Microsoft.NETCore.App.Runtime.win-x64/10.0.12:runtimes/win-x64/lib/net10.0/System.Net.Primitives.dll,expression:MIT
EsilvaSoft.KapibaraStudio-0.11.0-win-x64.zip,EsilvaSoft.KapibaraStudio.Desktop.exe,System.Net.Quic.dll,358224,af5b52cdee62d014af677c411530a3fde5c1c368adecb8f83dcfe9246e8bbe73,1,Microsoft.NETCore.App.Runtime.win-x64/10.0.12:runtimes/win-x64/lib/net10.0/System.Net.Quic.dll,expression:MIT
EsilvaSoft.KapibaraStudio-0.11.0-win-x64.zip,EsilvaSoft.KapibaraStudio.Desktop.exe,System.Net.Requests.dll,374568,ed82d9d0b7942b2b02c5744a4591fbe2316879618adfc5660c9f111f814155f2,1,Microsoft.NETCore.App.Runtime.win-x64/10.0.12:runtimes/win-x64/lib/net10.0/System.Net.Requests.dll,expression:MIT
EsilvaSoft.KapibaraStudio-0.11.0-win-x64.zip,EsilvaSoft.KapibaraStudio.Desktop.exe,System.Net.Security.dll,665424,a78bd713e807729f15b0e085c67fd6cbfefa85736a2618512d4ff1212759eba5,1,Microsoft.NETCore.App.Runtime.win-x64/10.0.12:runtimes/win-x64/lib/net10.0/System.Net.Security.dll,expression:MIT
EsilvaSoft.KapibaraStudio-0.11.0-win-x64.zip,EsilvaSoft.KapibaraStudio.Desktop.exe,System.Net.ServerSentEvents.dll,83752,c0b1944020d0e5688b90fba9f29209e367674e29d2020f700c302994d5417eda,1,Microsoft.NETCore.App.Runtime.win-x64/10.0.12:runtimes/win-x64/lib/net10.0/System.Net.ServerSentEvents.dll,expression:MIT
EsilvaSoft.KapibaraStudio-0.11.0-win-x64.zip,EsilvaSoft.KapibaraStudio.Desktop.exe,System.Net.ServicePoint.dll,15144,84fa83cd96e62fda02991b8a8e99fa1c7b3ac08807b04f7486a896cfe6b4a760,1,Microsoft.NETCore.App.Runtime.win-x64/10.0.12:runtimes/win-x64/lib/net10.0/System.Net.ServicePoint.dll,expression:MIT
EsilvaSoft.KapibaraStudio-0.11.0-win-x64.zip,EsilvaSoft.KapibaraStudio.Desktop.exe,System.Net.Sockets.dll,530216,645c56d637ce15976998119e50722a911315682ce141b4aab98874ce1b063f3a,1,Microsoft.NETCore.App.Runtime.win-x64/10.0.12:runtimes/win-x64/lib/net10.0/System.Net.Sockets.dll,expression:MIT
EsilvaSoft.KapibaraStudio-0.11.0-win-x64.zip,EsilvaSoft.KapibaraStudio.Desktop.exe,System.Net.WebClient.dll,165672,defa7bbf90c77ed01d6add53f678e4adfbcf97f3b1152affec06e652d327f1a2,1,Microsoft.NETCore.App.Runtime.win-x64/10.0.12:runtimes/win-x64/lib/net10.0/System.Net.WebClient.dll,expression:MIT
EsilvaSoft.KapibaraStudio-0.11.0-win-x64.zip,EsilvaSoft.KapibaraStudio.Desktop.exe,System.Net.WebHeaderCollection.dll,63312,74d66f776b4c15936a7b887f47ceb8bf277dbe82e71a78dd3ea5d02502b081e7,1,Microsoft.NETCore.App.Runtime.win-x64/10.0.12:runtimes/win-x64/lib/net10.0/System.Net.WebHeaderCollection.dll,expression:MIT
EsilvaSoft.KapibaraStudio-0.11.0-win-x64.zip,EsilvaSoft.KapibaraStudio.Desktop.exe,System.Net.WebProxy.dll,42832,408e3daabb3f42b4f1b72a1e1def38f12ba58eb9d23dca620086819cf7484195,1,Microsoft.NETCore.App.Runtime.win-x64/10.0.12:runtimes/win-x64/lib/net10.0/System.Net.WebProxy.dll,expression:MIT
EsilvaSoft.KapibaraStudio-0.11.0-win-x64.zip,EsilvaSoft.KapibaraStudio.Desktop.exe,System.Net.WebSockets.Client.dll,104232,f308a69b9ee1ac982f53d1d94374f4972a7e3c700742901ff7c2bbfb570019d2,1,Microsoft.NETCore.App.Runtime.win-x64/10.0.12:runtimes/win-x64/lib/net10.0/System.Net.WebSockets.Client.dll,expression:MIT
EsilvaSoft.KapibaraStudio-0.11.0-win-x64.zip,EsilvaSoft.KapibaraStudio.Desktop.exe,System.Net.WebSockets.dll,243496,c014a074d408c71011e26eac69be85003a852cfe115e8608bb5d4fd70536eb2e,1,Microsoft.NETCore.App.Runtime.win-x64/10.0.12:runtimes/win-x64/lib/net10.0/System.Net.WebSockets.dll,expression:MIT
EsilvaSoft.KapibaraStudio-0.11.0-win-x64.zip,EsilvaSoft.KapibaraStudio.Desktop.exe,System.Net.dll,17192,481b38c912f8779b3510cd00f079e45096ea22b6defdaab66780d5ac3ae6986a,1,Microsoft.NETCore.App.Runtime.win-x64/10.0.12:runtimes/win-x64/lib/net10.0/System.Net.dll,expression:MIT
EsilvaSoft.KapibaraStudio-0.11.0-win-x64.zip,EsilvaSoft.KapibaraStudio.Desktop.exe,System.Numerics.Vectors.dll,15656,a9a980ee33ed0c798a5e1960c4557521f465ac9e0987dfd2c3049d53b1f2fa5a,1,Microsoft.NETCore.App.Runtime.win-x64/10.0.12:runtimes/win-x64/lib/net10.0/System.Numerics.Vectors.dll,expression:MIT
EsilvaSoft.KapibaraStudio-0.11.0-win-x64.zip,EsilvaSoft.KapibaraStudio.Desktop.exe,System.Numerics.dll,15184,35adc9360421b3b7a3d50399cb2c651c160158d7e8c302907acbce5f61f4a4f7,1,Microsoft.NETCore.App.Runtime.win-x64/10.0.12:runtimes/win-x64/lib/net10.0/System.Numerics.dll,expression:MIT
EsilvaSoft.KapibaraStudio-0.11.0-win-x64.zip,EsilvaSoft.KapibaraStudio.Desktop.exe,System.ObjectModel.dll,79656,2179bb19f335b4fcacd0994ad2ccfdac6840deff09c7889debfe9dbb5b88a3e6,1,Microsoft.NETCore.App.Runtime.win-x64/10.0.12:runtimes/win-x64/lib/net10.0/System.ObjectModel.dll,expression:MIT
EsilvaSoft.KapibaraStudio-0.11.0-win-x64.zip,EsilvaSoft.KapibaraStudio.Desktop.exe,System.Private.CoreLib.dll,16033576,1125acc8106c43fc8bad2d203c4c4485df6182d292846c2fff415c1040c54678,1,Microsoft.NETCore.App.Runtime.win-x64/10.0.12:runtimes/win-x64/lib/net10.0/System.Private.CoreLib.dll,expression:MIT
EsilvaSoft.KapibaraStudio-0.11.0-win-x64.zip,EsilvaSoft.KapibaraStudio.Desktop.exe,System.Private.DataContractSerialization.dll,2062120,8c07a5333c4e938cad8ac8f24b5965121bc0622442a352cbe81c58f17c2349a8,1,Microsoft.NETCore.App.Runtime.win-x64/10.0.12:runtimes/win-x64/lib/net10.0/System.Private.DataContractSerialization.dll,expression:MIT
EsilvaSoft.KapibaraStudio-0.11.0-win-x64.zip,EsilvaSoft.KapibaraStudio.Desktop.exe,System.Private.Uri.dll,255824,b15c84d2120e1ec9612c66ba59bc3d7e67d841e2bce7b7d0478cb212537539b4,1,Microsoft.NETCore.App.Runtime.win-x64/10.0.12:runtimes/win-x64/lib/net10.0/System.Private.Uri.dll,expression:MIT
EsilvaSoft.KapibaraStudio-0.11.0-win-x64.zip,EsilvaSoft.KapibaraStudio.Desktop.exe,System.Private.Xml.Linq.dll,390952,c832b73de9783e6929ca5ff4863fc313e13ef7cfb5965c52587c4f77f6e037a7,1,Microsoft.NETCore.App.Runtime.win-x64/10.0.12:runtimes/win-x64/lib/net10.0/System.Private.Xml.Linq.dll,expression:MIT
EsilvaSoft.KapibaraStudio-0.11.0-win-x64.zip,EsilvaSoft.KapibaraStudio.Desktop.exe,System.Private.Xml.dll,7788328,d71e72a7a9de324352edd281a46466b51bd0bdd2831b1573f8d3bae8bd2dd4a6,1,Microsoft.NETCore.App.Runtime.win-x64/10.0.12:runtimes/win-x64/lib/net10.0/System.Private.Xml.dll,expression:MIT
EsilvaSoft.KapibaraStudio-0.11.0-win-x64.zip,EsilvaSoft.KapibaraStudio.Desktop.exe,System.Reflection.DispatchProxy.dll,75600,bf93a361c0bba8497889c9f7713add5968ba39394f9e6bda27e86294c6c43560,1,Microsoft.NETCore.App.Runtime.win-x64/10.0.12:runtimes/win-x64/lib/net10.0/System.Reflection.DispatchProxy.dll,expression:MIT
EsilvaSoft.KapibaraStudio-0.11.0-win-x64.zip,EsilvaSoft.KapibaraStudio.Desktop.exe,System.Reflection.Emit.ILGeneration.dll,15656,6b42ddd05b0ca1c7342d73ea9f401fe588044215d65c67b756deb780f0894a26,1,Microsoft.NETCore.App.Runtime.win-x64/10.0.12:runtimes/win-x64/lib/net10.0/System.Reflection.Emit.ILGeneration.dll,expression:MIT
EsilvaSoft.KapibaraStudio-0.11.0-win-x64.zip,EsilvaSoft.KapibaraStudio.Desktop.exe,System.Reflection.Emit.Lightweight.dll,15656,d2724a2b7b46146877ec1f6e400c49ea05f84bdd31f3bba52ae139ee68a4f779,1,Microsoft.NETCore.App.Runtime.win-x64/10.0.12:runtimes/win-x64/lib/net10.0/System.Reflection.Emit.Lightweight.dll,expression:MIT
EsilvaSoft.KapibaraStudio-0.11.0-win-x64.zip,EsilvaSoft.KapibaraStudio.Desktop.exe,System.Reflection.Emit.dll,309032,09059981bbeea0fdc5df589be5d7e3937d57e22bec4d78ceb492c587926fc238,1,Microsoft.NETCore.App.Runtime.win-x64/10.0.12:runtimes/win-x64/lib/net10.0/System.Reflection.Emit.dll,expression:MIT
EsilvaSoft.KapibaraStudio-0.11.0-win-x64.zip,EsilvaSoft.KapibaraStudio.Desktop.exe,System.Reflection.Extensions.dll,15144,ceb1b81e1eb488d87bd43d16dc54450b2a78e0b653c44c988aae2a20abc162bc,1,Microsoft.NETCore.App.Runtime.win-x64/10.0.12:runtimes/win-x64/lib/net10.0/System.Reflection.Extensions.dll,expression:MIT
EsilvaSoft.KapibaraStudio-0.11.0-win-x64.zip,EsilvaSoft.KapibaraStudio.Desktop.exe,System.Reflection.Metadata.dll,1156904,82973e772017944a0548e445f30757595d95fe99e1f5c4a446df8c4db04b1c18,1,Microsoft.NETCore.App.Runtime.win-x64/10.0.12:runtimes/win-x64/lib/net10.0/System.Reflection.Metadata.dll,expression:MIT
EsilvaSoft.KapibaraStudio-0.11.0-win-x64.zip,EsilvaSoft.KapibaraStudio.Desktop.exe,System.Reflection.Primitives.dll,15656,c2bbd885d03da5e880667c228ac1f56a5f3a72ea37d43f010ada000adc33da28,1,Microsoft.NETCore.App.Runtime.win-x64/10.0.12:runtimes/win-x64/lib/net10.0/System.Reflection.Primitives.dll,expression:MIT
EsilvaSoft.KapibaraStudio-0.11.0-win-x64.zip,EsilvaSoft.KapibaraStudio.Desktop.exe,System.Reflection.TypeExtensions.dll,42792,7cac73ed746ce05a4a2f1e61dd52d41322ecc6ba84cfec463380f49487031459,1,Microsoft.NETCore.App.Runtime.win-x64/10.0.12:runtimes/win-x64/lib/net10.0/System.Reflection.TypeExtensions.dll,expression:MIT
EsilvaSoft.KapibaraStudio-0.11.0-win-x64.zip,EsilvaSoft.KapibaraStudio.Desktop.exe,System.Reflection.dll,16168,95059346d6271dd6d0322cc321e5fb8cceab662f550c67aee7615059e41739bb,1,Microsoft.NETCore.App.Runtime.win-x64/10.0.12:runtimes/win-x64/lib/net10.0/System.Reflection.dll,expression:MIT
EsilvaSoft.KapibaraStudio-0.11.0-win-x64.zip,EsilvaSoft.KapibaraStudio.Desktop.exe,System.Resources.Reader.dll,15144,20bdb5d302b5e28f6042c9f281cfa3ae2f2358544cc40783052fe5abf6aa859b,1,Microsoft.NETCore.App.Runtime.win-x64/10.0.12:runtimes/win-x64/lib/net10.0/System.Resources.Reader.dll,expression:MIT
EsilvaSoft.KapibaraStudio-0.11.0-win-x64.zip,EsilvaSoft.KapibaraStudio.Desktop.exe,System.Resources.ResourceManager.dll,15696,f709eb5cf16e26679782784c428825019785fcc7085562092425d4999bece03d,1,Microsoft.NETCore.App.Runtime.win-x64/10.0.12:runtimes/win-x64/lib/net10.0/System.Resources.ResourceManager.dll,expression:MIT
EsilvaSoft.KapibaraStudio-0.11.0-win-x64.zip,EsilvaSoft.KapibaraStudio.Desktop.exe,System.Resources.Writer.dll,50984,684836486b9ba2817efa3099118860d259fd16db0c4c0533d42cad8c6c165b62,1,Microsoft.NETCore.App.Runtime.win-x64/10.0.12:runtimes/win-x64/lib/net10.0/System.Resources.Writer.dll,expression:MIT
EsilvaSoft.KapibaraStudio-0.11.0-win-x64.zip,EsilvaSoft.KapibaraStudio.Desktop.exe,System.Runtime.CompilerServices.Unsafe.dll,15184,6e685ec0477b21a688cd38bfcafc673888cdf186c99df3c96fab352e96d6fdc8,1,Microsoft.NETCore.App.Runtime.win-x64/10.0.12:runtimes/win-x64/lib/net10.0/System.Runtime.CompilerServices.Unsafe.dll,expression:MIT
EsilvaSoft.KapibaraStudio-0.11.0-win-x64.zip,EsilvaSoft.KapibaraStudio.Desktop.exe,System.Runtime.CompilerServices.VisualC.dll,30504,5fd85d3d7b47a921bdf48bf938c6615a49a4a3d493e1ea199f1b997c709618f4,1,Microsoft.NETCore.App.Runtime.win-x64/10.0.12:runtimes/win-x64/lib/net10.0/System.Runtime.CompilerServices.VisualC.dll,expression:MIT
EsilvaSoft.KapibaraStudio-0.11.0-win-x64.zip,EsilvaSoft.KapibaraStudio.Desktop.exe,System.Runtime.Extensions.dll,17704,3d7b517d4fd89ee58c53e0f642cc9be42e7a8669b51a85e861dafe118067cbfd,1,Microsoft.NETCore.App.Runtime.win-x64/10.0.12:runtimes/win-x64/lib/net10.0/System.Runtime.Extensions.dll,expression:MIT
EsilvaSoft.KapibaraStudio-0.11.0-win-x64.zip,EsilvaSoft.KapibaraStudio.Desktop.exe,System.Runtime.Handles.dll,15656,985457a3e6a67e96a445ee0fb69b2d58bcdadc4c964253fb63e2d5061a36b050,1,Microsoft.NETCore.App.Runtime.win-x64/10.0.12:runtimes/win-x64/lib/net10.0/System.Runtime.Handles.dll,expression:MIT
EsilvaSoft.KapibaraStudio-0.11.0-win-x64.zip,EsilvaSoft.KapibaraStudio.Desktop.exe,System.Runtime.InteropServices.JavaScript.dll,50984,5ba32bcde2d72362db2d6e02763ece79fa35bc878b50493e956ce594307e997f,1,Microsoft.NETCore.App.Runtime.win-x64/10.0.12:runtimes/win-x64/lib/net10.0/System.Runtime.InteropServices.JavaScript.dll,expression:MIT
EsilvaSoft.KapibaraStudio-0.11.0-win-x64.zip,EsilvaSoft.KapibaraStudio.Desktop.exe,System.Runtime.InteropServices.RuntimeInformation.dll,15656,c26d9f94329422bd000f28f6c65fdc162bf9397a6d29e418a189d4ca49c5c3ec,1,Microsoft.NETCore.App.Runtime.win-x64/10.0.12:runtimes/win-x64/lib/net10.0/System.Runtime.InteropServices.RuntimeInformation.dll,expression:MIT
EsilvaSoft.KapibaraStudio-0.11.0-win-x64.zip,EsilvaSoft.KapibaraStudio.Desktop.exe,System.Runtime.InteropServices.dll,112464,e5eb1679f3579c9141e2bb9dbdce62624a623f38d299805cc1de07bacd21841f,1,Microsoft.NETCore.App.Runtime.win-x64/10.0.12:runtimes/win-x64/lib/net10.0/System.Runtime.InteropServices.dll,expression:MIT
EsilvaSoft.KapibaraStudio-0.11.0-win-x64.zip,EsilvaSoft.KapibaraStudio.Desktop.exe,System.Runtime.Intrinsics.dll,17192,b07694ec91f3a200acf0f8b37c6ce5fcf05126a9198ae156d839fa5ca8439dc5,1,Microsoft.NETCore.App.Runtime.win-x64/10.0.12:runtimes/win-x64/lib/net10.0/System.Runtime.Intrinsics.dll,expression:MIT
EsilvaSoft.KapibaraStudio-0.11.0-win-x64.zip,EsilvaSoft.KapibaraStudio.Desktop.exe,System.Runtime.Loader.dll,15656,9b9b2a4f0358d9146e76178ddb87d019be380c78baa7dac853493d45df089f03,1,Microsoft.NETCore.App.Runtime.win-x64/10.0.12:runtimes/win-x64/lib/net10.0/System.Runtime.Loader.dll,expression:MIT
EsilvaSoft.KapibaraStudio-0.11.0-win-x64.zip,EsilvaSoft.KapibaraStudio.Desktop.exe,System.Runtime.Numerics.dll,354128,8ac94fb810c092a9297a903762e79a75ae07d7229d0721540c391f86d3d5d220,1,Microsoft.NETCore.App.Runtime.win-x64/10.0.12:runtimes/win-x64/lib/net10.0/System.Runtime.Numerics.dll,expression:MIT
EsilvaSoft.KapibaraStudio-0.11.0-win-x64.zip,EsilvaSoft.KapibaraStudio.Desktop.exe,System.Runtime.Serialization.Formatters.dll,124712,5e8e957c6b7a63132555ede5bcf5fe6a59934c83300e28074ec6e9845ecdd17f,1,Microsoft.NETCore.App.Runtime.win-x64/10.0.12:runtimes/win-x64/lib/net10.0/System.Runtime.Serialization.Formatters.dll,expression:MIT
EsilvaSoft.KapibaraStudio-0.11.0-win-x64.zip,EsilvaSoft.KapibaraStudio.Desktop.exe,System.Runtime.Serialization.Json.dll,15656,2fd71e3545dab4fc89b3fe54d13a1142f26a0cf187ebe375b3f7fa210fcb2596,1,Microsoft.NETCore.App.Runtime.win-x64/10.0.12:runtimes/win-x64/lib/net10.0/System.Runtime.Serialization.Json.dll,expression:MIT
EsilvaSoft.KapibaraStudio-0.11.0-win-x64.zip,EsilvaSoft.KapibaraStudio.Desktop.exe,System.Runtime.Serialization.Primitives.dll,38696,f96093940e64d8eead98c86de9773d3c9d12c2b033bc6b1312ac88398303fdf3,1,Microsoft.NETCore.App.Runtime.win-x64/10.0.12:runtimes/win-x64/lib/net10.0/System.Runtime.Serialization.Primitives.dll,expression:MIT
EsilvaSoft.KapibaraStudio-0.11.0-win-x64.zip,EsilvaSoft.KapibaraStudio.Desktop.exe,System.Runtime.Serialization.Xml.dll,16680,eedb66ea2cd1a26cc45a46d6631209ccbec959af82208872a93b3ae52f189222,1,Microsoft.NETCore.App.Runtime.win-x64/10.0.12:runtimes/win-x64/lib/net10.0/System.Runtime.Serialization.Xml.dll,expression:MIT
EsilvaSoft.KapibaraStudio-0.11.0-win-x64.zip,EsilvaSoft.KapibaraStudio.Desktop.exe,System.Runtime.Serialization.dll,17192,d565fc261ca98cbd14833821f777860291e8a0f775de7aee91778a9f6647f6f4,1,Microsoft.NETCore.App.Runtime.win-x64/10.0.12:runtimes/win-x64/lib/net10.0/System.Runtime.Serialization.dll,expression:MIT
EsilvaSoft.KapibaraStudio-0.11.0-win-x64.zip,EsilvaSoft.KapibaraStudio.Desktop.exe,System.Runtime.dll,44840,76be53624f64b23d0249dfa0bbe85390086de7c44bfd490642ea86c6faaf44af,1,Microsoft.NETCore.App.Runtime.win-x64/10.0.12:runtimes/win-x64/lib/net10.0/System.Runtime.dll,expression:MIT
EsilvaSoft.KapibaraStudio-0.11.0-win-x64.zip,EsilvaSoft.KapibaraStudio.Desktop.exe,System.Security.AccessControl.dll,227112,cdc304f9ddb32023adb8db8953e56711c9b64462e4341d0b62e87ccd19dc7b10,1,Microsoft.NETCore.App.Runtime.win-x64/10.0.12:runtimes/win-x64/lib/net10.0/System.Security.AccessControl.dll,expression:MIT
EsilvaSoft.KapibaraStudio-0.11.0-win-x64.zip,EsilvaSoft.KapibaraStudio.Desktop.exe,System.Security.Claims.dll,100176,c53c8a7e95d8296f951872fdd2e6334d11c20bffd4322f1a088773bf9dcaa3c2,1,Microsoft.NETCore.App.Runtime.win-x64/10.0.12:runtimes/win-x64/lib/net10.0/System.Security.Claims.dll,expression:MIT
EsilvaSoft.KapibaraStudio-0.11.0-win-x64.zip,EsilvaSoft.KapibaraStudio.Desktop.exe,System.Security.Cryptography.Algorithms.dll,17232,eb99ae7dbe058a1b015aba6769ce1f65155b7ff51ff9a7203fcf6d7cdea5fef7,1,Microsoft.NETCore.App.Runtime.win-x64/10.0.12:runtimes/win-x64/lib/net10.0/System.Security.Cryptography.Algorithms.dll,expression:MIT
EsilvaSoft.KapibaraStudio-0.11.0-win-x64.zip,EsilvaSoft.KapibaraStudio.Desktop.exe,System.Security.Cryptography.Cng.dll,16168,7319f97896d92a7d0729cf28dc6c4d1f797c1520b656ee01a780eec726ec2c16,1,Microsoft.NETCore.App.Runtime.win-x64/10.0.12:runtimes/win-x64/lib/net10.0/System.Security.Cryptography.Cng.dll,expression:MIT
EsilvaSoft.KapibaraStudio-0.11.0-win-x64.zip,EsilvaSoft.KapibaraStudio.Desktop.exe,System.Security.Cryptography.Csp.dll,16208,4002af141e9cb29875b677841adf64a9681e5672c2595492dcbc161460d4e121,1,Microsoft.NETCore.App.Runtime.win-x64/10.0.12:runtimes/win-x64/lib/net10.0/System.Security.Cryptography.Csp.dll,expression:MIT
EsilvaSoft.KapibaraStudio-0.11.0-win-x64.zip,EsilvaSoft.KapibaraStudio.Desktop.exe,System.Security.Cryptography.Encoding.dll,15656,994494aec7760f40fade2264aa7c13eebae36360f0b1399a7134bb19c9d58fda,1,Microsoft.NETCore.App.Runtime.win-x64/10.0.12:runtimes/win-x64/lib/net10.0/System.Security.Cryptography.Encoding.dll,expression:MIT
EsilvaSoft.KapibaraStudio-0.11.0-win-x64.zip,EsilvaSoft.KapibaraStudio.Desktop.exe,System.Security.Cryptography.OpenSsl.dll,15656,1a8902bbad1b577a98bec62a8472105dc1e9a253e390f69fbe3d167e93206968,1,Microsoft.NETCore.App.Runtime.win-x64/10.0.12:runtimes/win-x64/lib/net10.0/System.Security.Cryptography.OpenSsl.dll,expression:MIT
EsilvaSoft.KapibaraStudio-0.11.0-win-x64.zip,EsilvaSoft.KapibaraStudio.Desktop.exe,System.Security.Cryptography.Primitives.dll,15656,194cccea9354bb248e44c954b5373f9069163f8f21524b3ee4b3185fe436bc15,1,Microsoft.NETCore.App.Runtime.win-x64/10.0.12:runtimes/win-x64/lib/net10.0/System.Security.Cryptography.Primitives.dll,expression:MIT
EsilvaSoft.KapibaraStudio-0.11.0-win-x64.zip,EsilvaSoft.KapibaraStudio.Desktop.exe,System.Security.Cryptography.X509Certificates.dll,16680,7439c3b90bc2ee49a9275b28ed29052b4d48b45999ac1b7d25593033b1bb8dd6,1,Microsoft.NETCore.App.Runtime.win-x64/10.0.12:runtimes/win-x64/lib/net10.0/System.Security.Cryptography.X509Certificates.dll,expression:MIT
EsilvaSoft.KapibaraStudio-0.11.0-win-x64.zip,EsilvaSoft.KapibaraStudio.Desktop.exe,System.Security.Cryptography.dll,2549544,e0a839a540e47343b53a936b32d91599a3470005228d50fd0b896f8bbdcc65b0,1,Microsoft.NETCore.App.Runtime.win-x64/10.0.12:runtimes/win-x64/lib/net10.0/System.Security.Cryptography.dll,expression:MIT
EsilvaSoft.KapibaraStudio-0.11.0-win-x64.zip,EsilvaSoft.KapibaraStudio.Desktop.exe,System.Security.Principal.Windows.dll,178000,2311a3f92971de918943573dfb66e04e25c1d543663951eb24e8eb1a0dcd4251,1,Microsoft.NETCore.App.Runtime.win-x64/10.0.12:runtimes/win-x64/lib/net10.0/System.Security.Principal.Windows.dll,expression:MIT
EsilvaSoft.KapibaraStudio-0.11.0-win-x64.zip,EsilvaSoft.KapibaraStudio.Desktop.exe,System.Security.Principal.dll,15144,1d3e351058be3a33214b23b308fe57f78cd6fd4d8fad448fc84cbbe7376129f9,1,Microsoft.NETCore.App.Runtime.win-x64/10.0.12:runtimes/win-x64/lib/net10.0/System.Security.Principal.dll,expression:MIT
EsilvaSoft.KapibaraStudio-0.11.0-win-x64.zip,EsilvaSoft.KapibaraStudio.Desktop.exe,System.Security.SecureString.dll,15696,73aac97072b7deefa4de9647bf822162224f1452ad467841b989ff89d4d94595,1,Microsoft.NETCore.App.Runtime.win-x64/10.0.12:runtimes/win-x64/lib/net10.0/System.Security.SecureString.dll,expression:MIT
EsilvaSoft.KapibaraStudio-0.11.0-win-x64.zip,EsilvaSoft.KapibaraStudio.Desktop.exe,System.Security.dll,18256,d8efd304765e859369698efef9b3ca707defa8e142721fe5605d7a2de7d38375,1,Microsoft.NETCore.App.Runtime.win-x64/10.0.12:runtimes/win-x64/lib/net10.0/System.Security.dll,expression:MIT
EsilvaSoft.KapibaraStudio-0.11.0-win-x64.zip,EsilvaSoft.KapibaraStudio.Desktop.exe,System.ServiceModel.Web.dll,16680,ce91013ee3a9a9d69a85e258f7749e6ece488295d7cb66f7c1079f2e8678fc5e,1,Microsoft.NETCore.App.Runtime.win-x64/10.0.12:runtimes/win-x64/lib/net10.0/System.ServiceModel.Web.dll,expression:MIT
EsilvaSoft.KapibaraStudio-0.11.0-win-x64.zip,EsilvaSoft.KapibaraStudio.Desktop.exe,System.ServiceProcess.dll,15696,63fc498c9d04e3c4345dfdb8016ad0639d54562dd7d8c707c072792c854df944,1,Microsoft.NETCore.App.Runtime.win-x64/10.0.12:runtimes/win-x64/lib/net10.0/System.ServiceProcess.dll,expression:MIT
EsilvaSoft.KapibaraStudio-0.11.0-win-x64.zip,EsilvaSoft.KapibaraStudio.Desktop.exe,System.Text.Encoding.CodePages.dll,862032,226e216e33c94ef7594bdffe670ba4dc5907151c113cb41ac9e9d570227e1765,1,Microsoft.NETCore.App.Runtime.win-x64/10.0.12:runtimes/win-x64/lib/net10.0/System.Text.Encoding.CodePages.dll,expression:MIT
EsilvaSoft.KapibaraStudio-0.11.0-win-x64.zip,EsilvaSoft.KapibaraStudio.Desktop.exe,System.Text.Encoding.Extensions.dll,15656,8f51b9535db64fe027a40d6076200b1a6b0889bf05f62bb8e68c3eb083c7f113,1,Microsoft.NETCore.App.Runtime.win-x64/10.0.12:runtimes/win-x64/lib/net10.0/System.Text.Encoding.Extensions.dll,expression:MIT
EsilvaSoft.KapibaraStudio-0.11.0-win-x64.zip,EsilvaSoft.KapibaraStudio.Desktop.exe,System.Text.Encoding.dll,15696,5e347db6b4f9b2746d50e1ac85be2d9cc7dc4038fde98ac4295bc7030c83cda9,1,Microsoft.NETCore.App.Runtime.win-x64/10.0.12:runtimes/win-x64/lib/net10.0/System.Text.Encoding.dll,expression:MIT
EsilvaSoft.KapibaraStudio-0.11.0-win-x64.zip,EsilvaSoft.KapibaraStudio.Desktop.exe,System.Text.Encodings.Web.dll,124752,d20431f20d992e71a4e82e5f25c822474e2f4097d8527972d3d78ea1f26e47c3,1,Microsoft.NETCore.App.Runtime.win-x64/10.0.12:runtimes/win-x64/lib/net10.0/System.Text.Encodings.Web.dll,expression:MIT
EsilvaSoft.KapibaraStudio-0.11.0-win-x64.zip,EsilvaSoft.KapibaraStudio.Desktop.exe,System.Text.Json.dll,1890128,fa99f413be21ed5f484a09093fe5f0beba7de3062cf9cc9f847dbf8108dba55a,1,Microsoft.NETCore.App.Runtime.win-x64/10.0.12:runtimes/win-x64/lib/net10.0/System.Text.Json.dll,expression:MIT
EsilvaSoft.KapibaraStudio-0.11.0-win-x64.zip,EsilvaSoft.KapibaraStudio.Desktop.exe,System.Text.RegularExpressions.dll,1034064,060bcc88a688e687ff1404b83b5fb5cf17e19ec57f33d5b8a48ab494da83c134,1,Microsoft.NETCore.App.Runtime.win-x64/10.0.12:runtimes/win-x64/lib/net10.0/System.Text.RegularExpressions.dll,expression:MIT
EsilvaSoft.KapibaraStudio-0.11.0-win-x64.zip,EsilvaSoft.KapibaraStudio.Desktop.exe,System.Threading.AccessControl.dll,75560,66d618b5522b3e4f7a3c7f2bd872fc378fa6f9bbdca3636854eb1a8cb948e631,1,Microsoft.NETCore.App.Runtime.win-x64/10.0.12:runtimes/win-x64/lib/net10.0/System.Threading.AccessControl.dll,expression:MIT
EsilvaSoft.KapibaraStudio-0.11.0-win-x64.zip,EsilvaSoft.KapibaraStudio.Desktop.exe,System.Threading.Channels.dll,157480,afc5deb3c32b3f64bced2025d0b01b316d41b691ebc6ccb1a2ec445ad4c15e39,1,Microsoft.NETCore.App.Runtime.win-x64/10.0.12:runtimes/win-x64/lib/net10.0/System.Threading.Channels.dll,expression:MIT
EsilvaSoft.KapibaraStudio-0.11.0-win-x64.zip,EsilvaSoft.KapibaraStudio.Desktop.exe,System.Threading.Overlapped.dll,15696,89fde15f8e520c4bcbc6cbfdceba2baed8670cdf52399a4cd7a21c6efb276c1a,1,Microsoft.NETCore.App.Runtime.win-x64/10.0.12:runtimes/win-x64/lib/net10.0/System.Threading.Overlapped.dll,expression:MIT
EsilvaSoft.KapibaraStudio-0.11.0-win-x64.zip,EsilvaSoft.KapibaraStudio.Desktop.exe,System.Threading.Tasks.Dataflow.dll,472872,a895b0c73d3a1afc4d89c1d9e445ed447af12864c25aad2c4cb7398ff50aa934,1,Microsoft.NETCore.App.Runtime.win-x64/10.0.12:runtimes/win-x64/lib/net10.0/System.Threading.Tasks.Dataflow.dll,expression:MIT
EsilvaSoft.KapibaraStudio-0.11.0-win-x64.zip,EsilvaSoft.KapibaraStudio.Desktop.exe,System.Threading.Tasks.Extensions.dll,15696,f148e3a1414b7c2763ae21529ad79ad759f7cfd3c885256b64b0d2209dec2613,1,Microsoft.NETCore.App.Runtime.win-x64/10.0.12:runtimes/win-x64/lib/net10.0/System.Threading.Tasks.Extensions.dll,expression:MIT
EsilvaSoft.KapibaraStudio-0.11.0-win-x64.zip,EsilvaSoft.KapibaraStudio.Desktop.exe,System.Threading.Tasks.Parallel.dll,132904,6fa359bdbebb56be96339f244ed41658afcead5e010074da470df1115d1e7699,1,Microsoft.NETCore.App.Runtime.win-x64/10.0.12:runtimes/win-x64/lib/net10.0/System.Threading.Tasks.Parallel.dll,expression:MIT
EsilvaSoft.KapibaraStudio-0.11.0-win-x64.zip,EsilvaSoft.KapibaraStudio.Desktop.exe,System.Threading.Tasks.dll,16680,f80b21f7dae04377b73945456cabe25e2ab1f4b564095aed546c2aa571644567,1,Microsoft.NETCore.App.Runtime.win-x64/10.0.12:runtimes/win-x64/lib/net10.0/System.Threading.Tasks.dll,expression:MIT
EsilvaSoft.KapibaraStudio-0.11.0-win-x64.zip,EsilvaSoft.KapibaraStudio.Desktop.exe,System.Threading.Thread.dll,15696,ce71949bb1ea67b686e799128582015ebf8758f1107e59e43f342ece3f662930,1,Microsoft.NETCore.App.Runtime.win-x64/10.0.12:runtimes/win-x64/lib/net10.0/System.Threading.Thread.dll,expression:MIT
EsilvaSoft.KapibaraStudio-0.11.0-win-x64.zip,EsilvaSoft.KapibaraStudio.Desktop.exe,System.Threading.ThreadPool.dll,15656,58fbc6c4b9c72087152fd0f0670a527098c00b0c19ba8d0979d3ca5ce07c6936,1,Microsoft.NETCore.App.Runtime.win-x64/10.0.12:runtimes/win-x64/lib/net10.0/System.Threading.ThreadPool.dll,expression:MIT
EsilvaSoft.KapibaraStudio-0.11.0-win-x64.zip,EsilvaSoft.KapibaraStudio.Desktop.exe,System.Threading.Timer.dll,15144,9e4620846572f49aeb476aa99405071b4bbd0df4323e4e232787ed73642b1ee5,1,Microsoft.NETCore.App.Runtime.win-x64/10.0.12:runtimes/win-x64/lib/net10.0/System.Threading.Timer.dll,expression:MIT
EsilvaSoft.KapibaraStudio-0.11.0-win-x64.zip,EsilvaSoft.KapibaraStudio.Desktop.exe,System.Threading.dll,83792,6c32ed1bf8067e4169e8feddd15e6489b89d19d1c7aae1520a551b57745d0a60,1,Microsoft.NETCore.App.Runtime.win-x64/10.0.12:runtimes/win-x64/lib/net10.0/System.Threading.dll,expression:MIT
EsilvaSoft.KapibaraStudio-0.11.0-win-x64.zip,EsilvaSoft.KapibaraStudio.Desktop.exe,System.Transactions.Local.dll,640808,8d0283a311a16333ffb6f966d9765e4d8b866777ad99291a93b30db349a15bc4,1,Microsoft.NETCore.App.Runtime.win-x64/10.0.12:runtimes/win-x64/lib/net10.0/System.Transactions.Local.dll,expression:MIT
EsilvaSoft.KapibaraStudio-0.11.0-win-x64.zip,EsilvaSoft.KapibaraStudio.Desktop.exe,System.Transactions.dll,16720,56abfca0350c111d077b3d86a2469ea3da4fccc1871f7c51a8b4fdb664bb0ede,1,Microsoft.NETCore.App.Runtime.win-x64/10.0.12:runtimes/win-x64/lib/net10.0/System.Transactions.dll,expression:MIT
EsilvaSoft.KapibaraStudio-0.11.0-win-x64.zip,EsilvaSoft.KapibaraStudio.Desktop.exe,System.ValueTuple.dll,15696,07a5347f6a597e5e0d72109efa1a525697e8c3f74fb0029005500f8ebbf9187a,1,Microsoft.NETCore.App.Runtime.win-x64/10.0.12:runtimes/win-x64/lib/net10.0/System.ValueTuple.dll,expression:MIT
EsilvaSoft.KapibaraStudio-0.11.0-win-x64.zip,EsilvaSoft.KapibaraStudio.Desktop.exe,System.Web.HttpUtility.dll,63272,2cedef51b0a2c2b84240583339ecf2422c650e3388aa46f3494160b93b673887,1,Microsoft.NETCore.App.Runtime.win-x64/10.0.12:runtimes/win-x64/lib/net10.0/System.Web.HttpUtility.dll,expression:MIT
EsilvaSoft.KapibaraStudio-0.11.0-win-x64.zip,EsilvaSoft.KapibaraStudio.Desktop.exe,System.Web.dll,15144,bc260b3db247ad9a6e4a82a275da85c3691a41272cc745cb7eaefcf1f31cc817,1,Microsoft.NETCore.App.Runtime.win-x64/10.0.12:runtimes/win-x64/lib/net10.0/System.Web.dll,expression:MIT
EsilvaSoft.KapibaraStudio-0.11.0-win-x64.zip,EsilvaSoft.KapibaraStudio.Desktop.exe,System.Windows.dll,15696,716eee98ceee87d38f0b301224462f8442aa793f4b1b9c3ffac315753320ab37,1,Microsoft.NETCore.App.Runtime.win-x64/10.0.12:runtimes/win-x64/lib/net10.0/System.Windows.dll,expression:MIT
EsilvaSoft.KapibaraStudio-0.11.0-win-x64.zip,EsilvaSoft.KapibaraStudio.Desktop.exe,System.Xml.Linq.dll,15696,ae04903b25717fa4695e7e63489091f0d461e791e0bd264c6c85250d668f540d,1,Microsoft.NETCore.App.Runtime.win-x64/10.0.12:runtimes/win-x64/lib/net10.0/System.Xml.Linq.dll,expression:MIT
EsilvaSoft.KapibaraStudio-0.11.0-win-x64.zip,EsilvaSoft.KapibaraStudio.Desktop.exe,System.Xml.ReaderWriter.dll,21840,8e48fed4d12bcffff01e8059caafb564697275797d2f5ec6823fdd82b87fe938,1,Microsoft.NETCore.App.Runtime.win-x64/10.0.12:runtimes/win-x64/lib/net10.0/System.Xml.ReaderWriter.dll,expression:MIT
EsilvaSoft.KapibaraStudio-0.11.0-win-x64.zip,EsilvaSoft.KapibaraStudio.Desktop.exe,System.Xml.Serialization.dll,16208,489694401c60905cb6dca8ef0bf738cb609cd45b337126a01c825b913086ba43,1,Microsoft.NETCore.App.Runtime.win-x64/10.0.12:runtimes/win-x64/lib/net10.0/System.Xml.Serialization.dll,expression:MIT
EsilvaSoft.KapibaraStudio-0.11.0-win-x64.zip,EsilvaSoft.KapibaraStudio.Desktop.exe,System.Xml.XDocument.dll,15696,3ff858607de5146051498a7124ef983bea280d86e165f993516c6c26af81cfb5,1,Microsoft.NETCore.App.Runtime.win-x64/10.0.12:runtimes/win-x64/lib/net10.0/System.Xml.XDocument.dll,expression:MIT
EsilvaSoft.KapibaraStudio-0.11.0-win-x64.zip,EsilvaSoft.KapibaraStudio.Desktop.exe,System.Xml.XPath.XDocument.dll,30504,5bcd27a7e93515b745993f6dda51391033883cb8a1a8a2e3dad5caed3548f0da,1,Microsoft.NETCore.App.Runtime.win-x64/10.0.12:runtimes/win-x64/lib/net10.0/System.Xml.XPath.XDocument.dll,expression:MIT
EsilvaSoft.KapibaraStudio-0.11.0-win-x64.zip,EsilvaSoft.KapibaraStudio.Desktop.exe,System.Xml.XPath.dll,15656,c817b11c58d95fa942fbc62a4cfa8219e16dafa5641eb004cb2be424028ed5d8,1,Microsoft.NETCore.App.Runtime.win-x64/10.0.12:runtimes/win-x64/lib/net10.0/System.Xml.XPath.dll,expression:MIT
EsilvaSoft.KapibaraStudio-0.11.0-win-x64.zip,EsilvaSoft.KapibaraStudio.Desktop.exe,System.Xml.XmlDocument.dll,15656,a50b9b3a03596e36e73e7a7d54f4d018e8dcfaa7fe79e8cf900af8838ef3ec36,1,Microsoft.NETCore.App.Runtime.win-x64/10.0.12:runtimes/win-x64/lib/net10.0/System.Xml.XmlDocument.dll,expression:MIT
EsilvaSoft.KapibaraStudio-0.11.0-win-x64.zip,EsilvaSoft.KapibaraStudio.Desktop.exe,System.Xml.XmlSerializer.dll,17744,0b7d057c2b5b2272e8d4096a755edfd96f3cf03ab9aaa3fef54b462bf48d517e,1,Microsoft.NETCore.App.Runtime.win-x64/10.0.12:runtimes/win-x64/lib/net10.0/System.Xml.XmlSerializer.dll,expression:MIT
EsilvaSoft.KapibaraStudio-0.11.0-win-x64.zip,EsilvaSoft.KapibaraStudio.Desktop.exe,System.Xml.dll,23376,277a84ba155fe7808a514f32694a8157ec9f0eeeef00ef9643e5250004054ff0,1,Microsoft.NETCore.App.Runtime.win-x64/10.0.12:runtimes/win-x64/lib/net10.0/System.Xml.dll,expression:MIT
EsilvaSoft.KapibaraStudio-0.11.0-win-x64.zip,EsilvaSoft.KapibaraStudio.Desktop.exe,System.dll,50472,ef135f0bda0c41e142fdbd67b93e5aa7911916cb250f7df302f4151a3bbfa380,1,Microsoft.NETCore.App.Runtime.win-x64/10.0.12:runtimes/win-x64/lib/net10.0/System.dll,expression:MIT
EsilvaSoft.KapibaraStudio-0.11.0-win-x64.zip,EsilvaSoft.KapibaraStudio.Desktop.exe,WindowsBase.dll,16208,0ec46a38f29a234b9a4d0ae9364c8322f661a47c831c5b948f2787b7ca12dbbd,1,Microsoft.NETCore.App.Runtime.win-x64/10.0.12:runtimes/win-x64/lib/net10.0/WindowsBase.dll,expression:MIT
EsilvaSoft.KapibaraStudio-0.11.0-win-x64.zip,EsilvaSoft.KapibaraStudio.Desktop.exe,mscorlib.dll,59728,b698595367a7d4fa57ccacab73751fde0bb8f2415345c62cdfe7ced890da2c0c,1,Microsoft.NETCore.App.Runtime.win-x64/10.0.12:runtimes/win-x64/lib/net10.0/mscorlib.dll,expression:MIT
EsilvaSoft.KapibaraStudio-0.11.0-win-x64.zip,EsilvaSoft.KapibaraStudio.Desktop.exe,netstandard.dll,100648,3dc81dbc9dacd28261632c94410859eda24c2db50cd6c14309cbb2a434b50c57,1,Microsoft.NETCore.App.Runtime.win-x64/10.0.12:runtimes/win-x64/lib/net10.0/netstandard.dll,expression:MIT
EsilvaSoft.KapibaraStudio-0.11.0-win-x64.zip,EsilvaSoft.KapibaraStudio.Desktop.exe,Acornima.dll,365056,a11417b8542b4e55330e751fca44da5cbde1d95e79b1519c2aba59be7a7b941c,1,Acornima/1.7.0:lib/net8.0/Acornima.dll,expression:BSD-3-Clause
EsilvaSoft.KapibaraStudio-0.11.0-win-x64.zip,EsilvaSoft.KapibaraStudio.Desktop.exe,Anthropic.dll,6387200,156217193c2a4e8e217b86fb7711351bca34916791ed660abce97896daf2fa39,1,Anthropic/12.50.0:lib/net9.0/Anthropic.dll,expression:MIT
EsilvaSoft.KapibaraStudio-0.11.0-win-x64.zip,EsilvaSoft.KapibaraStudio.Desktop.exe,Avalonia.Base.dll,2355200,39f7c973a20346b2a0c0e758b875749670a610d63863e9a85ffea22d5f320279,1,Avalonia/12.1.2:lib/net10.0/Avalonia.Base.dll,expression:MIT
EsilvaSoft.KapibaraStudio-0.11.0-win-x64.zip,EsilvaSoft.KapibaraStudio.Desktop.exe,Avalonia.Controls.dll,1347072,909b7abd1e4b389b3372c4d1c0fcae1106f99ed783cc177fa0fa67ed1147ca24,1,Avalonia/12.1.2:lib/net10.0/Avalonia.Controls.dll,expression:MIT
EsilvaSoft.KapibaraStudio-0.11.0-win-x64.zip,EsilvaSoft.KapibaraStudio.Desktop.exe,Avalonia.DesignerSupport.dll,214528,ee57e6001029f66ff212f4b81024e51f3167abc9461b055f7c829ec617931a2a,1,Avalonia/12.1.2:lib/net10.0/Avalonia.DesignerSupport.dll,expression:MIT
EsilvaSoft.KapibaraStudio-0.11.0-win-x64.zip,EsilvaSoft.KapibaraStudio.Desktop.exe,Avalonia.Dialogs.dll,242688,70aaeffbb3afcfafee5a5b1e19707e13b7ae5f293c4c157332693690e12e3598,1,Avalonia/12.1.2:lib/net10.0/Avalonia.Dialogs.dll,expression:MIT
EsilvaSoft.KapibaraStudio-0.11.0-win-x64.zip,EsilvaSoft.KapibaraStudio.Desktop.exe,Avalonia.Markup.Xaml.dll,74752,1228b0a7359ebfa592408de8e20aa3b8a2775d27c36f19c1f7c8f1e9ff1e14a8,1,Avalonia/12.1.2:lib/net10.0/Avalonia.Markup.Xaml.dll,expression:MIT
EsilvaSoft.KapibaraStudio-0.11.0-win-x64.zip,EsilvaSoft.KapibaraStudio.Desktop.exe,Avalonia.Markup.dll,45568,ce634015611862dd6814355a4880c3c718782a017665445d232834615a6120cb,1,Avalonia/12.1.2:lib/net10.0/Avalonia.Markup.dll,expression:MIT
EsilvaSoft.KapibaraStudio-0.11.0-win-x64.zip,EsilvaSoft.KapibaraStudio.Desktop.exe,Avalonia.Metal.dll,15360,d9efd4c5293f90239f2930ae688c98b2ef55925fc3de85c4a6b8422175bd78b9,1,Avalonia/12.1.2:lib/net10.0/Avalonia.Metal.dll,expression:MIT
EsilvaSoft.KapibaraStudio-0.11.0-win-x64.zip,EsilvaSoft.KapibaraStudio.Desktop.exe,Avalonia.MicroCom.dll,15360,63457674ab61566ea94a7a089044bb2be7d0cda1530085578109df953ef37d49,1,Avalonia/12.1.2:lib/net10.0/Avalonia.MicroCom.dll,expression:MIT
EsilvaSoft.KapibaraStudio-0.11.0-win-x64.zip,EsilvaSoft.KapibaraStudio.Desktop.exe,Avalonia.OpenGL.dll,128512,365fc038f938088c913db7d067160f985a31f116961dbc527a38703c570119d3,1,Avalonia/12.1.2:lib/net10.0/Avalonia.OpenGL.dll,expression:MIT
EsilvaSoft.KapibaraStudio-0.11.0-win-x64.zip,EsilvaSoft.KapibaraStudio.Desktop.exe,Avalonia.Vulkan.dll,191488,ba98aeb0319a60c1de28b927c46fd94c75a6adc676dd160faae5bce14080e38d,1,Avalonia/12.1.2:lib/net10.0/Avalonia.Vulkan.dll,expression:MIT
EsilvaSoft.KapibaraStudio-0.11.0-win-x64.zip,EsilvaSoft.KapibaraStudio.Desktop.exe,Avalonia.dll,4096,ac289895e7fa553ea6be420f9154c452bec6aebf64d0b344aa37827bd29d2fdb,1,Avalonia/12.1.2:lib/net10.0/Avalonia.dll,expression:MIT
EsilvaSoft.KapibaraStudio-0.11.0-win-x64.zip,EsilvaSoft.KapibaraStudio.Desktop.exe,AvaloniaEdit.dll,644096,2ce24e1c535edd851d06651fd0ea8515cf49e994cba264502fa50db89779cead,1,Avalonia.AvaloniaEdit/12.0.0:lib/net10.0/AvaloniaEdit.dll,expression:MIT
EsilvaSoft.KapibaraStudio-0.11.0-win-x64.zip,EsilvaSoft.KapibaraStudio.Desktop.exe,Avalonia.Desktop.dll,15360,2f3af65d2dace707ea07ad9723b4a4b849622ad9090533d44ac00ef4b0754241,1,Avalonia.Desktop/12.1.2:lib/net10.0/Avalonia.Desktop.dll,expression:MIT
EsilvaSoft.KapibaraStudio-0.11.0-win-x64.zip,EsilvaSoft.KapibaraStudio.Desktop.exe,Avalonia.Fonts.Inter.dll,1892864,332d53aa406bcecec75f498fb8c0a91eb3ac1dcddd34a0a1fbeba0b5ddf87585,1,Avalonia.Fonts.Inter/12.1.2:lib/net10.0/Avalonia.Fonts.Inter.dll,expression:MIT; OFL-1.1 (fontes Inter incorporadas)
EsilvaSoft.KapibaraStudio-0.11.0-win-x64.zip,EsilvaSoft.KapibaraStudio.Desktop.exe,Avalonia.FreeDesktop.dll,253952,a0b0918cdeb2d1b34ba86a6f858d2a81180eca919e9b7c05e18f20a02a7ffd5c,1,Avalonia.FreeDesktop/12.1.2:lib/net10.0/Avalonia.FreeDesktop.dll,expression:MIT
EsilvaSoft.KapibaraStudio-0.11.0-win-x64.zip,EsilvaSoft.KapibaraStudio.Desktop.exe,Avalonia.FreeDesktop.AtSpi.dll,562688,217ee386cbccaece75184e2ac675dc0cfcd2fcf5a7f7bf4e689f401818c945cd,1,Avalonia.FreeDesktop.AtSpi/12.1.2:lib/net10.0/Avalonia.FreeDesktop.AtSpi.dll,expression:MIT
EsilvaSoft.KapibaraStudio-0.11.0-win-x64.zip,EsilvaSoft.KapibaraStudio.Desktop.exe,Avalonia.HarfBuzz.dll,22016,77bbaad227444b7dbde768677b4dbfba28fec0365b9021d8f5803b23c1323eaa,1,Avalonia.HarfBuzz/12.1.2:lib/net10.0/Avalonia.HarfBuzz.dll,expression:MIT
EsilvaSoft.KapibaraStudio-0.11.0-win-x64.zip,EsilvaSoft.KapibaraStudio.Desktop.exe,Avalonia.Native.dll,351232,929bd4b42462a0cb9734ff49690dccf4b52a65e86892d23f2b1d60be56a1b913,1,Avalonia.Native/12.1.2:lib/net10.0/Avalonia.Native.dll,expression:MIT
EsilvaSoft.KapibaraStudio-0.11.0-win-x64.zip,EsilvaSoft.KapibaraStudio.Desktop.exe,Avalonia.Remote.Protocol.dll,75776,080f6f41f70cfd4f98863deeb61d15d229aa7d9333e7a3eb17582efb19ed779c,1,Avalonia.Remote.Protocol/12.1.2:lib/net10.0/Avalonia.Remote.Protocol.dll,expression:MIT
EsilvaSoft.KapibaraStudio-0.11.0-win-x64.zip,EsilvaSoft.KapibaraStudio.Desktop.exe,Avalonia.Skia.dll,125440,449a83a2d086a1cf255b69bc352136aa3a21b9f742bbb165ab9ba9178d28af78,1,Avalonia.Skia/12.1.2:lib/net10.0/Avalonia.Skia.dll,expression:MIT
EsilvaSoft.KapibaraStudio-0.11.0-win-x64.zip,EsilvaSoft.KapibaraStudio.Desktop.exe,Avalonia.Themes.Fluent.dll,733184,71ff087f03da9f484f53ef1aea502eb19b015c8a6a1e8a9161b0d344053ed8ef,1,Avalonia.Themes.Fluent/12.1.2:lib/net10.0/Avalonia.Themes.Fluent.dll,expression:MIT
EsilvaSoft.KapibaraStudio-0.11.0-win-x64.zip,EsilvaSoft.KapibaraStudio.Desktop.exe,Avalonia.Win32.Automation.dll,123904,beba00c11bcfff73dd3228d7219c8d80e6a78aca4cb278a71c1122b1974633ec,1,Avalonia.Win32/12.1.2:lib/net10.0/Avalonia.Win32.Automation.dll,expression:MIT
EsilvaSoft.KapibaraStudio-0.11.0-win-x64.zip,EsilvaSoft.KapibaraStudio.Desktop.exe,Avalonia.Win32.dll,943104,511a118f48b8d029924f3720e62658df72ee7a99c5b810f37378514ad4ea0427,1,Avalonia.Win32/12.1.2:lib/net10.0/Avalonia.Win32.dll,expression:MIT
EsilvaSoft.KapibaraStudio-0.11.0-win-x64.zip,EsilvaSoft.KapibaraStudio.Desktop.exe,Avalonia.X11.dll,408064,cfce1f1ba8c47a0e303bd9e37da1908d665910b3818969264a3dd06d7014bfe2,1,Avalonia.X11/12.1.2:lib/net10.0/Avalonia.X11.dll,expression:MIT
EsilvaSoft.KapibaraStudio-0.11.0-win-x64.zip,EsilvaSoft.KapibaraStudio.Desktop.exe,CommunityToolkit.Mvvm.dll,120616,7d7eb5c066cfe883b439b1200bf5dcb387b1e5319dd2edbdaa9e23adfe416452,1,CommunityToolkit.Mvvm/8.4.0:lib/net8.0/CommunityToolkit.Mvvm.dll,expression:MIT
EsilvaSoft.KapibaraStudio-0.11.0-win-x64.zip,EsilvaSoft.KapibaraStudio.Desktop.exe,DnsClient.dll,154112,a6aa942bf9f1ce3ecfb52c29f0735c557d542d85d128ffb29b48612cd6298ec9,1,DnsClient/1.6.1:lib/net5.0/DnsClient.dll,expression:Apache-2.0
EsilvaSoft.KapibaraStudio-0.11.0-win-x64.zip,EsilvaSoft.KapibaraStudio.Desktop.exe,GitHub.Copilot.SDK.dll,13319168,455238580b8c75c1599e1ebd379cd0843b7e4ee8b4ef2c8f53f6ceed6d4f38a8,1,GitHub.Copilot.SDK/1.0.14:lib/net10.0/GitHub.Copilot.SDK.dll,expression:MIT
EsilvaSoft.KapibaraStudio-0.11.0-win-x64.zip,EsilvaSoft.KapibaraStudio.Desktop.exe,HarfBuzzSharp.dll,122400,55e72ac23263f8e12484f3435e02ec22fac9eff6e6d169bb0a8c246be6b99d29,1,HarfBuzzSharp/8.3.1.3:lib/net8.0/HarfBuzzSharp.dll,expression:MIT
EsilvaSoft.KapibaraStudio-0.11.0-win-x64.zip,EsilvaSoft.KapibaraStudio.Desktop.exe,Jint.dll,2604544,de32f905fdc603bc982b50452b2e333f9c22aa2464fb8031a0858cc12c2af408,1,Jint/4.16.0:lib/net10.0/Jint.dll,expression:BSD-2-Clause
EsilvaSoft.KapibaraStudio-0.11.0-win-x64.zip,EsilvaSoft.KapibaraStudio.Desktop.exe,LiteDB.dll,510464,ae31ac6a93549217b9e8b81497d1ee831658ade6df9e1ee20f2838f22de5e218,1,LiteDB/5.0.21:lib/netstandard2.0/LiteDB.dll,expression:MIT
EsilvaSoft.KapibaraStudio-0.11.0-win-x64.zip,EsilvaSoft.KapibaraStudio.Desktop.exe,MicroCom.Runtime.dll,15360,2538ec6f3c24e901a90e33c37788b9a4e4b6ae8158cab7328a00a00bb28eab9e,1,MicroCom.Runtime/0.11.6:lib/net8.0/MicroCom.Runtime.dll,expression:MIT
EsilvaSoft.KapibaraStudio-0.11.0-win-x64.zip,EsilvaSoft.KapibaraStudio.Desktop.exe,Microsoft.Data.Sqlite.dll,177464,b98d957462be432895b00dccca012d3c127e118d3d4262418014b92c7bbd66cf,1,Microsoft.Data.Sqlite.Core/10.0.12:lib/net8.0/Microsoft.Data.Sqlite.dll,expression:MIT
EsilvaSoft.KapibaraStudio-0.11.0-win-x64.zip,EsilvaSoft.KapibaraStudio.Desktop.exe,Microsoft.Extensions.AI.Abstractions.dll,672056,1d9e42c94e8b4e4b4da051123dddd96ae09e99fc1f42eb5437349c96f6269592,1,Microsoft.Extensions.AI.Abstractions/10.5.1:lib/net10.0/Microsoft.Extensions.AI.Abstractions.dll,expression:MIT
EsilvaSoft.KapibaraStudio-0.11.0-win-x64.zip,EsilvaSoft.KapibaraStudio.Desktop.exe,Microsoft.Extensions.Configuration.Abstractions.dll,28496,a7ae16937ad2931ec036cefde5bc230f6a29e4bcb4a0aca10a29a699a0a51b33,1,Microsoft.Extensions.Configuration.Abstractions/10.0.9:lib/net10.0/Microsoft.Extensions.Configuration.Abstractions.dll,expression:MIT
EsilvaSoft.KapibaraStudio-0.11.0-win-x64.zip,EsilvaSoft.KapibaraStudio.Desktop.exe,Microsoft.Extensions.DependencyInjection.dll,96008,d646a5cca5e8116ae46b43715297083fa8a38db636eab60e66eeef350d74cd5d,1,Microsoft.Extensions.DependencyInjection/10.0.0:lib/net10.0/Microsoft.Extensions.DependencyInjection.dll,expression:MIT
EsilvaSoft.KapibaraStudio-0.11.0-win-x64.zip,EsilvaSoft.KapibaraStudio.Desktop.exe,Microsoft.Extensions.DependencyInjection.Abstractions.dll,65832,592c33e4bc20e041d6125b79a4311293540f30332495429241c3d7c7286c8e16,1,Microsoft.Extensions.DependencyInjection.Abstractions/10.0.10:lib/net10.0/Microsoft.Extensions.DependencyInjection.Abstractions.dll,expression:MIT
EsilvaSoft.KapibaraStudio-0.11.0-win-x64.zip,EsilvaSoft.KapibaraStudio.Desktop.exe,Microsoft.Extensions.Diagnostics.Abstractions.dll,31056,d1c04cf42e58d5fe52a61e8e547c9365795fa4c464aaa91cbc115d3c43da0c63,1,Microsoft.Extensions.Diagnostics.Abstractions/10.0.9:lib/net10.0/Microsoft.Extensions.Diagnostics.Abstractions.dll,expression:MIT
EsilvaSoft.KapibaraStudio-0.11.0-win-x64.zip,EsilvaSoft.KapibaraStudio.Desktop.exe,Microsoft.Extensions.FileProviders.Abstractions.dll,23376,718ba4fbad76976e6bc2b4f16f2465e6f8216bf973f8d447b218c7847cb64970,1,Microsoft.Extensions.FileProviders.Abstractions/10.0.9:lib/net10.0/Microsoft.Extensions.FileProviders.Abstractions.dll,expression:MIT
EsilvaSoft.KapibaraStudio-0.11.0-win-x64.zip,EsilvaSoft.KapibaraStudio.Desktop.exe,Microsoft.Extensions.Hosting.Abstractions.dll,54096,7055b34edd36e3554da3ae33af57a374304cc615786bceca8f4c167e233c036f,1,Microsoft.Extensions.Hosting.Abstractions/10.0.9:lib/net10.0/Microsoft.Extensions.Hosting.Abstractions.dll,expression:MIT
EsilvaSoft.KapibaraStudio-0.11.0-win-x64.zip,EsilvaSoft.KapibaraStudio.Desktop.exe,Microsoft.Extensions.Logging.Abstractions.dll,66896,46826fd3b68bd23028b274ff73ecc161088b53e41b4a7436e759de4d78143a43,1,Microsoft.Extensions.Logging.Abstractions/10.0.10:lib/net10.0/Microsoft.Extensions.Logging.Abstractions.dll,expression:MIT
EsilvaSoft.KapibaraStudio-0.11.0-win-x64.zip,EsilvaSoft.KapibaraStudio.Desktop.exe,Microsoft.Extensions.Options.dll,65360,a5a6cd30705512cc512a12d4086c07b7a76243174299aaef6b0dee61832fb0d3,1,Microsoft.Extensions.Options/10.0.9:lib/net10.0/Microsoft.Extensions.Options.dll,expression:MIT
EsilvaSoft.KapibaraStudio-0.11.0-win-x64.zip,EsilvaSoft.KapibaraStudio.Desktop.exe,Microsoft.Extensions.Primitives.dll,44880,d85aa4a5e5acabb4a96798e2d280153ceb073ba924d0c5d6b5d63fa3f7bfceb8,1,Microsoft.Extensions.Primitives/10.0.9:lib/net10.0/Microsoft.Extensions.Primitives.dll,expression:MIT
EsilvaSoft.KapibaraStudio-0.11.0-win-x64.zip,EsilvaSoft.KapibaraStudio.Desktop.exe,Microsoft.ML.OnnxRuntime.dll,240440,de45bad2d06c8530f7563329ab4f4b606e61ac5fcfbba4c75fb64a067e8bb7e3,1,Microsoft.ML.OnnxRuntime.Managed/1.28.0:lib/net8.0/Microsoft.ML.OnnxRuntime.dll,file:LICENSE.txt
EsilvaSoft.KapibaraStudio-0.11.0-win-x64.zip,EsilvaSoft.KapibaraStudio.Desktop.exe,Microsoft.ML.OnnxRuntimeGenAI.dll,54584,18e8ceeff44a2527d844a98505ade1b555d82b215a99d4ee7af531649556695b,1,Microsoft.ML.OnnxRuntimeGenAI.Managed/0.15.2:lib/net8.0/Microsoft.ML.OnnxRuntimeGenAI.dll,file:LICENSE
EsilvaSoft.KapibaraStudio-0.11.0-win-x64.zip,EsilvaSoft.KapibaraStudio.Desktop.exe,MongoDB.Bson.dll,569856,400c3f10b6a049f8556ea134c1837f9ce1a1d0201102f9ce250717c6519a1445,1,MongoDB.Bson/3.11.1:lib/net6.0/MongoDB.Bson.dll,expression:Apache-2.0
EsilvaSoft.KapibaraStudio-0.11.0-win-x64.zip,EsilvaSoft.KapibaraStudio.Desktop.exe,MongoDB.Driver.dll,2755584,0d9c57fb6cf3664a57fb1303eb45997f5ea7e1c28d88df2a4a853ece7247b0ea,1,MongoDB.Driver/3.11.1:lib/net6.0/MongoDB.Driver.dll,expression:Apache-2.0
EsilvaSoft.KapibaraStudio-0.11.0-win-x64.zip,EsilvaSoft.KapibaraStudio.Desktop.exe,OpenAI.dll,5345232,b2975e294082b8613f70a9f77e773faa740e175ec2f9e9de3047cf8b934350be,1,OpenAI/2.14.0:lib/net10.0/OpenAI.dll,expression:MIT
EsilvaSoft.KapibaraStudio-0.11.0-win-x64.zip,EsilvaSoft.KapibaraStudio.Desktop.exe,SharpCompress.dll,2281472,db4d49f11b30f2ababc6ed98551de818d8b6f15da88fada8bccd360ea3e12d73,1,SharpCompress/0.48.1:lib/net10.0/SharpCompress.dll,expression:MIT
EsilvaSoft.KapibaraStudio-0.11.0-win-x64.zip,EsilvaSoft.KapibaraStudio.Desktop.exe,SkiaSharp.dll,489824,aaaaa18c68ba1f3a3408b00dff28b11d5705198e17ba9d3aa59222bfd35407c8,1,SkiaSharp/3.119.4:lib/net10.0/SkiaSharp.dll,expression:MIT
EsilvaSoft.KapibaraStudio-0.11.0-win-x64.zip,EsilvaSoft.KapibaraStudio.Desktop.exe,Snappier.dll,48640,cfccfe3683587e56a8ae91b69a3a036d1cf45291334bf6760de857ebf2db0b35,1,Snappier/1.3.1:lib/net8.0/Snappier.dll,expression:BSD-3-Clause
EsilvaSoft.KapibaraStudio-0.11.0-win-x64.zip,EsilvaSoft.KapibaraStudio.Desktop.exe,SQLitePCLRaw.batteries_v2.dll,5120,815ce410c9eab531dd219318e3ba16c5e38e83d361cfbbdbb4bbca222c497b0b,1,SQLitePCLRaw.bundle_e_sqlite3/2.1.12:lib/netstandard2.0/SQLitePCLRaw.batteries_v2.dll,expression:Apache-2.0
EsilvaSoft.KapibaraStudio-0.11.0-win-x64.zip,EsilvaSoft.KapibaraStudio.Desktop.exe,SQLitePCLRaw.core.dll,51200,af340ac9eb9195795660d7fc1114f486b6ab63998f33176e2f24c8e0acb9aa84,1,SQLitePCLRaw.core/2.1.12:lib/netstandard2.0/SQLitePCLRaw.core.dll,expression:Apache-2.0
EsilvaSoft.KapibaraStudio-0.11.0-win-x64.zip,EsilvaSoft.KapibaraStudio.Desktop.exe,SQLitePCLRaw.provider.e_sqlite3.dll,36864,df996bcae63c2cabcfe8d4b9c5110eb39a2a4706178b07d875665391c6eb3995,1,SQLitePCLRaw.provider.e_sqlite3/2.1.12:lib/net6.0/SQLitePCLRaw.provider.e_sqlite3.dll,expression:Apache-2.0
EsilvaSoft.KapibaraStudio-0.11.0-win-x64.zip,EsilvaSoft.KapibaraStudio.Desktop.exe,System.ClientModel.dll,310080,3ac50655d4da4ec391bde666a4a3a8622be723f1db700319f5ee2751f550d1e4,1,System.ClientModel/1.15.0:lib/net10.0/System.ClientModel.dll,expression:MIT
EsilvaSoft.KapibaraStudio-0.11.0-win-x64.zip,EsilvaSoft.KapibaraStudio.Desktop.exe,System.Memory.Data.dll,33104,5864e9b77732b6210689e529e5bdaec8016f96c2e26f81f9800eaa23156907b6,1,System.Memory.Data/10.0.9:lib/net10.0/System.Memory.Data.dll,expression:MIT
EsilvaSoft.KapibaraStudio-0.11.0-win-x64.zip,EsilvaSoft.KapibaraStudio.Desktop.exe,System.Numerics.Tensors.dll,410936,9d96dc759fdb54cbc3c26ee65cfd78ff32e3745f418119cc0811e63d3f29ecb9,1,System.Numerics.Tensors/9.0.0:lib/net9.0/System.Numerics.Tensors.dll,expression:MIT
EsilvaSoft.KapibaraStudio-0.11.0-win-x64.zip,EsilvaSoft.KapibaraStudio.Desktop.exe,Tmds.DBus.Protocol.dll,232960,60a1c5255731d8ac843cab53108be8ba1ed02759ce3db0da5b49939ebe97bd8a,1,Tmds.DBus.Protocol/0.94.1:lib/net9.0/Tmds.DBus.Protocol.dll,expression:MIT
EsilvaSoft.KapibaraStudio-0.11.0-win-x64.zip,EsilvaSoft.KapibaraStudio.Desktop.exe,ZstdSharp.dll,406016,74ec06c679720089efde2d2758d13812c9c28a97871284f638dafa238d1af6be,1,ZstdSharp.Port/0.7.3:lib/net7.0/ZstdSharp.dll,expression:MIT
EsilvaSoft.KapibaraStudio-0.11.0-win-x64.zip,EsilvaSoft.KapibaraStudio.Desktop.exe,zh-Hans/AvaloniaEdit.resources.dll,5632,c79545c15e4d05adf5251758fc50d46c16290c6baa56de09b46b80831886b3dc,1,Avalonia.AvaloniaEdit/12.0.0:lib/net10.0/zh-Hans/AvaloniaEdit.resources.dll,expression:MIT
EsilvaSoft.KapibaraStudio-0.11.0-win-x64.zip,EsilvaSoft.KapibaraStudio.Desktop.exe,av_libglesv2.dll,5394096,53191a77fe783cd757ca7767077c2a64a662e7043777a5b4ab74980d4a0b73e3,2,Avalonia.Angle.Windows.Natives/2.1.27548.20260419:runtimes/win-x64/native/av_libglesv2.dll,file:LICENSE
EsilvaSoft.KapibaraStudio-0.11.0-win-x64.zip,EsilvaSoft.KapibaraStudio.Desktop.exe,libHarfBuzzSharp.dll,1816088,145ade963eba427027d5e1381db5d51a0ef9e98e9fef9efbfa6074ca20da246f,2,HarfBuzzSharp.NativeAssets.Win32/8.3.1.3:runtimes/win-x64/native/libHarfBuzzSharp.dll,expression:MIT
EsilvaSoft.KapibaraStudio-0.11.0-win-x64.zip,EsilvaSoft.KapibaraStudio.Desktop.exe,onnxruntime-genai-cuda.dll,4818232,bf352d923ad7dd98666998d6ac5400d7e9773203b94988473592f392192eb1d9,2,Microsoft.ML.OnnxRuntimeGenAI.WinML/0.15.2:runtimes/win-x64/native/onnxruntime-genai-cuda.dll,file:LICENSE
EsilvaSoft.KapibaraStudio-0.11.0-win-x64.zip,EsilvaSoft.KapibaraStudio.Desktop.exe,onnxruntime-genai.dll,7576376,453b66703524f9768fba4936532754e791e5d95aa0bfcea2b1bcab8a2fa3b4b9,2,Microsoft.ML.OnnxRuntimeGenAI.WinML/0.15.2:runtimes/win-x64/native/onnxruntime-genai.dll,file:LICENSE
EsilvaSoft.KapibaraStudio-0.11.0-win-x64.zip,EsilvaSoft.KapibaraStudio.Desktop.exe,DirectML.dll,18710720,4bc053cd10ec97777ba34d68a9e14e839f48ac2ace9c11909d731ca27f9373ef,2,Microsoft.Windows.AI.MachineLearning/2.1.1:runtimes/win-x64/native/DirectML.dll,file:license.txt
EsilvaSoft.KapibaraStudio-0.11.0-win-x64.zip,EsilvaSoft.KapibaraStudio.Desktop.exe,Microsoft.Windows.AI.MachineLearning.dll,901672,c8c0372a93d10618df5f52f1490f8c5c250fe42f369351a384634d07c6d8671d,2,Microsoft.Windows.AI.MachineLearning/2.1.1:runtimes/win-x64/native/Microsoft.Windows.AI.MachineLearning.dll,file:license.txt
EsilvaSoft.KapibaraStudio-0.11.0-win-x64.zip,EsilvaSoft.KapibaraStudio.Desktop.exe,onnxruntime.dll,21669744,bf14eb254d0a3fe50abe55b341d70abdbbf9bd4affd810998a86fac9ef81fc69,2,Microsoft.Windows.AI.MachineLearning/2.1.1:runtimes/win-x64/native/onnxruntime.dll,file:license.txt
EsilvaSoft.KapibaraStudio-0.11.0-win-x64.zip,EsilvaSoft.KapibaraStudio.Desktop.exe,libSkiaSharp.dll,11628896,7dec3ba900ab353491e6446f0083739924c6f8dd668832e2f09d38ebffdbbe1c,2,SkiaSharp.NativeAssets.Win32/3.119.4:runtimes/win-x64/native/libSkiaSharp.dll,expression:MIT
EsilvaSoft.KapibaraStudio-0.11.0-win-x64.zip,EsilvaSoft.KapibaraStudio.Desktop.exe,e_sqlite3.dll,1978880,b7385d722c83fb52142a00477a726723745916d22a555711ee89834c1111fb2e,2,SQLitePCLRaw.lib.e_sqlite3/2.1.12:runtimes/win-x64/native/e_sqlite3.dll,expression:Apache-2.0
EsilvaSoft.KapibaraStudio-0.11.0-win-x64.zip,EsilvaSoft.KapibaraStudio.Desktop.exe,EsilvaSoft.KapibaraStudio.Application.dll,1057280,878a5e2ade4960c29c37ed41be6048511c056d1a404de8dc139376ceebbcf6a8,1,project:EsilvaSoft.KapibaraStudio (MIT),MIT (projeto)
EsilvaSoft.KapibaraStudio-0.11.0-win-x64.zip,EsilvaSoft.KapibaraStudio.Desktop.exe,EsilvaSoft.KapibaraStudio.Autocomplete.Core.dll,397312,781ab6036b4a38647b9e9dc8823b4a12268643fe62295a4d104e8a274f5db169,1,project:EsilvaSoft.KapibaraStudio (MIT),MIT (projeto)
EsilvaSoft.KapibaraStudio-0.11.0-win-x64.zip,EsilvaSoft.KapibaraStudio.Desktop.exe,EsilvaSoft.KapibaraStudio.Core.dll,439296,7e39add342fd66a5e20011a0a2b4f716cb4e6f2fcfe87253f3e709e17366c677,1,project:EsilvaSoft.KapibaraStudio (MIT),MIT (projeto)
EsilvaSoft.KapibaraStudio-0.11.0-win-x64.zip,EsilvaSoft.KapibaraStudio.Desktop.exe,EsilvaSoft.KapibaraStudio.Infrastructure.Agents.dll,532992,2b6217dc579623fab9caa2699455838cff14327b272f539a049de79df7c5dc94,1,project:EsilvaSoft.KapibaraStudio (MIT),MIT (projeto)
EsilvaSoft.KapibaraStudio-0.11.0-win-x64.zip,EsilvaSoft.KapibaraStudio.Desktop.exe,EsilvaSoft.KapibaraStudio.Infrastructure.dll,745472,e2dfa81aeec1edaf934ab50ee41f21bd72246031f6dc224efad07e19215f09f9,1,project:EsilvaSoft.KapibaraStudio (MIT),MIT (projeto)
EsilvaSoft.KapibaraStudio-0.11.0-win-x64.zip,EsilvaSoft.KapibaraStudio.Desktop.exe,EsilvaSoft.KapibaraStudio.Infrastructure.LocalAi.dll,121856,3925ed39df7bc31f058d6469961517af25e6cf3d339ccb3db62b399518ebfa2a,1,project:EsilvaSoft.KapibaraStudio (MIT),MIT (projeto)
EsilvaSoft.KapibaraStudio-0.11.0-win-x64.zip,EsilvaSoft.KapibaraStudio.Desktop.exe,EsilvaSoft.KapibaraStudio.LocalAi.Core.dll,80896,8f0464cd5f575aa032eb25f782eafdb4a868691344acb9de663fe1b9ef0f6eab,1,project:EsilvaSoft.KapibaraStudio (MIT),MIT (projeto)
EsilvaSoft.KapibaraStudio-0.11.0-win-x64.zip,EsilvaSoft.KapibaraStudio.Desktop.exe,EsilvaSoft.KapibaraStudio.Desktop.deps.json,70437,72b1ea33beaa11c7672c762d6cccbbd0db0d6a8da978a15eeb651c0437e11fa5,3,project:EsilvaSoft.KapibaraStudio (MIT),MIT (projeto)
EsilvaSoft.KapibaraStudio-0.11.0-win-arm64.zip,ZIP,mcp/EsilvaSoft.KapibaraStudio.McpServer.exe,86675552,75b09cb9bfd2d06fbf6f1b4b859eca66e56a3377f2c23f544c97497035931398,external,project:EsilvaSoft.KapibaraStudio (MIT),MIT (projeto)
EsilvaSoft.KapibaraStudio-0.11.0-win-arm64.zip,mcp/EsilvaSoft.KapibaraStudio.McpServer.exe,EsilvaSoft.KapibaraStudio.McpServer.dll,52736,cdb5ec9ab1fd9cc3c5d1b1abac5a0d7544f6991727d1abec58977f499978e89e,1,project:EsilvaSoft.KapibaraStudio (MIT),MIT (projeto)
EsilvaSoft.KapibaraStudio-0.11.0-win-arm64.zip,mcp/EsilvaSoft.KapibaraStudio.McpServer.exe,EsilvaSoft.KapibaraStudio.McpServer.runtimeconfig.json,481,57879d6945b74717f598928bc49c8348a6e8544165a016c7b41a81cb7be4a681,4,project:EsilvaSoft.KapibaraStudio (MIT),MIT (projeto)
EsilvaSoft.KapibaraStudio-0.11.0-win-arm64.zip,mcp/EsilvaSoft.KapibaraStudio.McpServer.exe,Microsoft.CSharp.dll,1124136,4d683840449f84b8aa290bb45547f5153cb79a8ad8d7f9b4e42e2ef10bf1cbee,1,Microsoft.NETCore.App.Runtime.win-arm64/10.0.12:runtimes/win-arm64/lib/net10.0/Microsoft.CSharp.dll,expression:MIT
EsilvaSoft.KapibaraStudio-0.11.0-win-arm64.zip,mcp/EsilvaSoft.KapibaraStudio.McpServer.exe,Microsoft.VisualBasic.Core.dll,1378088,d911e527b2be443f70aef4774a2c4cc1a8d42f906a375462bc6d992bf8118abe,1,Microsoft.NETCore.App.Runtime.win-arm64/10.0.12:runtimes/win-arm64/lib/net10.0/Microsoft.VisualBasic.Core.dll,expression:MIT
EsilvaSoft.KapibaraStudio-0.11.0-win-arm64.zip,mcp/EsilvaSoft.KapibaraStudio.McpServer.exe,Microsoft.VisualBasic.dll,17192,3c03039736beb580f3cc0d1fd863a3e73283fdbb74eab81562397aa83c3b648d,1,Microsoft.NETCore.App.Runtime.win-arm64/10.0.12:runtimes/win-arm64/lib/net10.0/Microsoft.VisualBasic.dll,expression:MIT
EsilvaSoft.KapibaraStudio-0.11.0-win-arm64.zip,mcp/EsilvaSoft.KapibaraStudio.McpServer.exe,Microsoft.Win32.Primitives.dll,15656,ae91bb8111ec6d950b34bf6cd06da477d6bb37436e5e23f1dfc98c0c8b9c1095,1,Microsoft.NETCore.App.Runtime.win-arm64/10.0.12:runtimes/win-arm64/lib/net10.0/Microsoft.Win32.Primitives.dll,expression:MIT
EsilvaSoft.KapibaraStudio-0.11.0-win-arm64.zip,mcp/EsilvaSoft.KapibaraStudio.McpServer.exe,Microsoft.Win32.Registry.dll,132904,41296f325faa724aaecf3c7f979425450584833fbf98c483b8b2bc417a584105,1,Microsoft.NETCore.App.Runtime.win-arm64/10.0.12:runtimes/win-arm64/lib/net10.0/Microsoft.Win32.Registry.dll,expression:MIT
EsilvaSoft.KapibaraStudio-0.11.0-win-arm64.zip,mcp/EsilvaSoft.KapibaraStudio.McpServer.exe,System.AppContext.dll,15144,a711336c4838dd1a68985f36f978f2c38ed993f9df8ee63ef88ad36723131e5f,1,Microsoft.NETCore.App.Runtime.win-arm64/10.0.12:runtimes/win-arm64/lib/net10.0/System.AppContext.dll,expression:MIT
EsilvaSoft.KapibaraStudio-0.11.0-win-arm64.zip,mcp/EsilvaSoft.KapibaraStudio.McpServer.exe,System.Buffers.dll,15144,60c42dbf3702e99fb84bcbb81a630150d9a86f7e7de5bbfcb687ad8f198872c0,1,Microsoft.NETCore.App.Runtime.win-arm64/10.0.12:runtimes/win-arm64/lib/net10.0/System.Buffers.dll,expression:MIT
EsilvaSoft.KapibaraStudio-0.11.0-win-arm64.zip,mcp/EsilvaSoft.KapibaraStudio.McpServer.exe,System.Collections.Concurrent.dll,231208,b49d3238bf3e1755ef31b8d4f4630ac3025bb66a1cf4cd378cfdbe12a20ec1f8,1,Microsoft.NETCore.App.Runtime.win-arm64/10.0.12:runtimes/win-arm64/lib/net10.0/System.Collections.Concurrent.dll,expression:MIT
EsilvaSoft.KapibaraStudio-0.11.0-win-arm64.zip,mcp/EsilvaSoft.KapibaraStudio.McpServer.exe,System.Collections.Immutable.dll,1091408,3325a8858d26dc1a81d9c688afbfb796679e91d7f2a5a115856568c955b68c20,1,Microsoft.NETCore.App.Runtime.win-arm64/10.0.12:runtimes/win-arm64/lib/net10.0/System.Collections.Immutable.dll,expression:MIT
EsilvaSoft.KapibaraStudio-0.11.0-win-arm64.zip,mcp/EsilvaSoft.KapibaraStudio.McpServer.exe,System.Collections.NonGeneric.dll,116520,a3e24ce867471a0adc651b5d7e618524398a7b8c0576fd0a263f1b4b6753e43e,1,Microsoft.NETCore.App.Runtime.win-arm64/10.0.12:runtimes/win-arm64/lib/net10.0/System.Collections.NonGeneric.dll,expression:MIT
EsilvaSoft.KapibaraStudio-0.11.0-win-arm64.zip,mcp/EsilvaSoft.KapibaraStudio.McpServer.exe,System.Collections.Specialized.dll,116520,d84fdb4d959d5e2dba2f1cd7c6ba860861bffe3415737c4f8b4997d3a335961f,1,Microsoft.NETCore.App.Runtime.win-arm64/10.0.12:runtimes/win-arm64/lib/net10.0/System.Collections.Specialized.dll,expression:MIT
EsilvaSoft.KapibaraStudio-0.11.0-win-arm64.zip,mcp/EsilvaSoft.KapibaraStudio.McpServer.exe,System.Collections.dll,341800,bc7dc91c8d689fe4fa2d5921729fba45b8a2a93df659a99aa5fb6d4129590af7,1,Microsoft.NETCore.App.Runtime.win-arm64/10.0.12:runtimes/win-arm64/lib/net10.0/System.Collections.dll,expression:MIT
EsilvaSoft.KapibaraStudio-0.11.0-win-arm64.zip,mcp/EsilvaSoft.KapibaraStudio.McpServer.exe,System.ComponentModel.Annotations.dll,227152,ec359a7c5a86f5c2ce77e1d27db4e8fb67261ce6bb1e2a68ec52ff25490e223e,1,Microsoft.NETCore.App.Runtime.win-arm64/10.0.12:runtimes/win-arm64/lib/net10.0/System.ComponentModel.Annotations.dll,expression:MIT
EsilvaSoft.KapibaraStudio-0.11.0-win-arm64.zip,mcp/EsilvaSoft.KapibaraStudio.McpServer.exe,System.ComponentModel.DataAnnotations.dll,16680,9e949d512ad11a6247f05fe0a4b3e522b0acc3d8476c7989512ad3410d4d9475,1,Microsoft.NETCore.App.Runtime.win-arm64/10.0.12:runtimes/win-arm64/lib/net10.0/System.ComponentModel.DataAnnotations.dll,expression:MIT
EsilvaSoft.KapibaraStudio-0.11.0-win-arm64.zip,mcp/EsilvaSoft.KapibaraStudio.McpServer.exe,System.ComponentModel.EventBasedAsync.dll,51024,e134f8e5152b6a105529f0140d1ece0a5c459018329fd54b62f9aa7d380ba050,1,Microsoft.NETCore.App.Runtime.win-arm64/10.0.12:runtimes/win-arm64/lib/net10.0/System.ComponentModel.EventBasedAsync.dll,expression:MIT
EsilvaSoft.KapibaraStudio-0.11.0-win-arm64.zip,mcp/EsilvaSoft.KapibaraStudio.McpServer.exe,System.ComponentModel.Primitives.dll,87848,64a1cc714db090dda69b840f27b2a3beacb3b083cdbba8bf0ee11210be743e44,1,Microsoft.NETCore.App.Runtime.win-arm64/10.0.12:runtimes/win-arm64/lib/net10.0/System.ComponentModel.Primitives.dll,expression:MIT
EsilvaSoft.KapibaraStudio-0.11.0-win-arm64.zip,mcp/EsilvaSoft.KapibaraStudio.McpServer.exe,System.ComponentModel.TypeConverter.dll,882512,ca5b88d900087c599afcafcd2215b854ec021cb250564e1b90c3c3b836e66c1a,1,Microsoft.NETCore.App.Runtime.win-arm64/10.0.12:runtimes/win-arm64/lib/net10.0/System.ComponentModel.TypeConverter.dll,expression:MIT
EsilvaSoft.KapibaraStudio-0.11.0-win-arm64.zip,mcp/EsilvaSoft.KapibaraStudio.McpServer.exe,System.ComponentModel.dll,30504,3ed4d9d963fba3f4a103123d6a1ad388604b58daab8c9add705e02fa4b6522ef,1,Microsoft.NETCore.App.Runtime.win-arm64/10.0.12:runtimes/win-arm64/lib/net10.0/System.ComponentModel.dll,expression:MIT
EsilvaSoft.KapibaraStudio-0.11.0-win-arm64.zip,mcp/EsilvaSoft.KapibaraStudio.McpServer.exe,System.Configuration.dll,19280,e0a1b8c6c1e28e23d786b698fe17ca9a7389bde75ffa0f22e06b27a1e9cdc677,1,Microsoft.NETCore.App.Runtime.win-arm64/10.0.12:runtimes/win-arm64/lib/net10.0/System.Configuration.dll,expression:MIT
EsilvaSoft.KapibaraStudio-0.11.0-win-arm64.zip,mcp/EsilvaSoft.KapibaraStudio.McpServer.exe,System.Console.dll,198440,8abfc2c91d4d19fb37ee4557e7e228bc5e309c9bbc91a8f4fb1e6e43d3cf0fa8,1,Microsoft.NETCore.App.Runtime.win-arm64/10.0.12:runtimes/win-arm64/lib/net10.0/System.Console.dll,expression:MIT
EsilvaSoft.KapibaraStudio-0.11.0-win-arm64.zip,mcp/EsilvaSoft.KapibaraStudio.McpServer.exe,System.Core.dll,23336,d9cf646e280401df6db8c8ca0abf7a94136fe0a11710a51b7513b713add6386c,1,Microsoft.NETCore.App.Runtime.win-arm64/10.0.12:runtimes/win-arm64/lib/net10.0/System.Core.dll,expression:MIT
EsilvaSoft.KapibaraStudio-0.11.0-win-arm64.zip,mcp/EsilvaSoft.KapibaraStudio.McpServer.exe,System.Data.Common.dll,3237672,020a22743b46c8a6ca96f0f73472738ccebe6ee58b4074c6216fa20ab2362d03,1,Microsoft.NETCore.App.Runtime.win-arm64/10.0.12:runtimes/win-arm64/lib/net10.0/System.Data.Common.dll,expression:MIT
EsilvaSoft.KapibaraStudio-0.11.0-win-arm64.zip,mcp/EsilvaSoft.KapibaraStudio.McpServer.exe,System.Data.DataSetExtensions.dll,15656,aa1bc19bd40fc4dbd9a4fc666ea194a76cdd53f56c0470861472e3084513dfdb,1,Microsoft.NETCore.App.Runtime.win-arm64/10.0.12:runtimes/win-arm64/lib/net10.0/System.Data.DataSetExtensions.dll,expression:MIT
EsilvaSoft.KapibaraStudio-0.11.0-win-arm64.zip,mcp/EsilvaSoft.KapibaraStudio.McpServer.exe,System.Data.dll,25384,59a8aeb6b96e9ae1413ed5ad67b2fa6139fe1ef1b654bb2660e263fc51b06475,1,Microsoft.NETCore.App.Runtime.win-arm64/10.0.12:runtimes/win-arm64/lib/net10.0/System.Data.dll,expression:MIT
EsilvaSoft.KapibaraStudio-0.11.0-win-arm64.zip,mcp/EsilvaSoft.KapibaraStudio.McpServer.exe,System.Diagnostics.Contracts.dll,16208,5a52ba22acc3ffa91f6e7249cc0296725b08f483123bfed9d95df124074ee589,1,Microsoft.NETCore.App.Runtime.win-arm64/10.0.12:runtimes/win-arm64/lib/net10.0/System.Diagnostics.Contracts.dll,expression:MIT
EsilvaSoft.KapibaraStudio-0.11.0-win-arm64.zip,mcp/EsilvaSoft.KapibaraStudio.McpServer.exe,System.Diagnostics.Debug.dll,15696,bf5932b7f64afd69e3c8c1e54f2800f17bd0322adabfc7d8922638ab52fd8584,1,Microsoft.NETCore.App.Runtime.win-arm64/10.0.12:runtimes/win-arm64/lib/net10.0/System.Diagnostics.Debug.dll,expression:MIT
EsilvaSoft.KapibaraStudio-0.11.0-win-arm64.zip,mcp/EsilvaSoft.KapibaraStudio.McpServer.exe,System.Diagnostics.DiagnosticSource.dll,567080,b06b76074cd0257256104041d9e67fcce9c457551a5b0693840709fd36bd32ad,1,Microsoft.NETCore.App.Runtime.win-arm64/10.0.12:runtimes/win-arm64/lib/net10.0/System.Diagnostics.DiagnosticSource.dll,expression:MIT
EsilvaSoft.KapibaraStudio-0.11.0-win-arm64.zip,mcp/EsilvaSoft.KapibaraStudio.McpServer.exe,System.Diagnostics.FileVersionInfo.dll,46888,df6841067fb98c77c143b9a493c1eaf1b9b20c661219b6baf925fa105fd91e7e,1,Microsoft.NETCore.App.Runtime.win-arm64/10.0.12:runtimes/win-arm64/lib/net10.0/System.Diagnostics.FileVersionInfo.dll,expression:MIT
EsilvaSoft.KapibaraStudio-0.11.0-win-arm64.zip,mcp/EsilvaSoft.KapibaraStudio.McpServer.exe,System.Diagnostics.Process.dll,382800,f55dfe83d6c30795825f0a744cbf984d4ffa15da02058310d2d3e4f3c9b099fd,1,Microsoft.NETCore.App.Runtime.win-arm64/10.0.12:runtimes/win-arm64/lib/net10.0/System.Diagnostics.Process.dll,expression:MIT
EsilvaSoft.KapibaraStudio-0.11.0-win-arm64.zip,mcp/EsilvaSoft.KapibaraStudio.McpServer.exe,System.Diagnostics.StackTrace.dll,46888,d0eb62ad30f21ec2997afd340e5418a9728212177128ee96cb451f18b136d26a,1,Microsoft.NETCore.App.Runtime.win-arm64/10.0.12:runtimes/win-arm64/lib/net10.0/System.Diagnostics.StackTrace.dll,expression:MIT
EsilvaSoft.KapibaraStudio-0.11.0-win-arm64.zip,mcp/EsilvaSoft.KapibaraStudio.McpServer.exe,System.Diagnostics.TextWriterTraceListener.dll,75560,e4716d1ad11e54a7b23d257b530f3f9f711d13a4330a630cd29a3801b2464662,1,Microsoft.NETCore.App.Runtime.win-arm64/10.0.12:runtimes/win-arm64/lib/net10.0/System.Diagnostics.TextWriterTraceListener.dll,expression:MIT
EsilvaSoft.KapibaraStudio-0.11.0-win-arm64.zip,mcp/EsilvaSoft.KapibaraStudio.McpServer.exe,System.Diagnostics.Tools.dll,15144,e2daca295df3e6700db9adc22b822543622927af1865cfc4a84dceeed27ed864,1,Microsoft.NETCore.App.Runtime.win-arm64/10.0.12:runtimes/win-arm64/lib/net10.0/System.Diagnostics.Tools.dll,expression:MIT
EsilvaSoft.KapibaraStudio-0.11.0-win-arm64.zip,mcp/EsilvaSoft.KapibaraStudio.McpServer.exe,System.Diagnostics.TraceSource.dll,161576,2bb19903d414d215f7ccb28b314b4408f35dd8102ae49608c53f97f0ebc480c8,1,Microsoft.NETCore.App.Runtime.win-arm64/10.0.12:runtimes/win-arm64/lib/net10.0/System.Diagnostics.TraceSource.dll,expression:MIT
EsilvaSoft.KapibaraStudio-0.11.0-win-arm64.zip,mcp/EsilvaSoft.KapibaraStudio.McpServer.exe,System.Diagnostics.Tracing.dll,16168,5aaf6e996240993b612e32be68cadd37ca89450db3e6bb6225eb2aca591dc7ab,1,Microsoft.NETCore.App.Runtime.win-arm64/10.0.12:runtimes/win-arm64/lib/net10.0/System.Diagnostics.Tracing.dll,expression:MIT
EsilvaSoft.KapibaraStudio-0.11.0-win-arm64.zip,mcp/EsilvaSoft.KapibaraStudio.McpServer.exe,System.Drawing.Primitives.dll,141096,837ca2a0f33054c7cdd0eed15ae6050f3f5d0fcc32f7420c349a73ff353e8643,1,Microsoft.NETCore.App.Runtime.win-arm64/10.0.12:runtimes/win-arm64/lib/net10.0/System.Drawing.Primitives.dll,expression:MIT
EsilvaSoft.KapibaraStudio-0.11.0-win-arm64.zip,mcp/EsilvaSoft.KapibaraStudio.McpServer.exe,System.Drawing.dll,20264,c37bbae89c1c904f9fe1cb839f7548188db8d002c4d20f796bb4015013a0e0ab,1,Microsoft.NETCore.App.Runtime.win-arm64/10.0.12:runtimes/win-arm64/lib/net10.0/System.Drawing.dll,expression:MIT
EsilvaSoft.KapibaraStudio-0.11.0-win-arm64.zip,mcp/EsilvaSoft.KapibaraStudio.McpServer.exe,System.Dynamic.Runtime.dll,16168,7db5ed0b5525279d86a49f212ab18219ee9a90f7447f703fbad64210241abc80,1,Microsoft.NETCore.App.Runtime.win-arm64/10.0.12:runtimes/win-arm64/lib/net10.0/System.Dynamic.Runtime.dll,expression:MIT
EsilvaSoft.KapibaraStudio-0.11.0-win-arm64.zip,mcp/EsilvaSoft.KapibaraStudio.McpServer.exe,System.Formats.Asn1.dll,255824,57c88edaa53ed525e11e3e39a43d63cc954d95bbd8b38e29028f076ebe50e204,1,Microsoft.NETCore.App.Runtime.win-arm64/10.0.12:runtimes/win-arm64/lib/net10.0/System.Formats.Asn1.dll,expression:MIT
EsilvaSoft.KapibaraStudio-0.11.0-win-arm64.zip,mcp/EsilvaSoft.KapibaraStudio.McpServer.exe,System.Formats.Tar.dll,304976,b760a4a8864def3e68ccf35ffbae1a16862c7627d4ff70714c1ccdf012c23440,1,Microsoft.NETCore.App.Runtime.win-arm64/10.0.12:runtimes/win-arm64/lib/net10.0/System.Formats.Tar.dll,expression:MIT
EsilvaSoft.KapibaraStudio-0.11.0-win-arm64.zip,mcp/EsilvaSoft.KapibaraStudio.McpServer.exe,System.Globalization.Calendars.dll,15656,8a7180552be26b16dc72197f794767cbc1613fcb6046bcc5779768de1bf2182b,1,Microsoft.NETCore.App.Runtime.win-arm64/10.0.12:runtimes/win-arm64/lib/net10.0/System.Globalization.Calendars.dll,expression:MIT
EsilvaSoft.KapibaraStudio-0.11.0-win-arm64.zip,mcp/EsilvaSoft.KapibaraStudio.McpServer.exe,System.Globalization.Extensions.dll,15184,4443ab4112752efe0cb5aac1bee29b6e9f8627d6847e97b524495089fb51a15e,1,Microsoft.NETCore.App.Runtime.win-arm64/10.0.12:runtimes/win-arm64/lib/net10.0/System.Globalization.Extensions.dll,expression:MIT
EsilvaSoft.KapibaraStudio-0.11.0-win-arm64.zip,mcp/EsilvaSoft.KapibaraStudio.McpServer.exe,System.Globalization.dll,15696,cc7eb7a60871f2169ff4548218538cd25ddfe26440b2dea51b11188cdaf5316c,1,Microsoft.NETCore.App.Runtime.win-arm64/10.0.12:runtimes/win-arm64/lib/net10.0/System.Globalization.dll,expression:MIT
EsilvaSoft.KapibaraStudio-0.11.0-win-arm64.zip,mcp/EsilvaSoft.KapibaraStudio.McpServer.exe,System.IO.Compression.Brotli.dll,91944,f14b9f33de270bf10ded3f2506d3f9d5972ead0dd1f16cbd8342c44ad04b6b65,1,Microsoft.NETCore.App.Runtime.win-arm64/10.0.12:runtimes/win-arm64/lib/net10.0/System.IO.Compression.Brotli.dll,expression:MIT
EsilvaSoft.KapibaraStudio-0.11.0-win-arm64.zip,mcp/EsilvaSoft.KapibaraStudio.McpServer.exe,System.IO.Compression.FileSystem.dll,15144,4a763de938170a6b380d2aba1f6aba65a6244f750af7676ce798e90b179521b7,1,Microsoft.NETCore.App.Runtime.win-arm64/10.0.12:runtimes/win-arm64/lib/net10.0/System.IO.Compression.FileSystem.dll,expression:MIT
EsilvaSoft.KapibaraStudio-0.11.0-win-arm64.zip,mcp/EsilvaSoft.KapibaraStudio.McpServer.exe,System.IO.Compression.ZipFile.dll,108368,25ee458b9f34e8a9e9455a9cb0dba0f87c2ae034c40b54bcece5f13e06c4d66e,1,Microsoft.NETCore.App.Runtime.win-arm64/10.0.12:runtimes/win-arm64/lib/net10.0/System.IO.Compression.ZipFile.dll,expression:MIT
EsilvaSoft.KapibaraStudio-0.11.0-win-arm64.zip,mcp/EsilvaSoft.KapibaraStudio.McpServer.exe,System.IO.Compression.dll,472872,b57271e3daa08b42455fb35006302b6eb78d0bb3d8215488135a448ed7b1d099,1,Microsoft.NETCore.App.Runtime.win-arm64/10.0.12:runtimes/win-arm64/lib/net10.0/System.IO.Compression.dll,expression:MIT
EsilvaSoft.KapibaraStudio-0.11.0-win-arm64.zip,mcp/EsilvaSoft.KapibaraStudio.McpServer.exe,System.IO.FileSystem.AccessControl.dll,112424,4a3e58b5db2321c9a511661ae016361d890bbe33bd12cd1acb1b151d6047d08c,1,Microsoft.NETCore.App.Runtime.win-arm64/10.0.12:runtimes/win-arm64/lib/net10.0/System.IO.FileSystem.AccessControl.dll,expression:MIT
EsilvaSoft.KapibaraStudio-0.11.0-win-arm64.zip,mcp/EsilvaSoft.KapibaraStudio.McpServer.exe,System.IO.FileSystem.DriveInfo.dll,59176,74c94fe9f1b71349313c196806345157ac45ff54c76ea369af9dccad4a8f0159,1,Microsoft.NETCore.App.Runtime.win-arm64/10.0.12:runtimes/win-arm64/lib/net10.0/System.IO.FileSystem.DriveInfo.dll,expression:MIT
EsilvaSoft.KapibaraStudio-0.11.0-win-arm64.zip,mcp/EsilvaSoft.KapibaraStudio.McpServer.exe,System.IO.FileSystem.Primitives.dll,15184,8ea9d6a7cc7a86628f13b2a408dd614cf0a9267038018a1906e0530f859665d5,1,Microsoft.NETCore.App.Runtime.win-arm64/10.0.12:runtimes/win-arm64/lib/net10.0/System.IO.FileSystem.Primitives.dll,expression:MIT
EsilvaSoft.KapibaraStudio-0.11.0-win-arm64.zip,mcp/EsilvaSoft.KapibaraStudio.McpServer.exe,System.IO.FileSystem.Watcher.dll,96040,134af234943dbd47d6cde0908ceb4964465c716cd2f423b877f7af13c33953ac,1,Microsoft.NETCore.App.Runtime.win-arm64/10.0.12:runtimes/win-arm64/lib/net10.0/System.IO.FileSystem.Watcher.dll,expression:MIT
EsilvaSoft.KapibaraStudio-0.11.0-win-arm64.zip,mcp/EsilvaSoft.KapibaraStudio.McpServer.exe,System.IO.FileSystem.dll,15656,c4d1df47207499f3f83bc47f4580cdaab1e2c20ab5ed1fc651f5575ec3ab67a0,1,Microsoft.NETCore.App.Runtime.win-arm64/10.0.12:runtimes/win-arm64/lib/net10.0/System.IO.FileSystem.dll,expression:MIT
EsilvaSoft.KapibaraStudio-0.11.0-win-arm64.zip,mcp/EsilvaSoft.KapibaraStudio.McpServer.exe,System.IO.IsolatedStorage.dll,96040,83608b3c1978b4046202cdecff299409c47c927c7a8cb6b84ad8a2bd67b39e45,1,Microsoft.NETCore.App.Runtime.win-arm64/10.0.12:runtimes/win-arm64/lib/net10.0/System.IO.IsolatedStorage.dll,expression:MIT
EsilvaSoft.KapibaraStudio-0.11.0-win-arm64.zip,mcp/EsilvaSoft.KapibaraStudio.McpServer.exe,System.IO.MemoryMappedFiles.dll,91984,48cadb8b2cb0335c0ecd97e5ed464598919d409f9e24ba28b628b4511ac11f23,1,Microsoft.NETCore.App.Runtime.win-arm64/10.0.12:runtimes/win-arm64/lib/net10.0/System.IO.MemoryMappedFiles.dll,expression:MIT
EsilvaSoft.KapibaraStudio-0.11.0-win-arm64.zip,mcp/EsilvaSoft.KapibaraStudio.McpServer.exe,System.IO.Pipelines.dll,210768,66a3b7cee53cc2147f77a4e864d37c7835b0a9c3dabb6bf821a45769c4ddebbb,1,Microsoft.NETCore.App.Runtime.win-arm64/10.0.12:runtimes/win-arm64/lib/net10.0/System.IO.Pipelines.dll,expression:MIT
EsilvaSoft.KapibaraStudio-0.11.0-win-arm64.zip,mcp/EsilvaSoft.KapibaraStudio.McpServer.exe,System.IO.Pipes.AccessControl.dll,15696,d923e3f7927f05fcd85bce9497016eb0b47728b5f8c7c8c29022f9ec0f35cd72,1,Microsoft.NETCore.App.Runtime.win-arm64/10.0.12:runtimes/win-arm64/lib/net10.0/System.IO.Pipes.AccessControl.dll,expression:MIT
EsilvaSoft.KapibaraStudio-0.11.0-win-arm64.zip,mcp/EsilvaSoft.KapibaraStudio.McpServer.exe,System.IO.Pipes.dll,198440,f7366b261367f496119e0244345eb5bf057b813d2f6e4ee5906b72ff035580cb,1,Microsoft.NETCore.App.Runtime.win-arm64/10.0.12:runtimes/win-arm64/lib/net10.0/System.IO.Pipes.dll,expression:MIT
EsilvaSoft.KapibaraStudio-0.11.0-win-arm64.zip,mcp/EsilvaSoft.KapibaraStudio.McpServer.exe,System.IO.UnmanagedMemoryStream.dll,15656,f7223316bcb3f549d0f9b77408d08667b59c64b5d8bd535e9dada64653b04d12,1,Microsoft.NETCore.App.Runtime.win-arm64/10.0.12:runtimes/win-arm64/lib/net10.0/System.IO.UnmanagedMemoryStream.dll,expression:MIT
EsilvaSoft.KapibaraStudio-0.11.0-win-arm64.zip,mcp/EsilvaSoft.KapibaraStudio.McpServer.exe,System.IO.dll,15656,52325647bef4a2d137015a5f5767a2a331bb39c00fc97bbc95c9567a5dcd79a6,1,Microsoft.NETCore.App.Runtime.win-arm64/10.0.12:runtimes/win-arm64/lib/net10.0/System.IO.dll,expression:MIT
EsilvaSoft.KapibaraStudio-0.11.0-win-arm64.zip,mcp/EsilvaSoft.KapibaraStudio.McpServer.exe,System.Linq.AsyncEnumerable.dll,1500968,db1dcbba5c79345b6e8f72fa4352c05c44019734ecb7aa603ce47649dcec3ebf,1,Microsoft.NETCore.App.Runtime.win-arm64/10.0.12:runtimes/win-arm64/lib/net10.0/System.Linq.AsyncEnumerable.dll,expression:MIT
EsilvaSoft.KapibaraStudio-0.11.0-win-arm64.zip,mcp/EsilvaSoft.KapibaraStudio.McpServer.exe,System.Linq.Expressions.dll,4658984,a8448e04785726516795252c938d98fa2c64f611f89c95f04a5041adaa65dcc0,1,Microsoft.NETCore.App.Runtime.win-arm64/10.0.12:runtimes/win-arm64/lib/net10.0/System.Linq.Expressions.dll,expression:MIT
EsilvaSoft.KapibaraStudio-0.11.0-win-arm64.zip,mcp/EsilvaSoft.KapibaraStudio.McpServer.exe,System.Linq.Parallel.dll,902992,40baf44aa90ea4ff2e886242270455e9b00c36ef47116cda768ffd055326d2c0,1,Microsoft.NETCore.App.Runtime.win-arm64/10.0.12:runtimes/win-arm64/lib/net10.0/System.Linq.Parallel.dll,expression:MIT
EsilvaSoft.KapibaraStudio-0.11.0-win-arm64.zip,mcp/EsilvaSoft.KapibaraStudio.McpServer.exe,System.Linq.Queryable.dll,223016,024e368103f0ee02c1b2ac139b5e8349380a31189bf8933d1406542bde84afe1,1,Microsoft.NETCore.App.Runtime.win-arm64/10.0.12:runtimes/win-arm64/lib/net10.0/System.Linq.Queryable.dll,expression:MIT
EsilvaSoft.KapibaraStudio-0.11.0-win-arm64.zip,mcp/EsilvaSoft.KapibaraStudio.McpServer.exe,System.Linq.dll,804688,e37ec14d3dd64490a34189bc4cbdd9cdc23a319e8747b9f41dda7420f272a0aa,1,Microsoft.NETCore.App.Runtime.win-arm64/10.0.12:runtimes/win-arm64/lib/net10.0/System.Linq.dll,expression:MIT
EsilvaSoft.KapibaraStudio-0.11.0-win-arm64.zip,mcp/EsilvaSoft.KapibaraStudio.McpServer.exe,System.Memory.dll,173864,e717cffc67c3d08afc1b1923d1cf2710f451b576db5ce941c5018e2c79b11288,1,Microsoft.NETCore.App.Runtime.win-arm64/10.0.12:runtimes/win-arm64/lib/net10.0/System.Memory.dll,expression:MIT
EsilvaSoft.KapibaraStudio-0.11.0-win-arm64.zip,mcp/EsilvaSoft.KapibaraStudio.McpServer.exe,System.Net.Http.Json.dll,141096,6049ccf0c5642751cdb9417c1b6089b15b70b36050fc136312e07b87f96185d3,1,Microsoft.NETCore.App.Runtime.win-arm64/10.0.12:runtimes/win-arm64/lib/net10.0/System.Net.Http.Json.dll,expression:MIT
EsilvaSoft.KapibaraStudio-0.11.0-win-arm64.zip,mcp/EsilvaSoft.KapibaraStudio.McpServer.exe,System.Net.Http.dll,1967912,6d871a08b6837fa8471b0af2abffa92a4cc3eb6726fff85cc8171cb2ef34e647,1,Microsoft.NETCore.App.Runtime.win-arm64/10.0.12:runtimes/win-arm64/lib/net10.0/System.Net.Http.dll,expression:MIT
EsilvaSoft.KapibaraStudio-0.11.0-win-arm64.zip,mcp/EsilvaSoft.KapibaraStudio.McpServer.exe,System.Net.HttpListener.dll,616232,c857e3c066e172dd75ac0eb40a8c71e2c1b7cce6ead8f7bd12b7e261fafe7d32,1,Microsoft.NETCore.App.Runtime.win-arm64/10.0.12:runtimes/win-arm64/lib/net10.0/System.Net.HttpListener.dll,expression:MIT
EsilvaSoft.KapibaraStudio-0.11.0-win-arm64.zip,mcp/EsilvaSoft.KapibaraStudio.McpServer.exe,System.Net.Mail.dll,550736,1128516530f51955d95acb589b26711bf373bb5de23455745b36580a5bbedc05,1,Microsoft.NETCore.App.Runtime.win-arm64/10.0.12:runtimes/win-arm64/lib/net10.0/System.Net.Mail.dll,expression:MIT
EsilvaSoft.KapibaraStudio-0.11.0-win-arm64.zip,mcp/EsilvaSoft.KapibaraStudio.McpServer.exe,System.Net.NameResolution.dll,141096,c8df85fb681e054117ac8ee0a534f39aa213a7bb41ded04ac92a0b4ca31fdcf5,1,Microsoft.NETCore.App.Runtime.win-arm64/10.0.12:runtimes/win-arm64/lib/net10.0/System.Net.NameResolution.dll,expression:MIT
EsilvaSoft.KapibaraStudio-0.11.0-win-arm64.zip,mcp/EsilvaSoft.KapibaraStudio.McpServer.exe,System.Net.NetworkInformation.dll,173904,d3bd8fb6be41d19ce28eac5d14624c490a0a85ab0ce70ba09dc7c10054946549,1,Microsoft.NETCore.App.Runtime.win-arm64/10.0.12:runtimes/win-arm64/lib/net10.0/System.Net.NetworkInformation.dll,expression:MIT
EsilvaSoft.KapibaraStudio-0.11.0-win-arm64.zip,mcp/EsilvaSoft.KapibaraStudio.McpServer.exe,System.Net.Ping.dll,104272,0e745b08ed85ba31927286f5ef99979e561492bc05745fe5d0a2a00a60ae0ff4,1,Microsoft.NETCore.App.Runtime.win-arm64/10.0.12:runtimes/win-arm64/lib/net10.0/System.Net.Ping.dll,expression:MIT
EsilvaSoft.KapibaraStudio-0.11.0-win-arm64.zip,mcp/EsilvaSoft.KapibaraStudio.McpServer.exe,System.Net.Primitives.dll,239400,e9444524a31657385bcda7af75c09cc49d3537d39324262e0982759fe5dd86ef,1,Microsoft.NETCore.App.Runtime.win-arm64/10.0.12:runtimes/win-arm64/lib/net10.0/System.Net.Primitives.dll,expression:MIT
EsilvaSoft.KapibaraStudio-0.11.0-win-arm64.zip,mcp/EsilvaSoft.KapibaraStudio.McpServer.exe,System.Net.Quic.dll,399144,cdd21a47178a4c1f6f13b12989c55d9cecd1e67c0c840db23f59695248aec762,1,Microsoft.NETCore.App.Runtime.win-arm64/10.0.12:runtimes/win-arm64/lib/net10.0/System.Net.Quic.dll,expression:MIT
EsilvaSoft.KapibaraStudio-0.11.0-win-arm64.zip,mcp/EsilvaSoft.KapibaraStudio.McpServer.exe,System.Net.Requests.dll,427816,b9aff827e35f41ed0fd1838994cb41d3f795fbeb6efa003d47f2c2b6add52aa5,1,Microsoft.NETCore.App.Runtime.win-arm64/10.0.12:runtimes/win-arm64/lib/net10.0/System.Net.Requests.dll,expression:MIT
EsilvaSoft.KapibaraStudio-0.11.0-win-arm64.zip,mcp/EsilvaSoft.KapibaraStudio.McpServer.exe,System.Net.Security.dll,755496,00b7a23c5b04e2935b8c4b5641a161860a576f4262e552aeab7ab06c4f2d96ce,1,Microsoft.NETCore.App.Runtime.win-arm64/10.0.12:runtimes/win-arm64/lib/net10.0/System.Net.Security.dll,expression:MIT
EsilvaSoft.KapibaraStudio-0.11.0-win-arm64.zip,mcp/EsilvaSoft.KapibaraStudio.McpServer.exe,System.Net.ServerSentEvents.dll,87848,df325ba62ebe2d1ef7309426bf514f44ba12df8c8fcc76f89c0f300d41a5c368,1,Microsoft.NETCore.App.Runtime.win-arm64/10.0.12:runtimes/win-arm64/lib/net10.0/System.Net.ServerSentEvents.dll,expression:MIT
EsilvaSoft.KapibaraStudio-0.11.0-win-arm64.zip,mcp/EsilvaSoft.KapibaraStudio.McpServer.exe,System.Net.ServicePoint.dll,15144,49c396440c91a90abe66633091eea5bae25f0754046cad7beef8c9721c4239fb,1,Microsoft.NETCore.App.Runtime.win-arm64/10.0.12:runtimes/win-arm64/lib/net10.0/System.Net.ServicePoint.dll,expression:MIT
EsilvaSoft.KapibaraStudio-0.11.0-win-arm64.zip,mcp/EsilvaSoft.KapibaraStudio.McpServer.exe,System.Net.Sockets.dll,620328,f7a6fea9603cc03fd6d97265933f685c7f8548e5f592bcadc58e1692fe69c6cc,1,Microsoft.NETCore.App.Runtime.win-arm64/10.0.12:runtimes/win-arm64/lib/net10.0/System.Net.Sockets.dll,expression:MIT
EsilvaSoft.KapibaraStudio-0.11.0-win-arm64.zip,mcp/EsilvaSoft.KapibaraStudio.McpServer.exe,System.Net.WebClient.dll,186192,b463df60be45ba6d328a974866d773d2207fd46d3515919814addc7a433eb69f,1,Microsoft.NETCore.App.Runtime.win-arm64/10.0.12:runtimes/win-arm64/lib/net10.0/System.Net.WebClient.dll,expression:MIT
EsilvaSoft.KapibaraStudio-0.11.0-win-arm64.zip,mcp/EsilvaSoft.KapibaraStudio.McpServer.exe,System.Net.WebHeaderCollection.dll,71464,e80990d3370dccf720020e770fa684f6335fa45effb14bea17bd7fd5e4d3d291,1,Microsoft.NETCore.App.Runtime.win-arm64/10.0.12:runtimes/win-arm64/lib/net10.0/System.Net.WebHeaderCollection.dll,expression:MIT
EsilvaSoft.KapibaraStudio-0.11.0-win-arm64.zip,mcp/EsilvaSoft.KapibaraStudio.McpServer.exe,System.Net.WebProxy.dll,46928,231ddeeea7f25e7ffa2ec1f37dca806a7a1ca2c4772c779ba8c2adac4a55a3e5,1,Microsoft.NETCore.App.Runtime.win-arm64/10.0.12:runtimes/win-arm64/lib/net10.0/System.Net.WebProxy.dll,expression:MIT
EsilvaSoft.KapibaraStudio-0.11.0-win-arm64.zip,mcp/EsilvaSoft.KapibaraStudio.McpServer.exe,System.Net.WebSockets.Client.dll,112424,0d3e328ef3d476d547314582727822e96529c31f3bbf1d8d35d2fecbe58db682,1,Microsoft.NETCore.App.Runtime.win-arm64/10.0.12:runtimes/win-arm64/lib/net10.0/System.Net.WebSockets.Client.dll,expression:MIT
EsilvaSoft.KapibaraStudio-0.11.0-win-arm64.zip,mcp/EsilvaSoft.KapibaraStudio.McpServer.exe,System.Net.WebSockets.dll,268112,7ca0309c1c189dc614bcc3a478b1a32eeccbac37d50dd08752dab25198699e01,1,Microsoft.NETCore.App.Runtime.win-arm64/10.0.12:runtimes/win-arm64/lib/net10.0/System.Net.WebSockets.dll,expression:MIT
EsilvaSoft.KapibaraStudio-0.11.0-win-arm64.zip,mcp/EsilvaSoft.KapibaraStudio.McpServer.exe,System.Net.dll,17192,28e7f52fc6ab92d70ce2bc5ae332c53470dfb49c6484d0995dfc6b06ea914908,1,Microsoft.NETCore.App.Runtime.win-arm64/10.0.12:runtimes/win-arm64/lib/net10.0/System.Net.dll,expression:MIT
EsilvaSoft.KapibaraStudio-0.11.0-win-arm64.zip,mcp/EsilvaSoft.KapibaraStudio.McpServer.exe,System.Numerics.Vectors.dll,15656,a86e57f1665226bc19ff39a5cdf189b7c97c2842433cce858acdb57ca52f1ce3,1,Microsoft.NETCore.App.Runtime.win-arm64/10.0.12:runtimes/win-arm64/lib/net10.0/System.Numerics.Vectors.dll,expression:MIT
EsilvaSoft.KapibaraStudio-0.11.0-win-arm64.zip,mcp/EsilvaSoft.KapibaraStudio.McpServer.exe,System.Numerics.dll,15184,2dd73fe5828d1081ba290bca53a0635acaba03c1873d907d0070996000e3b68c,1,Microsoft.NETCore.App.Runtime.win-arm64/10.0.12:runtimes/win-arm64/lib/net10.0/System.Numerics.dll,expression:MIT
EsilvaSoft.KapibaraStudio-0.11.0-win-arm64.zip,mcp/EsilvaSoft.KapibaraStudio.McpServer.exe,System.ObjectModel.dll,87888,066f65b853c7450519edcc5a997689ae487640c8f03fbbfe4cbefe44df065577,1,Microsoft.NETCore.App.Runtime.win-arm64/10.0.12:runtimes/win-arm64/lib/net10.0/System.ObjectModel.dll,expression:MIT
EsilvaSoft.KapibaraStudio-0.11.0-win-arm64.zip,mcp/EsilvaSoft.KapibaraStudio.McpServer.exe,System.Private.CoreLib.dll,17729320,7cc56b492774fff48f2156b738f5fbef0a50dd65aba40969118d4261f7efbc8c,1,Microsoft.NETCore.App.Runtime.win-arm64/10.0.12:runtimes/win-arm64/lib/net10.0/System.Private.CoreLib.dll,expression:MIT
EsilvaSoft.KapibaraStudio-0.11.0-win-arm64.zip,mcp/EsilvaSoft.KapibaraStudio.McpServer.exe,System.Private.DataContractSerialization.dll,2406184,025ad8e88b72c901b6705be2dcefae0349c2075c4c9aebb71d873fb26050b402,1,Microsoft.NETCore.App.Runtime.win-arm64/10.0.12:runtimes/win-arm64/lib/net10.0/System.Private.DataContractSerialization.dll,expression:MIT
EsilvaSoft.KapibaraStudio-0.11.0-win-arm64.zip,mcp/EsilvaSoft.KapibaraStudio.McpServer.exe,System.Private.Uri.dll,276264,e211355b654b5112417d5876bc04287891f0fc7326c1ee745d216e053ceee5ba,1,Microsoft.NETCore.App.Runtime.win-arm64/10.0.12:runtimes/win-arm64/lib/net10.0/System.Private.Uri.dll,expression:MIT
EsilvaSoft.KapibaraStudio-0.11.0-win-arm64.zip,mcp/EsilvaSoft.KapibaraStudio.McpServer.exe,System.Private.Xml.Linq.dll,452432,207ac73ffd90c8d9d35ce78f886aecaaa36b71ee09c28fe6d901f29af568560b,1,Microsoft.NETCore.App.Runtime.win-arm64/10.0.12:runtimes/win-arm64/lib/net10.0/System.Private.Xml.Linq.dll,expression:MIT
EsilvaSoft.KapibaraStudio-0.11.0-win-arm64.zip,mcp/EsilvaSoft.KapibaraStudio.McpServer.exe,System.Private.Xml.dll,9021224,f93ab035459533198cf794278037188b9562ed73b6d7ea9540e5a09998fc1935,1,Microsoft.NETCore.App.Runtime.win-arm64/10.0.12:runtimes/win-arm64/lib/net10.0/System.Private.Xml.dll,expression:MIT
EsilvaSoft.KapibaraStudio-0.11.0-win-arm64.zip,mcp/EsilvaSoft.KapibaraStudio.McpServer.exe,System.Reflection.DispatchProxy.dll,83792,c0ac41929656f3f8a9841eb49f2791bbf56cb2e216c1a322b850edeccd24f6c8,1,Microsoft.NETCore.App.Runtime.win-arm64/10.0.12:runtimes/win-arm64/lib/net10.0/System.Reflection.DispatchProxy.dll,expression:MIT
EsilvaSoft.KapibaraStudio-0.11.0-win-arm64.zip,mcp/EsilvaSoft.KapibaraStudio.McpServer.exe,System.Reflection.Emit.ILGeneration.dll,15656,1ba0d1bf36def9f21813da95fd01a699a22a1e1f4b0350fffe2682b3cb069e75,1,Microsoft.NETCore.App.Runtime.win-arm64/10.0.12:runtimes/win-arm64/lib/net10.0/System.Reflection.Emit.ILGeneration.dll,expression:MIT
EsilvaSoft.KapibaraStudio-0.11.0-win-arm64.zip,mcp/EsilvaSoft.KapibaraStudio.McpServer.exe,System.Reflection.Emit.Lightweight.dll,15656,92c0a48563142ce461bf3495a145f717a19a2d5e08bc488a1970a3d4d3b01f60,1,Microsoft.NETCore.App.Runtime.win-arm64/10.0.12:runtimes/win-arm64/lib/net10.0/System.Reflection.Emit.Lightweight.dll,expression:MIT
EsilvaSoft.KapibaraStudio-0.11.0-win-arm64.zip,mcp/EsilvaSoft.KapibaraStudio.McpServer.exe,System.Reflection.Emit.dll,349992,ca491f787c9a61b1d33bb21fb32503331a3a209f5dbfd8eb77a808d1f7b0f284,1,Microsoft.NETCore.App.Runtime.win-arm64/10.0.12:runtimes/win-arm64/lib/net10.0/System.Reflection.Emit.dll,expression:MIT
EsilvaSoft.KapibaraStudio-0.11.0-win-arm64.zip,mcp/EsilvaSoft.KapibaraStudio.McpServer.exe,System.Reflection.Extensions.dll,15184,8bcef88f695d201f7f6fce369573915b3cfdbd9e4b20d1a98d423f6e59be0074,1,Microsoft.NETCore.App.Runtime.win-arm64/10.0.12:runtimes/win-arm64/lib/net10.0/System.Reflection.Extensions.dll,expression:MIT
EsilvaSoft.KapibaraStudio-0.11.0-win-arm64.zip,mcp/EsilvaSoft.KapibaraStudio.McpServer.exe,System.Reflection.Metadata.dll,1275688,a73c485f330493feb576c6ce6d506d5e32bdaacfcc673184364d4c77bab3a88d,1,Microsoft.NETCore.App.Runtime.win-arm64/10.0.12:runtimes/win-arm64/lib/net10.0/System.Reflection.Metadata.dll,expression:MIT
EsilvaSoft.KapibaraStudio-0.11.0-win-arm64.zip,mcp/EsilvaSoft.KapibaraStudio.McpServer.exe,System.Reflection.Primitives.dll,15696,eaafd6da6c24e9a83fb0ef3d914cc63c38534a4517dc93eee765bfa92c3117eb,1,Microsoft.NETCore.App.Runtime.win-arm64/10.0.12:runtimes/win-arm64/lib/net10.0/System.Reflection.Primitives.dll,expression:MIT
EsilvaSoft.KapibaraStudio-0.11.0-win-arm64.zip,mcp/EsilvaSoft.KapibaraStudio.McpServer.exe,System.Reflection.TypeExtensions.dll,46888,70be959f8928e5e659c8fab8946e3c80de54dd289cdc34e0b8697be6928e8250,1,Microsoft.NETCore.App.Runtime.win-arm64/10.0.12:runtimes/win-arm64/lib/net10.0/System.Reflection.TypeExtensions.dll,expression:MIT
EsilvaSoft.KapibaraStudio-0.11.0-win-arm64.zip,mcp/EsilvaSoft.KapibaraStudio.McpServer.exe,System.Reflection.dll,16168,3a00f2beb8449f2c369f50cd493ada7d8567ef24c5b3f33dcd713b620c059c09,1,Microsoft.NETCore.App.Runtime.win-arm64/10.0.12:runtimes/win-arm64/lib/net10.0/System.Reflection.dll,expression:MIT
EsilvaSoft.KapibaraStudio-0.11.0-win-arm64.zip,mcp/EsilvaSoft.KapibaraStudio.McpServer.exe,System.Resources.Reader.dll,15144,8fd1267712bdce3f9a46f247bd2d25f6780a832a619e36c0e8148ed27c09d5f3,1,Microsoft.NETCore.App.Runtime.win-arm64/10.0.12:runtimes/win-arm64/lib/net10.0/System.Resources.Reader.dll,expression:MIT
EsilvaSoft.KapibaraStudio-0.11.0-win-arm64.zip,mcp/EsilvaSoft.KapibaraStudio.McpServer.exe,System.Resources.ResourceManager.dll,15656,2c72c237b091565121b89027cf529fae2347781afbcb5d21670840aa80fe4d3e,1,Microsoft.NETCore.App.Runtime.win-arm64/10.0.12:runtimes/win-arm64/lib/net10.0/System.Resources.ResourceManager.dll,expression:MIT
EsilvaSoft.KapibaraStudio-0.11.0-win-arm64.zip,mcp/EsilvaSoft.KapibaraStudio.McpServer.exe,System.Resources.Writer.dll,55120,940133d8a8dac797ceece67c5ccaaaf601e8eb97b35acd3e3cdb85de53174eb9,1,Microsoft.NETCore.App.Runtime.win-arm64/10.0.12:runtimes/win-arm64/lib/net10.0/System.Resources.Writer.dll,expression:MIT
EsilvaSoft.KapibaraStudio-0.11.0-win-arm64.zip,mcp/EsilvaSoft.KapibaraStudio.McpServer.exe,System.Runtime.CompilerServices.Unsafe.dll,15144,542d0c1ab7ee96af0c7aa5822da3402d6965478268928e7b179f21804c79c5bd,1,Microsoft.NETCore.App.Runtime.win-arm64/10.0.12:runtimes/win-arm64/lib/net10.0/System.Runtime.CompilerServices.Unsafe.dll,expression:MIT
EsilvaSoft.KapibaraStudio-0.11.0-win-arm64.zip,mcp/EsilvaSoft.KapibaraStudio.McpServer.exe,System.Runtime.CompilerServices.VisualC.dll,30544,84d69c53ae773b2c7fba362804e67fe41d3dfd806f2a64246191588ade2dd251,1,Microsoft.NETCore.App.Runtime.win-arm64/10.0.12:runtimes/win-arm64/lib/net10.0/System.Runtime.CompilerServices.VisualC.dll,expression:MIT
EsilvaSoft.KapibaraStudio-0.11.0-win-arm64.zip,mcp/EsilvaSoft.KapibaraStudio.McpServer.exe,System.Runtime.Extensions.dll,17744,967d621f416121385db712ab84f9006e18b16b8835a6904ff4bab490429fe573,1,Microsoft.NETCore.App.Runtime.win-arm64/10.0.12:runtimes/win-arm64/lib/net10.0/System.Runtime.Extensions.dll,expression:MIT
EsilvaSoft.KapibaraStudio-0.11.0-win-arm64.zip,mcp/EsilvaSoft.KapibaraStudio.McpServer.exe,System.Runtime.Handles.dll,15656,6927e43b20bfd4cb543d7c6993a1e8e69f1a02e902aa05bcbaa3083d3dad5928,1,Microsoft.NETCore.App.Runtime.win-arm64/10.0.12:runtimes/win-arm64/lib/net10.0/System.Runtime.Handles.dll,expression:MIT
EsilvaSoft.KapibaraStudio-0.11.0-win-arm64.zip,mcp/EsilvaSoft.KapibaraStudio.McpServer.exe,System.Runtime.InteropServices.JavaScript.dll,50984,580e761752dbe3d4fe55285ef203f690dd0336056a5959b7e802082d4ef333ac,1,Microsoft.NETCore.App.Runtime.win-arm64/10.0.12:runtimes/win-arm64/lib/net10.0/System.Runtime.InteropServices.JavaScript.dll,expression:MIT
EsilvaSoft.KapibaraStudio-0.11.0-win-arm64.zip,mcp/EsilvaSoft.KapibaraStudio.McpServer.exe,System.Runtime.InteropServices.RuntimeInformation.dll,15696,d998e1dff9d00958abf347e0b94f204d0cd8f962cad2ef8ba700c9aa8ad24d08,1,Microsoft.NETCore.App.Runtime.win-arm64/10.0.12:runtimes/win-arm64/lib/net10.0/System.Runtime.InteropServices.RuntimeInformation.dll,expression:MIT
EsilvaSoft.KapibaraStudio-0.11.0-win-arm64.zip,mcp/EsilvaSoft.KapibaraStudio.McpServer.exe,System.Runtime.InteropServices.dll,120616,7d52e2c0274e0fd0fb022ff04786bac2edb9486e353cbfff6a05190e6bce9c17,1,Microsoft.NETCore.App.Runtime.win-arm64/10.0.12:runtimes/win-arm64/lib/net10.0/System.Runtime.InteropServices.dll,expression:MIT
EsilvaSoft.KapibaraStudio-0.11.0-win-arm64.zip,mcp/EsilvaSoft.KapibaraStudio.McpServer.exe,System.Runtime.Intrinsics.dll,17192,c96521855bc30e26c62a249074d84f9613055fb60bf63c2ca3508fcf0e3654ca,1,Microsoft.NETCore.App.Runtime.win-arm64/10.0.12:runtimes/win-arm64/lib/net10.0/System.Runtime.Intrinsics.dll,expression:MIT
EsilvaSoft.KapibaraStudio-0.11.0-win-arm64.zip,mcp/EsilvaSoft.KapibaraStudio.McpServer.exe,System.Runtime.Loader.dll,15656,9002446ea049e2d95b330436b187282eb7a2e997266e8b59b817227d9db70016,1,Microsoft.NETCore.App.Runtime.win-arm64/10.0.12:runtimes/win-arm64/lib/net10.0/System.Runtime.Loader.dll,expression:MIT
EsilvaSoft.KapibaraStudio-0.11.0-win-arm64.zip,mcp/EsilvaSoft.KapibaraStudio.McpServer.exe,System.Runtime.Numerics.dll,374608,f28446cce0c430f4db19919fad301aaad67fc259ae5e9de16e85914dd3ce9671,1,Microsoft.NETCore.App.Runtime.win-arm64/10.0.12:runtimes/win-arm64/lib/net10.0/System.Runtime.Numerics.dll,expression:MIT
EsilvaSoft.KapibaraStudio-0.11.0-win-arm64.zip,mcp/EsilvaSoft.KapibaraStudio.McpServer.exe,System.Runtime.Serialization.Formatters.dll,137000,e42bfb50ae7ee20140203cb1f61ebb66f40c2b46e3d9a63bc32dc77389de07d4,1,Microsoft.NETCore.App.Runtime.win-arm64/10.0.12:runtimes/win-arm64/lib/net10.0/System.Runtime.Serialization.Formatters.dll,expression:MIT
EsilvaSoft.KapibaraStudio-0.11.0-win-arm64.zip,mcp/EsilvaSoft.KapibaraStudio.McpServer.exe,System.Runtime.Serialization.Json.dll,15656,e3d4bdccc1c2022e73ab1d4607378589b7e4c14131be9aea58af40b07201c8a4,1,Microsoft.NETCore.App.Runtime.win-arm64/10.0.12:runtimes/win-arm64/lib/net10.0/System.Runtime.Serialization.Json.dll,expression:MIT
EsilvaSoft.KapibaraStudio-0.11.0-win-arm64.zip,mcp/EsilvaSoft.KapibaraStudio.McpServer.exe,System.Runtime.Serialization.Primitives.dll,42792,67686007ed166ea53f5dfdfe46a34ba24e0a0123d4fc8654b6939b6cee2e7917,1,Microsoft.NETCore.App.Runtime.win-arm64/10.0.12:runtimes/win-arm64/lib/net10.0/System.Runtime.Serialization.Primitives.dll,expression:MIT
EsilvaSoft.KapibaraStudio-0.11.0-win-arm64.zip,mcp/EsilvaSoft.KapibaraStudio.McpServer.exe,System.Runtime.Serialization.Xml.dll,16680,49604a0f104f0b315446a7f138b8a9220e243add0a0d69aa74f9dec6ce4c0cf7,1,Microsoft.NETCore.App.Runtime.win-arm64/10.0.12:runtimes/win-arm64/lib/net10.0/System.Runtime.Serialization.Xml.dll,expression:MIT
EsilvaSoft.KapibaraStudio-0.11.0-win-arm64.zip,mcp/EsilvaSoft.KapibaraStudio.McpServer.exe,System.Runtime.Serialization.dll,17232,e4729bc586599799ea6022f3711e02712d135061b1da586a90f3a0b9ccabd7c2,1,Microsoft.NETCore.App.Runtime.win-arm64/10.0.12:runtimes/win-arm64/lib/net10.0/System.Runtime.Serialization.dll,expression:MIT
EsilvaSoft.KapibaraStudio-0.11.0-win-arm64.zip,mcp/EsilvaSoft.KapibaraStudio.McpServer.exe,System.Runtime.dll,44840,6aeef967c1d63840c3c529de76d07342110547902abd70c51e56fcb120740a9a,1,Microsoft.NETCore.App.Runtime.win-arm64/10.0.12:runtimes/win-arm64/lib/net10.0/System.Runtime.dll,expression:MIT
EsilvaSoft.KapibaraStudio-0.11.0-win-arm64.zip,mcp/EsilvaSoft.KapibaraStudio.McpServer.exe,System.Security.AccessControl.dll,255784,2b1077ce80a54b78dd77f09a2f400b75c1a550b3ead17e7355ef3dbdcab27043,1,Microsoft.NETCore.App.Runtime.win-arm64/10.0.12:runtimes/win-arm64/lib/net10.0/System.Security.AccessControl.dll,expression:MIT
EsilvaSoft.KapibaraStudio-0.11.0-win-arm64.zip,mcp/EsilvaSoft.KapibaraStudio.McpServer.exe,System.Security.Claims.dll,112424,23a08e036b182acc318a2758a6adf05b97bd798436285a967d6b875db7758bef,1,Microsoft.NETCore.App.Runtime.win-arm64/10.0.12:runtimes/win-arm64/lib/net10.0/System.Security.Claims.dll,expression:MIT
EsilvaSoft.KapibaraStudio-0.11.0-win-arm64.zip,mcp/EsilvaSoft.KapibaraStudio.McpServer.exe,System.Security.Cryptography.Algorithms.dll,17232,69f7324458b66c3ddb8078efaddf2307a06c1939a8a0215125d5ee33f2108361,1,Microsoft.NETCore.App.Runtime.win-arm64/10.0.12:runtimes/win-arm64/lib/net10.0/System.Security.Cryptography.Algorithms.dll,expression:MIT
EsilvaSoft.KapibaraStudio-0.11.0-win-arm64.zip,mcp/EsilvaSoft.KapibaraStudio.McpServer.exe,System.Security.Cryptography.Cng.dll,16168,d0796e15069e4d4b6f2afba3d8f4254892e4ea0d61e62307e2653292c8d0c3d3,1,Microsoft.NETCore.App.Runtime.win-arm64/10.0.12:runtimes/win-arm64/lib/net10.0/System.Security.Cryptography.Cng.dll,expression:MIT
EsilvaSoft.KapibaraStudio-0.11.0-win-arm64.zip,mcp/EsilvaSoft.KapibaraStudio.McpServer.exe,System.Security.Cryptography.Csp.dll,16168,e00138ea078c1ca3d3f673bb57b95c88e6fc9020837681bf0d1acf841771db42,1,Microsoft.NETCore.App.Runtime.win-arm64/10.0.12:runtimes/win-arm64/lib/net10.0/System.Security.Cryptography.Csp.dll,expression:MIT
EsilvaSoft.KapibaraStudio-0.11.0-win-arm64.zip,mcp/EsilvaSoft.KapibaraStudio.McpServer.exe,System.Security.Cryptography.Encoding.dll,15656,62863446ece74f10f6b75ceba9c1eb10db57e2e5b344285ed69deb0ea1c6b6e8,1,Microsoft.NETCore.App.Runtime.win-arm64/10.0.12:runtimes/win-arm64/lib/net10.0/System.Security.Cryptography.Encoding.dll,expression:MIT
EsilvaSoft.KapibaraStudio-0.11.0-win-arm64.zip,mcp/EsilvaSoft.KapibaraStudio.McpServer.exe,System.Security.Cryptography.OpenSsl.dll,15656,fc4aeb69204b854a0a71be7686bb6e42d048e427f389392a0a564cf1d034dafd,1,Microsoft.NETCore.App.Runtime.win-arm64/10.0.12:runtimes/win-arm64/lib/net10.0/System.Security.Cryptography.OpenSsl.dll,expression:MIT
EsilvaSoft.KapibaraStudio-0.11.0-win-arm64.zip,mcp/EsilvaSoft.KapibaraStudio.McpServer.exe,System.Security.Cryptography.Primitives.dll,15696,2cada98ca82ccbd53b55db1356734d5802e1e0e483c46f69cbeaaacd725033f3,1,Microsoft.NETCore.App.Runtime.win-arm64/10.0.12:runtimes/win-arm64/lib/net10.0/System.Security.Cryptography.Primitives.dll,expression:MIT
EsilvaSoft.KapibaraStudio-0.11.0-win-arm64.zip,mcp/EsilvaSoft.KapibaraStudio.McpServer.exe,System.Security.Cryptography.X509Certificates.dll,16680,b3e9ccc799f26d6d2226d9a2b52b78c6b4a7f551eaf3fda99017d104df02b4e3,1,Microsoft.NETCore.App.Runtime.win-arm64/10.0.12:runtimes/win-arm64/lib/net10.0/System.Security.Cryptography.X509Certificates.dll,expression:MIT
EsilvaSoft.KapibaraStudio-0.11.0-win-arm64.zip,mcp/EsilvaSoft.KapibaraStudio.McpServer.exe,System.Security.Cryptography.dll,2934608,efdc24ffb44be9e1025b4d84b376449eb8cc7373392f830c48c0ff430afb706c,1,Microsoft.NETCore.App.Runtime.win-arm64/10.0.12:runtimes/win-arm64/lib/net10.0/System.Security.Cryptography.dll,expression:MIT
EsilvaSoft.KapibaraStudio-0.11.0-win-arm64.zip,mcp/EsilvaSoft.KapibaraStudio.McpServer.exe,System.Security.Principal.Windows.dll,206632,b58f60738c3c5ccd56d364d8c9f258e358c039ebbbf522129d56d7837b67b4c4,1,Microsoft.NETCore.App.Runtime.win-arm64/10.0.12:runtimes/win-arm64/lib/net10.0/System.Security.Principal.Windows.dll,expression:MIT
EsilvaSoft.KapibaraStudio-0.11.0-win-arm64.zip,mcp/EsilvaSoft.KapibaraStudio.McpServer.exe,System.Security.Principal.dll,15184,a5bde69b42cc2acda88c500738f71f8beb7cdd3feece91aca6627bb0649c4a6e,1,Microsoft.NETCore.App.Runtime.win-arm64/10.0.12:runtimes/win-arm64/lib/net10.0/System.Security.Principal.dll,expression:MIT
EsilvaSoft.KapibaraStudio-0.11.0-win-arm64.zip,mcp/EsilvaSoft.KapibaraStudio.McpServer.exe,System.Security.SecureString.dll,15696,70999f8efb37b1fb754efbd60ddea4b6b90791146fe0cbb4ae1e3eef8e4b04ac,1,Microsoft.NETCore.App.Runtime.win-arm64/10.0.12:runtimes/win-arm64/lib/net10.0/System.Security.SecureString.dll,expression:MIT
EsilvaSoft.KapibaraStudio-0.11.0-win-arm64.zip,mcp/EsilvaSoft.KapibaraStudio.McpServer.exe,System.Security.dll,18216,0872f2c71e4e03e269c1e1e6d8d80199434c67e96d188c3e8d7cfee107d06115,1,Microsoft.NETCore.App.Runtime.win-arm64/10.0.12:runtimes/win-arm64/lib/net10.0/System.Security.dll,expression:MIT
EsilvaSoft.KapibaraStudio-0.11.0-win-arm64.zip,mcp/EsilvaSoft.KapibaraStudio.McpServer.exe,System.ServiceModel.Web.dll,16720,f38307b7cec43c03abbc6496d7c5731b416ab7712ecb02e14ebb5e1641472c15,1,Microsoft.NETCore.App.Runtime.win-arm64/10.0.12:runtimes/win-arm64/lib/net10.0/System.ServiceModel.Web.dll,expression:MIT
EsilvaSoft.KapibaraStudio-0.11.0-win-arm64.zip,mcp/EsilvaSoft.KapibaraStudio.McpServer.exe,System.ServiceProcess.dll,15656,f193b437b4cf9d82f5fcd4d584f87a6e3d5e6e5e7721c38fe751538413d1b5e6,1,Microsoft.NETCore.App.Runtime.win-arm64/10.0.12:runtimes/win-arm64/lib/net10.0/System.ServiceProcess.dll,expression:MIT
EsilvaSoft.KapibaraStudio-0.11.0-win-arm64.zip,mcp/EsilvaSoft.KapibaraStudio.McpServer.exe,System.Text.Encoding.CodePages.dll,882472,49124438a2f75734dc43ad9f11150bb338d0be2710843dc409a80f7e6662da96,1,Microsoft.NETCore.App.Runtime.win-arm64/10.0.12:runtimes/win-arm64/lib/net10.0/System.Text.Encoding.CodePages.dll,expression:MIT
EsilvaSoft.KapibaraStudio-0.11.0-win-arm64.zip,mcp/EsilvaSoft.KapibaraStudio.McpServer.exe,System.Text.Encoding.Extensions.dll,15696,49d29b9022171ba3534328f670c4fb3ef63b1839aeb5e8b2cc64c2ea9cea7cc0,1,Microsoft.NETCore.App.Runtime.win-arm64/10.0.12:runtimes/win-arm64/lib/net10.0/System.Text.Encoding.Extensions.dll,expression:MIT
EsilvaSoft.KapibaraStudio-0.11.0-win-arm64.zip,mcp/EsilvaSoft.KapibaraStudio.McpServer.exe,System.Text.Encoding.dll,15656,1ef3c791b279f36ab7b0c40e122d0b2e46db74dd2bf0645f1489adbe0af3c17d,1,Microsoft.NETCore.App.Runtime.win-arm64/10.0.12:runtimes/win-arm64/lib/net10.0/System.Text.Encoding.dll,expression:MIT
EsilvaSoft.KapibaraStudio-0.11.0-win-arm64.zip,mcp/EsilvaSoft.KapibaraStudio.McpServer.exe,System.Text.Encodings.Web.dll,132904,1ce432409a3f528983c398d57b5937b4cfb6380a1d4533baa717087f9d21c1f6,1,Microsoft.NETCore.App.Runtime.win-arm64/10.0.12:runtimes/win-arm64/lib/net10.0/System.Text.Encodings.Web.dll,expression:MIT
EsilvaSoft.KapibaraStudio-0.11.0-win-arm64.zip,mcp/EsilvaSoft.KapibaraStudio.McpServer.exe,System.Text.Json.dll,2111272,af97be625fc862317632afc6416b023f8a54d767925379fbf6a3bfa6e87c843c,1,Microsoft.NETCore.App.Runtime.win-arm64/10.0.12:runtimes/win-arm64/lib/net10.0/System.Text.Json.dll,expression:MIT
EsilvaSoft.KapibaraStudio-0.11.0-win-arm64.zip,mcp/EsilvaSoft.KapibaraStudio.McpServer.exe,System.Text.RegularExpressions.dll,1169192,f1627c320782f305156a4988021a006fc27cb200c35cc4b6b90dd0f36e0a4d8d,1,Microsoft.NETCore.App.Runtime.win-arm64/10.0.12:runtimes/win-arm64/lib/net10.0/System.Text.RegularExpressions.dll,expression:MIT
EsilvaSoft.KapibaraStudio-0.11.0-win-arm64.zip,mcp/EsilvaSoft.KapibaraStudio.McpServer.exe,System.Threading.AccessControl.dll,83752,c1b654f0217cf94615c71bca2fe2cff180c0b11b2983e798b7033ac50c506bab,1,Microsoft.NETCore.App.Runtime.win-arm64/10.0.12:runtimes/win-arm64/lib/net10.0/System.Threading.AccessControl.dll,expression:MIT
EsilvaSoft.KapibaraStudio-0.11.0-win-arm64.zip,mcp/EsilvaSoft.KapibaraStudio.McpServer.exe,System.Threading.Channels.dll,177960,1198c0cd962848d5296bf9534b4781601b2553922d0a6639aeeafd3029769ea4,1,Microsoft.NETCore.App.Runtime.win-arm64/10.0.12:runtimes/win-arm64/lib/net10.0/System.Threading.Channels.dll,expression:MIT
EsilvaSoft.KapibaraStudio-0.11.0-win-arm64.zip,mcp/EsilvaSoft.KapibaraStudio.McpServer.exe,System.Threading.Overlapped.dll,15696,1b0b5ca4a2d579ab1595a23c30ba9553ba74c333d7802120b1bc9b8473db8cfa,1,Microsoft.NETCore.App.Runtime.win-arm64/10.0.12:runtimes/win-arm64/lib/net10.0/System.Threading.Overlapped.dll,expression:MIT
EsilvaSoft.KapibaraStudio-0.11.0-win-arm64.zip,mcp/EsilvaSoft.KapibaraStudio.McpServer.exe,System.Threading.Tasks.Dataflow.dll,542504,0e0271992178dccb002c910649553bfc69e812cbe9e1cb4a373b1cb1aacb0e70,1,Microsoft.NETCore.App.Runtime.win-arm64/10.0.12:runtimes/win-arm64/lib/net10.0/System.Threading.Tasks.Dataflow.dll,expression:MIT
EsilvaSoft.KapibaraStudio-0.11.0-win-arm64.zip,mcp/EsilvaSoft.KapibaraStudio.McpServer.exe,System.Threading.Tasks.Extensions.dll,15656,295777c7c5a453aec7d394426491cd758194b06f8cc1032d7d04ffc506a03eb3,1,Microsoft.NETCore.App.Runtime.win-arm64/10.0.12:runtimes/win-arm64/lib/net10.0/System.Threading.Tasks.Extensions.dll,expression:MIT
EsilvaSoft.KapibaraStudio-0.11.0-win-arm64.zip,mcp/EsilvaSoft.KapibaraStudio.McpServer.exe,System.Threading.Tasks.Parallel.dll,145232,c0cd18d8ceaec58c069135ac2b43f96f1abc2120f56cd4f5a8cd51c1b6fc0313,1,Microsoft.NETCore.App.Runtime.win-arm64/10.0.12:runtimes/win-arm64/lib/net10.0/System.Threading.Tasks.Parallel.dll,expression:MIT
EsilvaSoft.KapibaraStudio-0.11.0-win-arm64.zip,mcp/EsilvaSoft.KapibaraStudio.McpServer.exe,System.Threading.Tasks.dll,16680,6f9a331bcfad3a77f5775f2989364d3000e9e6c4778519cc1db981e25fbe226a,1,Microsoft.NETCore.App.Runtime.win-arm64/10.0.12:runtimes/win-arm64/lib/net10.0/System.Threading.Tasks.dll,expression:MIT
EsilvaSoft.KapibaraStudio-0.11.0-win-arm64.zip,mcp/EsilvaSoft.KapibaraStudio.McpServer.exe,System.Threading.Thread.dll,15656,17bd4210193b3531f444e7c58d60285ab2d7a9367ae8d67ec90826d20b7a8b49,1,Microsoft.NETCore.App.Runtime.win-arm64/10.0.12:runtimes/win-arm64/lib/net10.0/System.Threading.Thread.dll,expression:MIT
EsilvaSoft.KapibaraStudio-0.11.0-win-arm64.zip,mcp/EsilvaSoft.KapibaraStudio.McpServer.exe,System.Threading.ThreadPool.dll,15656,34c78cf881fce966c35d3a1f3fa5d150f78c85c2682941b413c920abc366d1fd,1,Microsoft.NETCore.App.Runtime.win-arm64/10.0.12:runtimes/win-arm64/lib/net10.0/System.Threading.ThreadPool.dll,expression:MIT
EsilvaSoft.KapibaraStudio-0.11.0-win-arm64.zip,mcp/EsilvaSoft.KapibaraStudio.McpServer.exe,System.Threading.Timer.dll,15184,935cbb1a7c3e59b89463d536c2c080e3e8096450b84f471ceb4aaa96154b47b2,1,Microsoft.NETCore.App.Runtime.win-arm64/10.0.12:runtimes/win-arm64/lib/net10.0/System.Threading.Timer.dll,expression:MIT
EsilvaSoft.KapibaraStudio-0.11.0-win-arm64.zip,mcp/EsilvaSoft.KapibaraStudio.McpServer.exe,System.Threading.dll,87848,ed6d984669c46929a29d55a5ba0a3676e3f7da5c719fe8b0072c5e5fecbbe78c,1,Microsoft.NETCore.App.Runtime.win-arm64/10.0.12:runtimes/win-arm64/lib/net10.0/System.Threading.dll,expression:MIT
EsilvaSoft.KapibaraStudio-0.11.0-win-arm64.zip,mcp/EsilvaSoft.KapibaraStudio.McpServer.exe,System.Transactions.Local.dll,722768,3510b2cb35544b48678ee46f52f92f040ff9213ca7c91f2f295caccca8923ef0,1,Microsoft.NETCore.App.Runtime.win-arm64/10.0.12:runtimes/win-arm64/lib/net10.0/System.Transactions.Local.dll,expression:MIT
EsilvaSoft.KapibaraStudio-0.11.0-win-arm64.zip,mcp/EsilvaSoft.KapibaraStudio.McpServer.exe,System.Transactions.dll,16680,8e24254e381d82c6860e6eeb46ec3e5b299b8c59fc21ff99b1ceb3dd965f069e,1,Microsoft.NETCore.App.Runtime.win-arm64/10.0.12:runtimes/win-arm64/lib/net10.0/System.Transactions.dll,expression:MIT
EsilvaSoft.KapibaraStudio-0.11.0-win-arm64.zip,mcp/EsilvaSoft.KapibaraStudio.McpServer.exe,System.ValueTuple.dll,15656,136f4a10b4bf33d5e0cd43155f9d22c834c7853a06cd65649ee2dfb0ac2765ae,1,Microsoft.NETCore.App.Runtime.win-arm64/10.0.12:runtimes/win-arm64/lib/net10.0/System.ValueTuple.dll,expression:MIT
EsilvaSoft.KapibaraStudio-0.11.0-win-arm64.zip,mcp/EsilvaSoft.KapibaraStudio.McpServer.exe,System.Web.HttpUtility.dll,67408,6b68bfc9d37392dc93815ba7090f89621cc14d1e64eb8fc6811d225b683816ba,1,Microsoft.NETCore.App.Runtime.win-arm64/10.0.12:runtimes/win-arm64/lib/net10.0/System.Web.HttpUtility.dll,expression:MIT
EsilvaSoft.KapibaraStudio-0.11.0-win-arm64.zip,mcp/EsilvaSoft.KapibaraStudio.McpServer.exe,System.Web.dll,15184,31bd3e6d4cc01d95331c2bd61e3d58bd67c8f7b43bad192b79fb701f124c57e0,1,Microsoft.NETCore.App.Runtime.win-arm64/10.0.12:runtimes/win-arm64/lib/net10.0/System.Web.dll,expression:MIT
EsilvaSoft.KapibaraStudio-0.11.0-win-arm64.zip,mcp/EsilvaSoft.KapibaraStudio.McpServer.exe,System.Windows.dll,15656,c0badc56d424b8c116940e99ea9f79b2fb00bf0a76d52ffd1ab20095ffa35644,1,Microsoft.NETCore.App.Runtime.win-arm64/10.0.12:runtimes/win-arm64/lib/net10.0/System.Windows.dll,expression:MIT
EsilvaSoft.KapibaraStudio-0.11.0-win-arm64.zip,mcp/EsilvaSoft.KapibaraStudio.McpServer.exe,System.Xml.Linq.dll,15656,38bd139b1358224ae2db0658231e4999a88f1cec69970e7412826dfe27404605,1,Microsoft.NETCore.App.Runtime.win-arm64/10.0.12:runtimes/win-arm64/lib/net10.0/System.Xml.Linq.dll,expression:MIT
EsilvaSoft.KapibaraStudio-0.11.0-win-arm64.zip,mcp/EsilvaSoft.KapibaraStudio.McpServer.exe,System.Xml.ReaderWriter.dll,21840,dbd07ad3901c30510ac214ba9556c3974c50bd945235a309dfdf9f260607521e,1,Microsoft.NETCore.App.Runtime.win-arm64/10.0.12:runtimes/win-arm64/lib/net10.0/System.Xml.ReaderWriter.dll,expression:MIT
EsilvaSoft.KapibaraStudio-0.11.0-win-arm64.zip,mcp/EsilvaSoft.KapibaraStudio.McpServer.exe,System.Xml.Serialization.dll,16168,46e3512f146045767f8e6b62d864e7d3f9e3de9035e1dfc7f7b30bcb149167cc,1,Microsoft.NETCore.App.Runtime.win-arm64/10.0.12:runtimes/win-arm64/lib/net10.0/System.Xml.Serialization.dll,expression:MIT
EsilvaSoft.KapibaraStudio-0.11.0-win-arm64.zip,mcp/EsilvaSoft.KapibaraStudio.McpServer.exe,System.Xml.XDocument.dll,15656,44fa45121d2e9961a22ce9c12157bbe78227345f30fb3b7b2a4444c57328c052,1,Microsoft.NETCore.App.Runtime.win-arm64/10.0.12:runtimes/win-arm64/lib/net10.0/System.Xml.XDocument.dll,expression:MIT
EsilvaSoft.KapibaraStudio-0.11.0-win-arm64.zip,mcp/EsilvaSoft.KapibaraStudio.McpServer.exe,System.Xml.XPath.XDocument.dll,30504,cbb62a6c52498953a63dbe584e1ab54213c7b274cbf7dc16bcd0c549b2670671,1,Microsoft.NETCore.App.Runtime.win-arm64/10.0.12:runtimes/win-arm64/lib/net10.0/System.Xml.XPath.XDocument.dll,expression:MIT
EsilvaSoft.KapibaraStudio-0.11.0-win-arm64.zip,mcp/EsilvaSoft.KapibaraStudio.McpServer.exe,System.Xml.XPath.dll,15656,ba92e04ec160e519afcf69066034f68caee85a81216a9e989100c4b245c6c227,1,Microsoft.NETCore.App.Runtime.win-arm64/10.0.12:runtimes/win-arm64/lib/net10.0/System.Xml.XPath.dll,expression:MIT
EsilvaSoft.KapibaraStudio-0.11.0-win-arm64.zip,mcp/EsilvaSoft.KapibaraStudio.McpServer.exe,System.Xml.XmlDocument.dll,15696,7c3abbe0154b1849b0f4c2eff3072d8754eb3303965cbe2dfd71d6b2d524eb03,1,Microsoft.NETCore.App.Runtime.win-arm64/10.0.12:runtimes/win-arm64/lib/net10.0/System.Xml.XmlDocument.dll,expression:MIT
EsilvaSoft.KapibaraStudio-0.11.0-win-arm64.zip,mcp/EsilvaSoft.KapibaraStudio.McpServer.exe,System.Xml.XmlSerializer.dll,17704,bfd78df6817355eac024a24e6939fb886884656d60f100905cf2b589735d5da5,1,Microsoft.NETCore.App.Runtime.win-arm64/10.0.12:runtimes/win-arm64/lib/net10.0/System.Xml.XmlSerializer.dll,expression:MIT
EsilvaSoft.KapibaraStudio-0.11.0-win-arm64.zip,mcp/EsilvaSoft.KapibaraStudio.McpServer.exe,System.Xml.dll,23376,feb1bbca8e9698795b2ac152ec5166933ad2d91b04762bc730afc953a054f571,1,Microsoft.NETCore.App.Runtime.win-arm64/10.0.12:runtimes/win-arm64/lib/net10.0/System.Xml.dll,expression:MIT
EsilvaSoft.KapibaraStudio-0.11.0-win-arm64.zip,mcp/EsilvaSoft.KapibaraStudio.McpServer.exe,System.dll,50472,1c0620d5b2d46de23dc8a3c70a728547402351cbc570d4f5e1cdd186cfdf8f64,1,Microsoft.NETCore.App.Runtime.win-arm64/10.0.12:runtimes/win-arm64/lib/net10.0/System.dll,expression:MIT
EsilvaSoft.KapibaraStudio-0.11.0-win-arm64.zip,mcp/EsilvaSoft.KapibaraStudio.McpServer.exe,WindowsBase.dll,16168,611c605257246c96be529253119bd11884a6835962d5c49cf5443f22d22149d5,1,Microsoft.NETCore.App.Runtime.win-arm64/10.0.12:runtimes/win-arm64/lib/net10.0/WindowsBase.dll,expression:MIT
EsilvaSoft.KapibaraStudio-0.11.0-win-arm64.zip,mcp/EsilvaSoft.KapibaraStudio.McpServer.exe,mscorlib.dll,59728,876dad2421c99704036b8c1efb5ae6a08336183444d9f1672b935bed913e05d0,1,Microsoft.NETCore.App.Runtime.win-arm64/10.0.12:runtimes/win-arm64/lib/net10.0/mscorlib.dll,expression:MIT
EsilvaSoft.KapibaraStudio-0.11.0-win-arm64.zip,mcp/EsilvaSoft.KapibaraStudio.McpServer.exe,netstandard.dll,100648,613627679de841e35df06cfa642b494bdcaeabcb12111917d64588bbcc46b346,1,Microsoft.NETCore.App.Runtime.win-arm64/10.0.12:runtimes/win-arm64/lib/net10.0/netstandard.dll,expression:MIT
EsilvaSoft.KapibaraStudio-0.11.0-win-arm64.zip,mcp/EsilvaSoft.KapibaraStudio.McpServer.exe,Microsoft.Extensions.AI.Abstractions.dll,672056,bcc8f693103eb00505179f154b1b3a996b85d067e112facd724fd9d695f17a5e,1,Microsoft.Extensions.AI.Abstractions/10.8.3:lib/net10.0/Microsoft.Extensions.AI.Abstractions.dll,expression:MIT
EsilvaSoft.KapibaraStudio-0.11.0-win-arm64.zip,mcp/EsilvaSoft.KapibaraStudio.McpServer.exe,Microsoft.Extensions.DependencyInjection.Abstractions.dll,65832,592c33e4bc20e041d6125b79a4311293540f30332495429241c3d7c7286c8e16,1,Microsoft.Extensions.DependencyInjection.Abstractions/10.0.10:lib/net10.0/Microsoft.Extensions.DependencyInjection.Abstractions.dll,expression:MIT
EsilvaSoft.KapibaraStudio-0.11.0-win-arm64.zip,mcp/EsilvaSoft.KapibaraStudio.McpServer.exe,Microsoft.Extensions.Logging.Abstractions.dll,66896,46826fd3b68bd23028b274ff73ecc161088b53e41b4a7436e759de4d78143a43,1,Microsoft.Extensions.Logging.Abstractions/10.0.10:lib/net10.0/Microsoft.Extensions.Logging.Abstractions.dll,expression:MIT
EsilvaSoft.KapibaraStudio-0.11.0-win-arm64.zip,mcp/EsilvaSoft.KapibaraStudio.McpServer.exe,ModelContextProtocol.Core.dll,1296896,b1752096ea9d2f38ba88e467f04aea43fb300d9a54d881c165f62b69028ee3ab,1,ModelContextProtocol.Core/2.2.0:lib/net10.0/ModelContextProtocol.Core.dll,expression:Apache-2.0
EsilvaSoft.KapibaraStudio-0.11.0-win-arm64.zip,mcp/EsilvaSoft.KapibaraStudio.McpServer.exe,EsilvaSoft.KapibaraStudio.Application.dll,1057280,878a5e2ade4960c29c37ed41be6048511c056d1a404de8dc139376ceebbcf6a8,1,project:EsilvaSoft.KapibaraStudio (MIT),MIT (projeto)
EsilvaSoft.KapibaraStudio-0.11.0-win-arm64.zip,mcp/EsilvaSoft.KapibaraStudio.McpServer.exe,EsilvaSoft.KapibaraStudio.Autocomplete.Core.dll,397312,781ab6036b4a38647b9e9dc8823b4a12268643fe62295a4d104e8a274f5db169,1,project:EsilvaSoft.KapibaraStudio (MIT),MIT (projeto)
EsilvaSoft.KapibaraStudio-0.11.0-win-arm64.zip,mcp/EsilvaSoft.KapibaraStudio.McpServer.exe,EsilvaSoft.KapibaraStudio.Core.dll,439296,7e39add342fd66a5e20011a0a2b4f716cb4e6f2fcfe87253f3e709e17366c677,1,project:EsilvaSoft.KapibaraStudio (MIT),MIT (projeto)
EsilvaSoft.KapibaraStudio-0.11.0-win-arm64.zip,mcp/EsilvaSoft.KapibaraStudio.McpServer.exe,EsilvaSoft.KapibaraStudio.LocalAi.Core.dll,80896,8f0464cd5f575aa032eb25f782eafdb4a868691344acb9de663fe1b9ef0f6eab,1,project:EsilvaSoft.KapibaraStudio (MIT),MIT (projeto)
EsilvaSoft.KapibaraStudio-0.11.0-win-arm64.zip,mcp/EsilvaSoft.KapibaraStudio.McpServer.exe,EsilvaSoft.KapibaraStudio.McpServer.deps.json,31856,cdc521e814615d5ec120b5a54ba5d7d004f1eefe12a2d7868347553cde5be1a9,3,project:EsilvaSoft.KapibaraStudio (MIT),MIT (projeto)
EsilvaSoft.KapibaraStudio-0.11.0-win-arm64.zip,ZIP,runtimes/win-arm64/native/OneAuthInterop.dll.stamp.json,117,d2dc20b23eeb3e48d73bd2ac7a7dc1ff0ea7e3fa05c04342634650e4d180c111,external,cache:win32-arm64:prebuilds/win32-arm64/OneAuthInterop.dll.stamp.json,GitHub Copilot CLI License 1.0.85; avisos de componentes adicionais; Microsoft Software License Terms (OneAuthInterop)
EsilvaSoft.KapibaraStudio-0.11.0-win-arm64.zip,ZIP,runtimes/win-arm64/native/OneAuthInterop.LICENSE.txt,13142,0fe665c2ada5962fd01190ab5b2947b9a9d2c625a9f8225577441eb3256e14e3,external,cache:win32-x64:prebuilds/win32-x64/OneAuthInterop.LICENSE.txt; cache:win32-arm64:prebuilds/win32-arm64/OneAuthInterop.LICENSE.txt,GitHub Copilot CLI License 1.0.85; avisos de componentes adicionais; Microsoft Software License Terms (OneAuthInterop)
EsilvaSoft.KapibaraStudio-0.11.0-win-arm64.zip,ZIP,runtimes/win-arm64/native/animations/app-install-nudge.json.gz,9900,8a4165e6e95f127fe3123e647580c31def2d52b7824f2c4e48b505339132543e,external,cache:win32-x64:animations/app-install-nudge.json.gz; cache:win32-arm64:animations/app-install-nudge.json.gz,GitHub Copilot CLI License 1.0.85; avisos de componentes adicionais
EsilvaSoft.KapibaraStudio-0.11.0-win-arm64.zip,ZIP,runtimes/win-arm64/native/animations/banner.json.gz,4887,cc6dcef840f5f63c9683e84bd55478e6fd2a22130bf1be6f53dece870e996446,external,cache:win32-x64:animations/banner.json.gz; cache:win32-arm64:animations/banner.json.gz,GitHub Copilot CLI License 1.0.85; avisos de componentes adicionais
EsilvaSoft.KapibaraStudio-0.11.0-win-arm64.zip,ZIP,runtimes/win-arm64/native/builtin/customize-cloud-agent/SKILL.md,18679,6acee791cd48a31eb881431c0f1394d3c79d33d62f0d58b2d9b699e4a275ea93,external,cache:win32-x64:builtin/customize-cloud-agent/SKILL.md; cache:win32-x64:builtin-skills/customize-cloud-agent/SKILL.md; cache:win32-arm64:builtin/customize-cloud-agent/SKILL.md; cache:win32-arm64:builtin-skills/customize-cloud-agent/SKILL.md,GitHub Copilot CLI License 1.0.85; avisos de componentes adicionais
EsilvaSoft.KapibaraStudio-0.11.0-win-arm64.zip,ZIP,runtimes/win-arm64/native/builtin/discover-resources/SKILL.md,3199,cb46b4ff8a6e2774fdccc5d78477e92a2096c367ed7e71f81f385d9eec174d2b,external,cache:win32-x64:builtin/discover-resources/SKILL.md; cache:win32-x64:builtin-skills/discover-resources/SKILL.md; cache:win32-arm64:builtin/discover-resources/SKILL.md; cache:win32-arm64:builtin-skills/discover-resources/SKILL.md,GitHub Copilot CLI License 1.0.85; avisos de componentes adicionais
EsilvaSoft.KapibaraStudio-0.11.0-win-arm64.zip,ZIP,runtimes/win-arm64/native/builtin/github-pr-media/SKILL.md,4938,eba36e66d053b3db19e8f51cfb7d28186ef2baf90159f51bf2333747b150070b,external,cache:win32-x64:builtin/github-pr-media/SKILL.md; cache:win32-x64:builtin-skills/github-pr-media/SKILL.md; cache:win32-arm64:builtin/github-pr-media/SKILL.md; cache:win32-arm64:builtin-skills/github-pr-media/SKILL.md,GitHub Copilot CLI License 1.0.85; avisos de componentes adicionais
EsilvaSoft.KapibaraStudio-0.11.0-win-arm64.zip,ZIP,runtimes/win-arm64/native/builtin-skills/customize-cloud-agent/SKILL.md,18679,6acee791cd48a31eb881431c0f1394d3c79d33d62f0d58b2d9b699e4a275ea93,external,cache:win32-x64:builtin/customize-cloud-agent/SKILL.md; cache:win32-x64:builtin-skills/customize-cloud-agent/SKILL.md; cache:win32-arm64:builtin/customize-cloud-agent/SKILL.md; cache:win32-arm64:builtin-skills/customize-cloud-agent/SKILL.md,GitHub Copilot CLI License 1.0.85; avisos de componentes adicionais
EsilvaSoft.KapibaraStudio-0.11.0-win-arm64.zip,ZIP,runtimes/win-arm64/native/builtin-skills/discover-resources/SKILL.md,3199,cb46b4ff8a6e2774fdccc5d78477e92a2096c367ed7e71f81f385d9eec174d2b,external,cache:win32-x64:builtin/discover-resources/SKILL.md; cache:win32-x64:builtin-skills/discover-resources/SKILL.md; cache:win32-arm64:builtin/discover-resources/SKILL.md; cache:win32-arm64:builtin-skills/discover-resources/SKILL.md,GitHub Copilot CLI License 1.0.85; avisos de componentes adicionais
EsilvaSoft.KapibaraStudio-0.11.0-win-arm64.zip,ZIP,runtimes/win-arm64/native/builtin-skills/github-pr-media/SKILL.md,4938,eba36e66d053b3db19e8f51cfb7d28186ef2baf90159f51bf2333747b150070b,external,cache:win32-x64:builtin/github-pr-media/SKILL.md; cache:win32-x64:builtin-skills/github-pr-media/SKILL.md; cache:win32-arm64:builtin/github-pr-media/SKILL.md; cache:win32-arm64:builtin-skills/github-pr-media/SKILL.md,GitHub Copilot CLI License 1.0.85; avisos de componentes adicionais
EsilvaSoft.KapibaraStudio-0.11.0-win-arm64.zip,ZIP,runtimes/win-arm64/native/copilot-sdk/canvas.d.ts,5858,2f5c82d47a8a1abd27466f9dc093106a59d83f685d4f6c29367e2ce25f44b700,external,cache:win32-x64:copilot-sdk/canvas.d.ts; cache:win32-arm64:copilot-sdk/canvas.d.ts,GitHub Copilot CLI License 1.0.85; avisos de componentes adicionais
EsilvaSoft.KapibaraStudio-0.11.0-win-arm64.zip,ZIP,runtimes/win-arm64/native/copilot-sdk/client.d.ts,18301,734625086b3ef39b53c494c922b069a84eca64b7181509b42a7762cac35f9d68,external,cache:win32-x64:copilot-sdk/client.d.ts; cache:win32-arm64:copilot-sdk/client.d.ts,GitHub Copilot CLI License 1.0.85; avisos de componentes adicionais
EsilvaSoft.KapibaraStudio-0.11.0-win-arm64.zip,ZIP,runtimes/win-arm64/native/copilot-sdk/cliVersion.d.ts,113,560db20a242a671969bc05d32121b5c5bb3b0d88b0ba6384f6222d9bbb91fd7f,external,cache:win32-x64:copilot-sdk/cliVersion.d.ts; cache:win32-arm64:copilot-sdk/cliVersion.d.ts,GitHub Copilot CLI License 1.0.85; avisos de componentes adicionais
EsilvaSoft.KapibaraStudio-0.11.0-win-arm64.zip,ZIP,runtimes/win-arm64/native/copilot-sdk/copilotRequestHandler.d.ts,3443,730762ae75ad87be8cbef0080a2f5150919f0a9c53e52b6aaaa3f366f2c17d79,external,cache:win32-x64:copilot-sdk/copilotRequestHandler.d.ts; cache:win32-arm64:copilot-sdk/copilotRequestHandler.d.ts,GitHub Copilot CLI License 1.0.85; avisos de componentes adicionais
EsilvaSoft.KapibaraStudio-0.11.0-win-arm64.zip,ZIP,runtimes/win-arm64/native/copilot-sdk/extension.d.ts,3303,a83bc2d74059e6d56331671a33e0d0b6fc12563384e0dd6d279a6ebe45582384,external,cache:win32-x64:copilot-sdk/extension.d.ts; cache:win32-arm64:copilot-sdk/extension.d.ts,GitHub Copilot CLI License 1.0.85; avisos de componentes adicionais
EsilvaSoft.KapibaraStudio-0.11.0-win-arm64.zip,ZIP,runtimes/win-arm64/native/copilot-sdk/extension.js,494981,cfb092cd6a7686833d02b832bdb47b13b8e325bfa864acb9ca692eb6d3443032,external,cache:win32-x64:copilot-sdk/extension.js; cache:win32-arm64:copilot-sdk/extension.js,GitHub Copilot CLI License 1.0.85; avisos de componentes adicionais
EsilvaSoft.KapibaraStudio-0.11.0-win-arm64.zip,ZIP,runtimes/win-arm64/native/copilot-sdk/factory.d.ts,15089,1d23bbb4ebc8c1307182bd41b7f41f77ae83056cbf1579c072b976935c2afdf8,external,cache:win32-x64:copilot-sdk/factory.d.ts; cache:win32-arm64:copilot-sdk/factory.d.ts,GitHub Copilot CLI License 1.0.85; avisos de componentes adicionais
EsilvaSoft.KapibaraStudio-0.11.0-win-arm64.zip,ZIP,runtimes/win-arm64/native/copilot-sdk/ffiRuntimeHost.d.ts,1720,519ac132a1d43f7f661d30cd1c3896d367a22639cbef526dfabe62f773bd4df7,external,cache:win32-x64:copilot-sdk/ffiRuntimeHost.d.ts; cache:win32-arm64:copilot-sdk/ffiRuntimeHost.d.ts,GitHub Copilot CLI License 1.0.85; avisos de componentes adicionais
EsilvaSoft.KapibaraStudio-0.11.0-win-arm64.zip,ZIP,runtimes/win-arm64/native/copilot-sdk/index.d.ts,4685,a0c0eb9395e0abfba8b49ce5304cd44a7960586f7cb2529676392feab877f26c,external,cache:win32-x64:copilot-sdk/index.d.ts; cache:win32-arm64:copilot-sdk/index.d.ts,GitHub Copilot CLI License 1.0.85; avisos de componentes adicionais
EsilvaSoft.KapibaraStudio-0.11.0-win-arm64.zip,ZIP,runtimes/win-arm64/native/copilot-sdk/index.js,500179,f8594ddbd0ad841395bd1fb0f02195094708aaef77bdaf767ddb617e19470571,external,cache:win32-x64:copilot-sdk/index.js; cache:win32-arm64:copilot-sdk/index.js,GitHub Copilot CLI License 1.0.85; avisos de componentes adicionais
EsilvaSoft.KapibaraStudio-0.11.0-win-arm64.zip,ZIP,runtimes/win-arm64/native/copilot-sdk/runtimeArtifacts.d.ts,1248,1d78a2fd37b65e793e553db9a8323a6727b77e7ffbd6b61c462e778794dd76e2,external,cache:win32-x64:copilot-sdk/runtimeArtifacts.d.ts; cache:win32-arm64:copilot-sdk/runtimeArtifacts.d.ts,GitHub Copilot CLI License 1.0.85; avisos de componentes adicionais
EsilvaSoft.KapibaraStudio-0.11.0-win-arm64.zip,ZIP,runtimes/win-arm64/native/copilot-sdk/sdkProtocolVersion.d.ts,300,344a1c9669d1617346e2bb71d24081797b69b6cfd37c17b04b2aebf8e7a87260,external,cache:win32-x64:copilot-sdk/sdkProtocolVersion.d.ts; cache:win32-arm64:copilot-sdk/sdkProtocolVersion.d.ts,GitHub Copilot CLI License 1.0.85; avisos de componentes adicionais
EsilvaSoft.KapibaraStudio-0.11.0-win-arm64.zip,ZIP,runtimes/win-arm64/native/copilot-sdk/session.d.ts,15291,12ff3bcce06347e7d8810fa05a6b056c728281173723def01805a498c691fcf4,external,cache:win32-x64:copilot-sdk/session.d.ts; cache:win32-arm64:copilot-sdk/session.d.ts,GitHub Copilot CLI License 1.0.85; avisos de componentes adicionais
EsilvaSoft.KapibaraStudio-0.11.0-win-arm64.zip,ZIP,runtimes/win-arm64/native/copilot-sdk/sessionFsProvider.d.ts,5545,6aa732885a832f7117a5d85853eb05b26052bc446a278c17b9463b7bdb06094d,external,cache:win32-x64:copilot-sdk/sessionFsProvider.d.ts; cache:win32-arm64:copilot-sdk/sessionFsProvider.d.ts,GitHub Copilot CLI License 1.0.85; avisos de componentes adicionais
EsilvaSoft.KapibaraStudio-0.11.0-win-arm64.zip,ZIP,runtimes/win-arm64/native/copilot-sdk/telemetry.d.ts,528,0721ce90ecd3a15eeb86d7787ca62236b1b545b0e93139ed5ef4419b16544722,external,cache:win32-x64:copilot-sdk/telemetry.d.ts; cache:win32-arm64:copilot-sdk/telemetry.d.ts,GitHub Copilot CLI License 1.0.85; avisos de componentes adicionais
EsilvaSoft.KapibaraStudio-0.11.0-win-arm64.zip,ZIP,runtimes/win-arm64/native/copilot-sdk/toolSet.d.ts,2725,41e53ae25809c90fd1a78f493cb912c6a9194c6e0a02e3e32545971c41a1cb56,external,cache:win32-x64:copilot-sdk/toolSet.d.ts; cache:win32-arm64:copilot-sdk/toolSet.d.ts,GitHub Copilot CLI License 1.0.85; avisos de componentes adicionais
EsilvaSoft.KapibaraStudio-0.11.0-win-arm64.zip,ZIP,runtimes/win-arm64/native/copilot-sdk/types.d.ts,118473,2911ecb4aac830b7c129f2accf01086ae47a5250700dc050e95dfa33def862c4,external,cache:win32-x64:copilot-sdk/types.d.ts; cache:win32-arm64:copilot-sdk/types.d.ts,GitHub Copilot CLI License 1.0.85; avisos de componentes adicionais
EsilvaSoft.KapibaraStudio-0.11.0-win-arm64.zip,ZIP,runtimes/win-arm64/native/copilot-sdk/docs/agent-author.md,10352,6280a2b6684a83ca7d17871be6666f5d979f5d3076ddbb9680edc83394abb810,external,cache:win32-x64:copilot-sdk/docs/agent-author.md; cache:win32-arm64:copilot-sdk/docs/agent-author.md,GitHub Copilot CLI License 1.0.85; avisos de componentes adicionais
EsilvaSoft.KapibaraStudio-0.11.0-win-arm64.zip,ZIP,runtimes/win-arm64/native/copilot-sdk/docs/examples.md,21076,7bc5fea049219a6d2ddd444dfcfee9b629ca99b22f4bad916086f6e7180ac3df,external,cache:win32-x64:copilot-sdk/docs/examples.md; cache:win32-arm64:copilot-sdk/docs/examples.md,GitHub Copilot CLI License 1.0.85; avisos de componentes adicionais
EsilvaSoft.KapibaraStudio-0.11.0-win-arm64.zip,ZIP,runtimes/win-arm64/native/copilot-sdk/docs/extensions.md,4406,c6b21c9e7f551fcd2cc3a541627a031fd073abc68c3450855687c871b97f9898,external,cache:win32-x64:copilot-sdk/docs/extensions.md; cache:win32-arm64:copilot-sdk/docs/extensions.md,GitHub Copilot CLI License 1.0.85; avisos de componentes adicionais
EsilvaSoft.KapibaraStudio-0.11.0-win-arm64.zip,ZIP,runtimes/win-arm64/native/copilot-sdk/docs/factories.md,21443,360834bd122edc4e2c9764d2db4d18712dbe1d5be3cccc39680eead3c0c8bd11,external,cache:win32-x64:copilot-sdk/docs/factories.md; cache:win32-arm64:copilot-sdk/docs/factories.md,GitHub Copilot CLI License 1.0.85; avisos de componentes adicionais
EsilvaSoft.KapibaraStudio-0.11.0-win-arm64.zip,ZIP,runtimes/win-arm64/native/copilot-sdk/docs/factory-patterns.md,8201,c37bae44a6cbabc4b70a5d0ccde3e04eb15a4c1111b2ed1a053efb1bbd254c33,external,cache:win32-x64:copilot-sdk/docs/factory-patterns.md; cache:win32-arm64:copilot-sdk/docs/factory-patterns.md,GitHub Copilot CLI License 1.0.85; avisos de componentes adicionais
EsilvaSoft.KapibaraStudio-0.11.0-win-arm64.zip,ZIP,runtimes/win-arm64/native/copilot-sdk/generated/rpc.d.ts,915008,3b0d0ce9b73f657a453c64e94288d63b5f606f13dc599f0095e43213bcbf4e5a,external,cache:win32-x64:copilot-sdk/generated/rpc.d.ts; cache:win32-arm64:copilot-sdk/generated/rpc.d.ts,GitHub Copilot CLI License 1.0.85; avisos de componentes adicionais
EsilvaSoft.KapibaraStudio-0.11.0-win-arm64.zip,ZIP,runtimes/win-arm64/native/copilot-sdk/generated/session-events.d.ts,382125,bba0f7bd4d34e586011f5e52945514902ccaf951553283fd8b0770eb37155717,external,cache:win32-x64:copilot-sdk/generated/session-events.d.ts; cache:win32-arm64:copilot-sdk/generated/session-events.d.ts,GitHub Copilot CLI License 1.0.85; avisos de componentes adicionais
EsilvaSoft.KapibaraStudio-0.11.0-win-arm64.zip,ZIP,runtimes/win-arm64/native/definitions/code-review.agent.yaml,4604,1290258ee70b44faca1f0c74be26254f13e8401e825713ff3f5523b848b361f9,external,cache:win32-x64:definitions/code-review.agent.yaml; cache:win32-arm64:definitions/code-review.agent.yaml,GitHub Copilot CLI License 1.0.85; avisos de componentes adicionais
EsilvaSoft.KapibaraStudio-0.11.0-win-arm64.zip,ZIP,runtimes/win-arm64/native/definitions/explore.agent.yaml,2687,35e599117cd266cad7fb716741bf8b0c8dcc667b7b225caef305b841198757b3,external,cache:win32-x64:definitions/explore.agent.yaml; cache:win32-arm64:definitions/explore.agent.yaml,GitHub Copilot CLI License 1.0.85; avisos de componentes adicionais
EsilvaSoft.KapibaraStudio-0.11.0-win-arm64.zip,ZIP,runtimes/win-arm64/native/definitions/rem-agent.agent.yaml,968,895ac0f7d0ce5cd006501eed7f1abfd38405ba93c30d16be9c7205bed6f335bf,external,cache:win32-x64:definitions/rem-agent.agent.yaml; cache:win32-arm64:definitions/rem-agent.agent.yaml,GitHub Copilot CLI License 1.0.85; avisos de componentes adicionais
EsilvaSoft.KapibaraStudio-0.11.0-win-arm64.zip,ZIP,runtimes/win-arm64/native/definitions/research.agent.yaml,5596,82726101e23ed841a200f301546a6ae9f19739ca106686f2ca2c73a1afcffecc,external,cache:win32-x64:definitions/research.agent.yaml; cache:win32-arm64:definitions/research.agent.yaml,GitHub Copilot CLI License 1.0.85; avisos de componentes adicionais
EsilvaSoft.KapibaraStudio-0.11.0-win-arm64.zip,ZIP,runtimes/win-arm64/native/definitions/rubber-duck.agent.yaml,4820,eb624f30ef69f8cfd18e7f3f14bcca63e13d1a0d3e05af006372b8d537bbd15d,external,cache:win32-x64:definitions/rubber-duck.agent.yaml; cache:win32-arm64:definitions/rubber-duck.agent.yaml,GitHub Copilot CLI License 1.0.85; avisos de componentes adicionais
EsilvaSoft.KapibaraStudio-0.11.0-win-arm64.zip,ZIP,runtimes/win-arm64/native/definitions/security-review.agent.yaml,14222,7b6769eb585913a0ad59dadb3bf2e42cd9cfadb1540b341f23a28e5728be2d53,external,cache:win32-x64:definitions/security-review.agent.yaml; cache:win32-arm64:definitions/security-review.agent.yaml,GitHub Copilot CLI License 1.0.85; avisos de componentes adicionais
EsilvaSoft.KapibaraStudio-0.11.0-win-arm64.zip,ZIP,runtimes/win-arm64/native/definitions/task.agent.yaml,2074,6625b8a1be22ce2fd7566fce684dd07aca4aed8ceb4fa76b350ff62dcb9093e1,external,cache:win32-x64:definitions/task.agent.yaml; cache:win32-arm64:definitions/task.agent.yaml,GitHub Copilot CLI License 1.0.85; avisos de componentes adicionais
EsilvaSoft.KapibaraStudio-0.11.0-win-arm64.zip,ZIP,runtimes/win-arm64/native/definitions/sidekick/cloud-session-search.yaml,1809,0eaa7fe8f8cecb923c87c9598e22c4e338bfdc069cc9c78325eb6b589fa94bcd,external,cache:win32-x64:definitions/sidekick/cloud-session-search.yaml; cache:win32-arm64:definitions/sidekick/cloud-session-search.yaml,GitHub Copilot CLI License 1.0.85; avisos de componentes adicionais
EsilvaSoft.KapibaraStudio-0.11.0-win-arm64.zip,ZIP,runtimes/win-arm64/native/definitions/sidekick/github-context-memory.yaml,4114,22b699a6dd5b2d7964f8b2a913618ae478cf6910df2fc3ba336cf38b1be3b2ef,external,cache:win32-x64:definitions/sidekick/github-context-memory.yaml; cache:win32-arm64:definitions/sidekick/github-context-memory.yaml,GitHub Copilot CLI License 1.0.85; avisos de componentes adicionais
EsilvaSoft.KapibaraStudio-0.11.0-win-arm64.zip,ZIP,runtimes/win-arm64/native/definitions/sidekick/github-context.yaml,2200,9b7692e969e9ab36d7053fb2ef99ba9dd2ae78f6df75e645f54eb3cdb3fc6252,external,cache:win32-x64:definitions/sidekick/github-context.yaml; cache:win32-arm64:definitions/sidekick/github-context.yaml,GitHub Copilot CLI License 1.0.85; avisos de componentes adicionais
EsilvaSoft.KapibaraStudio-0.11.0-win-arm64.zip,ZIP,runtimes/win-arm64/native/definitions/sidekick/session-search.yaml,1889,8b6f48742fe847002e5ba6e00b05abc5339a5891387cd306790eb3b8c7dd8c11,external,cache:win32-x64:definitions/sidekick/session-search.yaml; cache:win32-arm64:definitions/sidekick/session-search.yaml,GitHub Copilot CLI License 1.0.85; avisos de componentes adicionais
EsilvaSoft.KapibaraStudio-0.11.0-win-arm64.zip,ZIP,runtimes/win-arm64/native/definitions/sidekick/subconscious-agent.yaml,2616,9fb4cb881677adc08c69818ecdde127276b1afe006817802c381a3ff5fb5887f,external,cache:win32-x64:definitions/sidekick/subconscious-agent.yaml; cache:win32-arm64:definitions/sidekick/subconscious-agent.yaml,GitHub Copilot CLI License 1.0.85; avisos de componentes adicionais
EsilvaSoft.KapibaraStudio-0.11.0-win-arm64.zip,ZIP,runtimes/win-arm64/native/definitions/sidekick/test-sidekick-context-changed.yaml,1029,117edd3750a403c6cabf7964f217ae8129b16f9d0a6d2503e09ebe79d64f9d50,external,cache:win32-x64:definitions/sidekick/test-sidekick-context-changed.yaml; cache:win32-arm64:definitions/sidekick/test-sidekick-context-changed.yaml,GitHub Copilot CLI License 1.0.85; avisos de componentes adicionais
EsilvaSoft.KapibaraStudio-0.11.0-win-arm64.zip,ZIP,runtimes/win-arm64/native/definitions/sidekick/test-sidekick-persistent.yaml,861,a5ab1c16dd5f9a030010a375f7f26bca56aa196b212ea52ac2c5736cd80f3989,external,cache:win32-x64:definitions/sidekick/test-sidekick-persistent.yaml; cache:win32-arm64:definitions/sidekick/test-sidekick-persistent.yaml,GitHub Copilot CLI License 1.0.85; avisos de componentes adicionais
EsilvaSoft.KapibaraStudio-0.11.0-win-arm64.zip,ZIP,runtimes/win-arm64/native/definitions/sidekick/test-sidekick-restart.yaml,831,21e44442b8380a758793d637a60fe94c226a6547d23c5bea3a14546f7f3e60ec,external,cache:win32-x64:definitions/sidekick/test-sidekick-restart.yaml; cache:win32-arm64:definitions/sidekick/test-sidekick-restart.yaml,GitHub Copilot CLI License 1.0.85; avisos de componentes adicionais
EsilvaSoft.KapibaraStudio-0.11.0-win-arm64.zip,ZIP,runtimes/win-arm64/native/definitions/sidekick/test-sidekick-trigger-once.yaml,828,14a7cedf6ead133828280744b293e90402a2d47568c98a67273c1d7c3acdd53e,external,cache:win32-x64:definitions/sidekick/test-sidekick-trigger-once.yaml; cache:win32-arm64:definitions/sidekick/test-sidekick-trigger-once.yaml,GitHub Copilot CLI License 1.0.85; avisos de componentes adicionais
EsilvaSoft.KapibaraStudio-0.11.0-win-arm64.zip,ZIP,runtimes/win-arm64/native/plugins/computer-use/.mcp.json,181,e3772f35132b502794c4d78080bccefddbbb078814d2335d901e6c62a4cf4ec9,external,cache:win32-x64:plugins/computer-use/.mcp.json; cache:win32-arm64:plugins/computer-use/.mcp.json,GitHub Copilot CLI License 1.0.85; avisos de componentes adicionais
EsilvaSoft.KapibaraStudio-0.11.0-win-arm64.zip,ZIP,runtimes/win-arm64/native/plugins/computer-use/.release-target,12,bfe7ef81988d092c602bf7ec846c92e9cc3efd47e836c63e5fc93b6b3cf3e8a9,external,cache:win32-arm64:plugins/computer-use/.release-target,GitHub Copilot CLI License 1.0.85; avisos de componentes adicionais
EsilvaSoft.KapibaraStudio-0.11.0-win-arm64.zip,ZIP,runtimes/win-arm64/native/plugins/computer-use/.plugin/plugin.json,124,4368163b1fa11f18e9b0f7c416a1f4cdb88a949709808085a6ab06ade682b17a,external,cache:win32-x64:plugins/computer-use/.plugin/plugin.json; cache:win32-arm64:plugins/computer-use/.plugin/plugin.json,GitHub Copilot CLI License 1.0.85; avisos de componentes adicionais
EsilvaSoft.KapibaraStudio-0.11.0-win-arm64.zip,ZIP,runtimes/win-arm64/native/preloads/extension_bootstrap.mjs,2824,2e24513650ff736eb9e052ef084cb920b5aed9553d875f747bb53d3c8dcdb286,external,cache:win32-x64:preloads/extension_bootstrap.mjs; cache:win32-arm64:preloads/extension_bootstrap.mjs,GitHub Copilot CLI License 1.0.85; avisos de componentes adicionais
EsilvaSoft.KapibaraStudio-0.11.0-win-arm64.zip,ZIP,runtimes/win-arm64/native/preloads/extension_sdk_resolver.mjs,1331,e57d71730c8f937315a72b66187c56cc4fa78ecbd13590795136996e2851bf19,external,cache:win32-x64:preloads/extension_sdk_resolver.mjs; cache:win32-arm64:preloads/extension_sdk_resolver.mjs,GitHub Copilot CLI License 1.0.85; avisos de componentes adicionais
EsilvaSoft.KapibaraStudio-0.11.0-win-arm64.zip,ZIP,runtimes/win-arm64/native/schemas/api.schema.json,1718855,c8e04f9ad4ebed1e568c95243fce6f11ba7e5e92b934184632ded13ece4787f8,external,cache:win32-x64:schemas/api.schema.json; cache:win32-arm64:schemas/api.schema.json,GitHub Copilot CLI License 1.0.85; avisos de componentes adicionais
EsilvaSoft.KapibaraStudio-0.11.0-win-arm64.zip,ZIP,runtimes/win-arm64/native/schemas/session-events.schema.json,856020,20e13b3f689f554814142d3467fa1dd68469ddf16533954bd29ff89cbd8e805d,external,cache:win32-x64:schemas/session-events.schema.json; cache:win32-arm64:schemas/session-events.schema.json,GitHub Copilot CLI License 1.0.85; avisos de componentes adicionais
EsilvaSoft.KapibaraStudio-0.11.0-win-arm64.zip,ZIP,runtimes/win-arm64/native/sdk/index.js,1151902,400e787525fbd70fad62b5f2aeefc6a34a030667e8f688c50a12132a34b8d8a2,external,cache:win32-x64:sdk/index.js; cache:win32-arm64:sdk/index.js,GitHub Copilot CLI License 1.0.85; avisos de componentes adicionais
EsilvaSoft.KapibaraStudio-0.11.0-win-arm64.zip,ZIP,EsilvaSoft.KapibaraStudio.Desktop.exe,391198862,64607a4fa4b758345f08686e7223b826391523728113b1d7d472a2706107597a,external,project:EsilvaSoft.KapibaraStudio (MIT),MIT (projeto)
EsilvaSoft.KapibaraStudio-0.11.0-win-arm64.zip,EsilvaSoft.KapibaraStudio.Desktop.exe,runtimes/win-arm64/native/copilot.exe,648992,5c797ebc41e672f33e5850108161f78c3242584a2ea5eaef43e1488149cc4e76,2,cache:win32-arm64:prebuilds/win32-arm64/copilot-runtime.exe,GitHub Copilot CLI License 1.0.85; avisos de componentes adicionais
EsilvaSoft.KapibaraStudio-0.11.0-win-arm64.zip,EsilvaSoft.KapibaraStudio.Desktop.exe,runtimes/win-arm64/native/copilot_runtime.dll,72426272,6b5cdfc617ebd385e0b2ddf0e215201bb1f7908c17898069707f85b6e76338f3,2,cache:win32-arm64:prebuilds/win32-arm64/runtime.node,GitHub Copilot CLI License 1.0.85; avisos de componentes adicionais
EsilvaSoft.KapibaraStudio-0.11.0-win-arm64.zip,EsilvaSoft.KapibaraStudio.Desktop.exe,runtimes/win-arm64/native/plugins/computer-use/computer-use-mcp.exe,1577760,cd083f2193c67d9ba8a6c45a4d9195f5124f67ef42dc520514922aea2888c320,2,cache:win32-arm64:plugins/computer-use/computer-use-mcp.exe,GitHub Copilot CLI License 1.0.85; avisos de componentes adicionais; termos upstream individuais não fornecidos no ZIP/cache inspecionado
EsilvaSoft.KapibaraStudio-0.11.0-win-arm64.zip,EsilvaSoft.KapibaraStudio.Desktop.exe,runtimes/win-arm64/native/plugins/computer-use/CopilotComputerUse.exe,2307872,31b2e79e15b7ce30a544ddeab70836dbc1cf36235a8847ff693cc2a535a1986a,2,cache:win32-arm64:plugins/computer-use/CopilotComputerUse.exe,GitHub Copilot CLI License 1.0.85; avisos de componentes adicionais; termos upstream individuais não fornecidos no ZIP/cache inspecionado
EsilvaSoft.KapibaraStudio-0.11.0-win-arm64.zip,EsilvaSoft.KapibaraStudio.Desktop.exe,runtimes/win-arm64/native/ripgrep/bin/win32-arm64/rg.exe,4899104,e61547d25fe26c72be81b2bef9872fa1ee5b25f168a0b7a0538615f683af9a4b,2,cache:win32-arm64:ripgrep/bin/win32-arm64/rg.exe,GitHub Copilot CLI License 1.0.85; avisos de componentes adicionais; termos upstream individuais não fornecidos no ZIP/cache inspecionado
EsilvaSoft.KapibaraStudio-0.11.0-win-arm64.zip,EsilvaSoft.KapibaraStudio.Desktop.exe,runtimes/win-arm64/native/ripgrep/bin/win32-x64/rg.exe,5445920,0e5b11e221ce70857bc619725885f717dc91825ef23f4af25d2a447eec84236b,2,cache:win32-arm64:ripgrep/bin/win32-x64/rg.exe,GitHub Copilot CLI License 1.0.85; avisos de componentes adicionais; termos upstream individuais não fornecidos no ZIP/cache inspecionado
EsilvaSoft.KapibaraStudio-0.11.0-win-arm64.zip,EsilvaSoft.KapibaraStudio.Desktop.exe,runtimes/win-arm64/native/tgrep/bin/win32-arm64/tgrep.exe,5535344,346586f94a36477ca08f05b46b2f9a5457669ed282d5eb57fc00b4af0768be95,2,cache:win32-arm64:tgrep/bin/win32-arm64/tgrep.exe,GitHub Copilot CLI License 1.0.85; avisos de componentes adicionais; termos upstream individuais não fornecidos no ZIP/cache inspecionado
EsilvaSoft.KapibaraStudio-0.11.0-win-arm64.zip,EsilvaSoft.KapibaraStudio.Desktop.exe,runtimes/win-arm64/native/tgrep/bin/win32-x64/tgrep.exe,6528632,a93e7d3cd4fee7e2cd264482b3cd73bf378a52b7ae6996c392a68313a52ac88a,2,cache:win32-arm64:tgrep/bin/win32-x64/tgrep.exe,GitHub Copilot CLI License 1.0.85; avisos de componentes adicionais; termos upstream individuais não fornecidos no ZIP/cache inspecionado
EsilvaSoft.KapibaraStudio-0.11.0-win-arm64.zip,EsilvaSoft.KapibaraStudio.Desktop.exe,runtimes/win-arm64/native/copilot-runtime.exe,648992,5c797ebc41e672f33e5850108161f78c3242584a2ea5eaef43e1488149cc4e76,2,cache:win32-arm64:prebuilds/win32-arm64/copilot-runtime.exe,GitHub Copilot CLI License 1.0.85; avisos de componentes adicionais
EsilvaSoft.KapibaraStudio-0.11.0-win-arm64.zip,EsilvaSoft.KapibaraStudio.Desktop.exe,runtimes/win-arm64/native/msal-node-runtime.node,360736,28bdda0bfb337f356b7743669311a75245276a813c4dffec23bad56baaf65ad3,2,cache:win32-arm64:prebuilds/win32-arm64/msal-node-runtime.node,GitHub Copilot CLI License 1.0.85; avisos de componentes adicionais; termos upstream individuais não fornecidos no ZIP/cache inspecionado
EsilvaSoft.KapibaraStudio-0.11.0-win-arm64.zip,EsilvaSoft.KapibaraStudio.Desktop.exe,runtimes/win-arm64/native/msalruntime_arm64.dll,3515544,bfa964a89804b5343c30d2162f66e742c5b9b0f578ae8c5403d6c974f75df272,2,cache:win32-arm64:prebuilds/win32-arm64/msalruntime_arm64.dll,GitHub Copilot CLI License 1.0.85; avisos de componentes adicionais; termos upstream individuais não fornecidos no ZIP/cache inspecionado
EsilvaSoft.KapibaraStudio-0.11.0-win-arm64.zip,EsilvaSoft.KapibaraStudio.Desktop.exe,runtimes/win-arm64/native/OneAuthInterop.dll,5705336,c13686912da739aba6c5df4773a8d93c4dd24c56781e39cb7cbb0daaa52f25f0,2,cache:win32-arm64:prebuilds/win32-arm64/OneAuthInterop.dll,GitHub Copilot CLI License 1.0.85; avisos de componentes adicionais; Microsoft Software License Terms (OneAuthInterop)
EsilvaSoft.KapibaraStudio-0.11.0-win-arm64.zip,EsilvaSoft.KapibaraStudio.Desktop.exe,runtimes/win-arm64/native/runtime.node,72426272,6b5cdfc617ebd385e0b2ddf0e215201bb1f7908c17898069707f85b6e76338f3,2,cache:win32-arm64:prebuilds/win32-arm64/runtime.node,GitHub Copilot CLI License 1.0.85; avisos de componentes adicionais
EsilvaSoft.KapibaraStudio-0.11.0-win-arm64.zip,EsilvaSoft.KapibaraStudio.Desktop.exe,EsilvaSoft.KapibaraStudio.Desktop.dll,3320832,d2112ba5ff918a1930b8ae9cb9bd04b61df1c841e87c706026aa2d684ff44f9a,1,project:EsilvaSoft.KapibaraStudio (MIT),MIT (projeto)
EsilvaSoft.KapibaraStudio-0.11.0-win-arm64.zip,EsilvaSoft.KapibaraStudio.Desktop.exe,EsilvaSoft.KapibaraStudio.Desktop.runtimeconfig.json,441,f05f9eeb48ea8db0d1543f21f21efd48ad919a15b578026ad3a8f634cbaee208,4,project:EsilvaSoft.KapibaraStudio (MIT),MIT (projeto)
EsilvaSoft.KapibaraStudio-0.11.0-win-arm64.zip,EsilvaSoft.KapibaraStudio.Desktop.exe,Microsoft.CSharp.dll,1124136,4d683840449f84b8aa290bb45547f5153cb79a8ad8d7f9b4e42e2ef10bf1cbee,1,Microsoft.NETCore.App.Runtime.win-arm64/10.0.12:runtimes/win-arm64/lib/net10.0/Microsoft.CSharp.dll,expression:MIT
EsilvaSoft.KapibaraStudio-0.11.0-win-arm64.zip,EsilvaSoft.KapibaraStudio.Desktop.exe,Microsoft.VisualBasic.Core.dll,1378088,d911e527b2be443f70aef4774a2c4cc1a8d42f906a375462bc6d992bf8118abe,1,Microsoft.NETCore.App.Runtime.win-arm64/10.0.12:runtimes/win-arm64/lib/net10.0/Microsoft.VisualBasic.Core.dll,expression:MIT
EsilvaSoft.KapibaraStudio-0.11.0-win-arm64.zip,EsilvaSoft.KapibaraStudio.Desktop.exe,Microsoft.VisualBasic.dll,17192,3c03039736beb580f3cc0d1fd863a3e73283fdbb74eab81562397aa83c3b648d,1,Microsoft.NETCore.App.Runtime.win-arm64/10.0.12:runtimes/win-arm64/lib/net10.0/Microsoft.VisualBasic.dll,expression:MIT
EsilvaSoft.KapibaraStudio-0.11.0-win-arm64.zip,EsilvaSoft.KapibaraStudio.Desktop.exe,Microsoft.Win32.Primitives.dll,15656,ae91bb8111ec6d950b34bf6cd06da477d6bb37436e5e23f1dfc98c0c8b9c1095,1,Microsoft.NETCore.App.Runtime.win-arm64/10.0.12:runtimes/win-arm64/lib/net10.0/Microsoft.Win32.Primitives.dll,expression:MIT
EsilvaSoft.KapibaraStudio-0.11.0-win-arm64.zip,EsilvaSoft.KapibaraStudio.Desktop.exe,Microsoft.Win32.Registry.dll,132904,41296f325faa724aaecf3c7f979425450584833fbf98c483b8b2bc417a584105,1,Microsoft.NETCore.App.Runtime.win-arm64/10.0.12:runtimes/win-arm64/lib/net10.0/Microsoft.Win32.Registry.dll,expression:MIT
EsilvaSoft.KapibaraStudio-0.11.0-win-arm64.zip,EsilvaSoft.KapibaraStudio.Desktop.exe,System.AppContext.dll,15144,a711336c4838dd1a68985f36f978f2c38ed993f9df8ee63ef88ad36723131e5f,1,Microsoft.NETCore.App.Runtime.win-arm64/10.0.12:runtimes/win-arm64/lib/net10.0/System.AppContext.dll,expression:MIT
EsilvaSoft.KapibaraStudio-0.11.0-win-arm64.zip,EsilvaSoft.KapibaraStudio.Desktop.exe,System.Buffers.dll,15144,60c42dbf3702e99fb84bcbb81a630150d9a86f7e7de5bbfcb687ad8f198872c0,1,Microsoft.NETCore.App.Runtime.win-arm64/10.0.12:runtimes/win-arm64/lib/net10.0/System.Buffers.dll,expression:MIT
EsilvaSoft.KapibaraStudio-0.11.0-win-arm64.zip,EsilvaSoft.KapibaraStudio.Desktop.exe,System.Collections.Concurrent.dll,231208,b49d3238bf3e1755ef31b8d4f4630ac3025bb66a1cf4cd378cfdbe12a20ec1f8,1,Microsoft.NETCore.App.Runtime.win-arm64/10.0.12:runtimes/win-arm64/lib/net10.0/System.Collections.Concurrent.dll,expression:MIT
EsilvaSoft.KapibaraStudio-0.11.0-win-arm64.zip,EsilvaSoft.KapibaraStudio.Desktop.exe,System.Collections.Immutable.dll,1091408,3325a8858d26dc1a81d9c688afbfb796679e91d7f2a5a115856568c955b68c20,1,Microsoft.NETCore.App.Runtime.win-arm64/10.0.12:runtimes/win-arm64/lib/net10.0/System.Collections.Immutable.dll,expression:MIT
EsilvaSoft.KapibaraStudio-0.11.0-win-arm64.zip,EsilvaSoft.KapibaraStudio.Desktop.exe,System.Collections.NonGeneric.dll,116520,a3e24ce867471a0adc651b5d7e618524398a7b8c0576fd0a263f1b4b6753e43e,1,Microsoft.NETCore.App.Runtime.win-arm64/10.0.12:runtimes/win-arm64/lib/net10.0/System.Collections.NonGeneric.dll,expression:MIT
EsilvaSoft.KapibaraStudio-0.11.0-win-arm64.zip,EsilvaSoft.KapibaraStudio.Desktop.exe,System.Collections.Specialized.dll,116520,d84fdb4d959d5e2dba2f1cd7c6ba860861bffe3415737c4f8b4997d3a335961f,1,Microsoft.NETCore.App.Runtime.win-arm64/10.0.12:runtimes/win-arm64/lib/net10.0/System.Collections.Specialized.dll,expression:MIT
EsilvaSoft.KapibaraStudio-0.11.0-win-arm64.zip,EsilvaSoft.KapibaraStudio.Desktop.exe,System.Collections.dll,341800,bc7dc91c8d689fe4fa2d5921729fba45b8a2a93df659a99aa5fb6d4129590af7,1,Microsoft.NETCore.App.Runtime.win-arm64/10.0.12:runtimes/win-arm64/lib/net10.0/System.Collections.dll,expression:MIT
EsilvaSoft.KapibaraStudio-0.11.0-win-arm64.zip,EsilvaSoft.KapibaraStudio.Desktop.exe,System.ComponentModel.Annotations.dll,227152,ec359a7c5a86f5c2ce77e1d27db4e8fb67261ce6bb1e2a68ec52ff25490e223e,1,Microsoft.NETCore.App.Runtime.win-arm64/10.0.12:runtimes/win-arm64/lib/net10.0/System.ComponentModel.Annotations.dll,expression:MIT
EsilvaSoft.KapibaraStudio-0.11.0-win-arm64.zip,EsilvaSoft.KapibaraStudio.Desktop.exe,System.ComponentModel.DataAnnotations.dll,16680,9e949d512ad11a6247f05fe0a4b3e522b0acc3d8476c7989512ad3410d4d9475,1,Microsoft.NETCore.App.Runtime.win-arm64/10.0.12:runtimes/win-arm64/lib/net10.0/System.ComponentModel.DataAnnotations.dll,expression:MIT
EsilvaSoft.KapibaraStudio-0.11.0-win-arm64.zip,EsilvaSoft.KapibaraStudio.Desktop.exe,System.ComponentModel.EventBasedAsync.dll,51024,e134f8e5152b6a105529f0140d1ece0a5c459018329fd54b62f9aa7d380ba050,1,Microsoft.NETCore.App.Runtime.win-arm64/10.0.12:runtimes/win-arm64/lib/net10.0/System.ComponentModel.EventBasedAsync.dll,expression:MIT
EsilvaSoft.KapibaraStudio-0.11.0-win-arm64.zip,EsilvaSoft.KapibaraStudio.Desktop.exe,System.ComponentModel.Primitives.dll,87848,64a1cc714db090dda69b840f27b2a3beacb3b083cdbba8bf0ee11210be743e44,1,Microsoft.NETCore.App.Runtime.win-arm64/10.0.12:runtimes/win-arm64/lib/net10.0/System.ComponentModel.Primitives.dll,expression:MIT
EsilvaSoft.KapibaraStudio-0.11.0-win-arm64.zip,EsilvaSoft.KapibaraStudio.Desktop.exe,System.ComponentModel.TypeConverter.dll,882512,ca5b88d900087c599afcafcd2215b854ec021cb250564e1b90c3c3b836e66c1a,1,Microsoft.NETCore.App.Runtime.win-arm64/10.0.12:runtimes/win-arm64/lib/net10.0/System.ComponentModel.TypeConverter.dll,expression:MIT
EsilvaSoft.KapibaraStudio-0.11.0-win-arm64.zip,EsilvaSoft.KapibaraStudio.Desktop.exe,System.ComponentModel.dll,30504,3ed4d9d963fba3f4a103123d6a1ad388604b58daab8c9add705e02fa4b6522ef,1,Microsoft.NETCore.App.Runtime.win-arm64/10.0.12:runtimes/win-arm64/lib/net10.0/System.ComponentModel.dll,expression:MIT
EsilvaSoft.KapibaraStudio-0.11.0-win-arm64.zip,EsilvaSoft.KapibaraStudio.Desktop.exe,System.Configuration.dll,19280,e0a1b8c6c1e28e23d786b698fe17ca9a7389bde75ffa0f22e06b27a1e9cdc677,1,Microsoft.NETCore.App.Runtime.win-arm64/10.0.12:runtimes/win-arm64/lib/net10.0/System.Configuration.dll,expression:MIT
EsilvaSoft.KapibaraStudio-0.11.0-win-arm64.zip,EsilvaSoft.KapibaraStudio.Desktop.exe,System.Console.dll,198440,8abfc2c91d4d19fb37ee4557e7e228bc5e309c9bbc91a8f4fb1e6e43d3cf0fa8,1,Microsoft.NETCore.App.Runtime.win-arm64/10.0.12:runtimes/win-arm64/lib/net10.0/System.Console.dll,expression:MIT
EsilvaSoft.KapibaraStudio-0.11.0-win-arm64.zip,EsilvaSoft.KapibaraStudio.Desktop.exe,System.Core.dll,23336,d9cf646e280401df6db8c8ca0abf7a94136fe0a11710a51b7513b713add6386c,1,Microsoft.NETCore.App.Runtime.win-arm64/10.0.12:runtimes/win-arm64/lib/net10.0/System.Core.dll,expression:MIT
EsilvaSoft.KapibaraStudio-0.11.0-win-arm64.zip,EsilvaSoft.KapibaraStudio.Desktop.exe,System.Data.Common.dll,3237672,020a22743b46c8a6ca96f0f73472738ccebe6ee58b4074c6216fa20ab2362d03,1,Microsoft.NETCore.App.Runtime.win-arm64/10.0.12:runtimes/win-arm64/lib/net10.0/System.Data.Common.dll,expression:MIT
EsilvaSoft.KapibaraStudio-0.11.0-win-arm64.zip,EsilvaSoft.KapibaraStudio.Desktop.exe,System.Data.DataSetExtensions.dll,15656,aa1bc19bd40fc4dbd9a4fc666ea194a76cdd53f56c0470861472e3084513dfdb,1,Microsoft.NETCore.App.Runtime.win-arm64/10.0.12:runtimes/win-arm64/lib/net10.0/System.Data.DataSetExtensions.dll,expression:MIT
EsilvaSoft.KapibaraStudio-0.11.0-win-arm64.zip,EsilvaSoft.KapibaraStudio.Desktop.exe,System.Data.dll,25384,59a8aeb6b96e9ae1413ed5ad67b2fa6139fe1ef1b654bb2660e263fc51b06475,1,Microsoft.NETCore.App.Runtime.win-arm64/10.0.12:runtimes/win-arm64/lib/net10.0/System.Data.dll,expression:MIT
EsilvaSoft.KapibaraStudio-0.11.0-win-arm64.zip,EsilvaSoft.KapibaraStudio.Desktop.exe,System.Diagnostics.Contracts.dll,16208,5a52ba22acc3ffa91f6e7249cc0296725b08f483123bfed9d95df124074ee589,1,Microsoft.NETCore.App.Runtime.win-arm64/10.0.12:runtimes/win-arm64/lib/net10.0/System.Diagnostics.Contracts.dll,expression:MIT
EsilvaSoft.KapibaraStudio-0.11.0-win-arm64.zip,EsilvaSoft.KapibaraStudio.Desktop.exe,System.Diagnostics.Debug.dll,15696,bf5932b7f64afd69e3c8c1e54f2800f17bd0322adabfc7d8922638ab52fd8584,1,Microsoft.NETCore.App.Runtime.win-arm64/10.0.12:runtimes/win-arm64/lib/net10.0/System.Diagnostics.Debug.dll,expression:MIT
EsilvaSoft.KapibaraStudio-0.11.0-win-arm64.zip,EsilvaSoft.KapibaraStudio.Desktop.exe,System.Diagnostics.DiagnosticSource.dll,567080,b06b76074cd0257256104041d9e67fcce9c457551a5b0693840709fd36bd32ad,1,Microsoft.NETCore.App.Runtime.win-arm64/10.0.12:runtimes/win-arm64/lib/net10.0/System.Diagnostics.DiagnosticSource.dll,expression:MIT
EsilvaSoft.KapibaraStudio-0.11.0-win-arm64.zip,EsilvaSoft.KapibaraStudio.Desktop.exe,System.Diagnostics.FileVersionInfo.dll,46888,df6841067fb98c77c143b9a493c1eaf1b9b20c661219b6baf925fa105fd91e7e,1,Microsoft.NETCore.App.Runtime.win-arm64/10.0.12:runtimes/win-arm64/lib/net10.0/System.Diagnostics.FileVersionInfo.dll,expression:MIT
EsilvaSoft.KapibaraStudio-0.11.0-win-arm64.zip,EsilvaSoft.KapibaraStudio.Desktop.exe,System.Diagnostics.Process.dll,382800,f55dfe83d6c30795825f0a744cbf984d4ffa15da02058310d2d3e4f3c9b099fd,1,Microsoft.NETCore.App.Runtime.win-arm64/10.0.12:runtimes/win-arm64/lib/net10.0/System.Diagnostics.Process.dll,expression:MIT
EsilvaSoft.KapibaraStudio-0.11.0-win-arm64.zip,EsilvaSoft.KapibaraStudio.Desktop.exe,System.Diagnostics.StackTrace.dll,46888,d0eb62ad30f21ec2997afd340e5418a9728212177128ee96cb451f18b136d26a,1,Microsoft.NETCore.App.Runtime.win-arm64/10.0.12:runtimes/win-arm64/lib/net10.0/System.Diagnostics.StackTrace.dll,expression:MIT
EsilvaSoft.KapibaraStudio-0.11.0-win-arm64.zip,EsilvaSoft.KapibaraStudio.Desktop.exe,System.Diagnostics.TextWriterTraceListener.dll,75560,e4716d1ad11e54a7b23d257b530f3f9f711d13a4330a630cd29a3801b2464662,1,Microsoft.NETCore.App.Runtime.win-arm64/10.0.12:runtimes/win-arm64/lib/net10.0/System.Diagnostics.TextWriterTraceListener.dll,expression:MIT
EsilvaSoft.KapibaraStudio-0.11.0-win-arm64.zip,EsilvaSoft.KapibaraStudio.Desktop.exe,System.Diagnostics.Tools.dll,15144,e2daca295df3e6700db9adc22b822543622927af1865cfc4a84dceeed27ed864,1,Microsoft.NETCore.App.Runtime.win-arm64/10.0.12:runtimes/win-arm64/lib/net10.0/System.Diagnostics.Tools.dll,expression:MIT
EsilvaSoft.KapibaraStudio-0.11.0-win-arm64.zip,EsilvaSoft.KapibaraStudio.Desktop.exe,System.Diagnostics.TraceSource.dll,161576,2bb19903d414d215f7ccb28b314b4408f35dd8102ae49608c53f97f0ebc480c8,1,Microsoft.NETCore.App.Runtime.win-arm64/10.0.12:runtimes/win-arm64/lib/net10.0/System.Diagnostics.TraceSource.dll,expression:MIT
EsilvaSoft.KapibaraStudio-0.11.0-win-arm64.zip,EsilvaSoft.KapibaraStudio.Desktop.exe,System.Diagnostics.Tracing.dll,16168,5aaf6e996240993b612e32be68cadd37ca89450db3e6bb6225eb2aca591dc7ab,1,Microsoft.NETCore.App.Runtime.win-arm64/10.0.12:runtimes/win-arm64/lib/net10.0/System.Diagnostics.Tracing.dll,expression:MIT
EsilvaSoft.KapibaraStudio-0.11.0-win-arm64.zip,EsilvaSoft.KapibaraStudio.Desktop.exe,System.Drawing.Primitives.dll,141096,837ca2a0f33054c7cdd0eed15ae6050f3f5d0fcc32f7420c349a73ff353e8643,1,Microsoft.NETCore.App.Runtime.win-arm64/10.0.12:runtimes/win-arm64/lib/net10.0/System.Drawing.Primitives.dll,expression:MIT
EsilvaSoft.KapibaraStudio-0.11.0-win-arm64.zip,EsilvaSoft.KapibaraStudio.Desktop.exe,System.Drawing.dll,20264,c37bbae89c1c904f9fe1cb839f7548188db8d002c4d20f796bb4015013a0e0ab,1,Microsoft.NETCore.App.Runtime.win-arm64/10.0.12:runtimes/win-arm64/lib/net10.0/System.Drawing.dll,expression:MIT
EsilvaSoft.KapibaraStudio-0.11.0-win-arm64.zip,EsilvaSoft.KapibaraStudio.Desktop.exe,System.Dynamic.Runtime.dll,16168,7db5ed0b5525279d86a49f212ab18219ee9a90f7447f703fbad64210241abc80,1,Microsoft.NETCore.App.Runtime.win-arm64/10.0.12:runtimes/win-arm64/lib/net10.0/System.Dynamic.Runtime.dll,expression:MIT
EsilvaSoft.KapibaraStudio-0.11.0-win-arm64.zip,EsilvaSoft.KapibaraStudio.Desktop.exe,System.Formats.Asn1.dll,255824,57c88edaa53ed525e11e3e39a43d63cc954d95bbd8b38e29028f076ebe50e204,1,Microsoft.NETCore.App.Runtime.win-arm64/10.0.12:runtimes/win-arm64/lib/net10.0/System.Formats.Asn1.dll,expression:MIT
EsilvaSoft.KapibaraStudio-0.11.0-win-arm64.zip,EsilvaSoft.KapibaraStudio.Desktop.exe,System.Formats.Tar.dll,304976,b760a4a8864def3e68ccf35ffbae1a16862c7627d4ff70714c1ccdf012c23440,1,Microsoft.NETCore.App.Runtime.win-arm64/10.0.12:runtimes/win-arm64/lib/net10.0/System.Formats.Tar.dll,expression:MIT
EsilvaSoft.KapibaraStudio-0.11.0-win-arm64.zip,EsilvaSoft.KapibaraStudio.Desktop.exe,System.Globalization.Calendars.dll,15656,8a7180552be26b16dc72197f794767cbc1613fcb6046bcc5779768de1bf2182b,1,Microsoft.NETCore.App.Runtime.win-arm64/10.0.12:runtimes/win-arm64/lib/net10.0/System.Globalization.Calendars.dll,expression:MIT
EsilvaSoft.KapibaraStudio-0.11.0-win-arm64.zip,EsilvaSoft.KapibaraStudio.Desktop.exe,System.Globalization.Extensions.dll,15184,4443ab4112752efe0cb5aac1bee29b6e9f8627d6847e97b524495089fb51a15e,1,Microsoft.NETCore.App.Runtime.win-arm64/10.0.12:runtimes/win-arm64/lib/net10.0/System.Globalization.Extensions.dll,expression:MIT
EsilvaSoft.KapibaraStudio-0.11.0-win-arm64.zip,EsilvaSoft.KapibaraStudio.Desktop.exe,System.Globalization.dll,15696,cc7eb7a60871f2169ff4548218538cd25ddfe26440b2dea51b11188cdaf5316c,1,Microsoft.NETCore.App.Runtime.win-arm64/10.0.12:runtimes/win-arm64/lib/net10.0/System.Globalization.dll,expression:MIT
EsilvaSoft.KapibaraStudio-0.11.0-win-arm64.zip,EsilvaSoft.KapibaraStudio.Desktop.exe,System.IO.Compression.Brotli.dll,91944,f14b9f33de270bf10ded3f2506d3f9d5972ead0dd1f16cbd8342c44ad04b6b65,1,Microsoft.NETCore.App.Runtime.win-arm64/10.0.12:runtimes/win-arm64/lib/net10.0/System.IO.Compression.Brotli.dll,expression:MIT
EsilvaSoft.KapibaraStudio-0.11.0-win-arm64.zip,EsilvaSoft.KapibaraStudio.Desktop.exe,System.IO.Compression.FileSystem.dll,15144,4a763de938170a6b380d2aba1f6aba65a6244f750af7676ce798e90b179521b7,1,Microsoft.NETCore.App.Runtime.win-arm64/10.0.12:runtimes/win-arm64/lib/net10.0/System.IO.Compression.FileSystem.dll,expression:MIT
EsilvaSoft.KapibaraStudio-0.11.0-win-arm64.zip,EsilvaSoft.KapibaraStudio.Desktop.exe,System.IO.Compression.ZipFile.dll,108368,25ee458b9f34e8a9e9455a9cb0dba0f87c2ae034c40b54bcece5f13e06c4d66e,1,Microsoft.NETCore.App.Runtime.win-arm64/10.0.12:runtimes/win-arm64/lib/net10.0/System.IO.Compression.ZipFile.dll,expression:MIT
EsilvaSoft.KapibaraStudio-0.11.0-win-arm64.zip,EsilvaSoft.KapibaraStudio.Desktop.exe,System.IO.Compression.dll,472872,b57271e3daa08b42455fb35006302b6eb78d0bb3d8215488135a448ed7b1d099,1,Microsoft.NETCore.App.Runtime.win-arm64/10.0.12:runtimes/win-arm64/lib/net10.0/System.IO.Compression.dll,expression:MIT
EsilvaSoft.KapibaraStudio-0.11.0-win-arm64.zip,EsilvaSoft.KapibaraStudio.Desktop.exe,System.IO.FileSystem.AccessControl.dll,112424,4a3e58b5db2321c9a511661ae016361d890bbe33bd12cd1acb1b151d6047d08c,1,Microsoft.NETCore.App.Runtime.win-arm64/10.0.12:runtimes/win-arm64/lib/net10.0/System.IO.FileSystem.AccessControl.dll,expression:MIT
EsilvaSoft.KapibaraStudio-0.11.0-win-arm64.zip,EsilvaSoft.KapibaraStudio.Desktop.exe,System.IO.FileSystem.DriveInfo.dll,59176,74c94fe9f1b71349313c196806345157ac45ff54c76ea369af9dccad4a8f0159,1,Microsoft.NETCore.App.Runtime.win-arm64/10.0.12:runtimes/win-arm64/lib/net10.0/System.IO.FileSystem.DriveInfo.dll,expression:MIT
EsilvaSoft.KapibaraStudio-0.11.0-win-arm64.zip,EsilvaSoft.KapibaraStudio.Desktop.exe,System.IO.FileSystem.Primitives.dll,15184,8ea9d6a7cc7a86628f13b2a408dd614cf0a9267038018a1906e0530f859665d5,1,Microsoft.NETCore.App.Runtime.win-arm64/10.0.12:runtimes/win-arm64/lib/net10.0/System.IO.FileSystem.Primitives.dll,expression:MIT
EsilvaSoft.KapibaraStudio-0.11.0-win-arm64.zip,EsilvaSoft.KapibaraStudio.Desktop.exe,System.IO.FileSystem.Watcher.dll,96040,134af234943dbd47d6cde0908ceb4964465c716cd2f423b877f7af13c33953ac,1,Microsoft.NETCore.App.Runtime.win-arm64/10.0.12:runtimes/win-arm64/lib/net10.0/System.IO.FileSystem.Watcher.dll,expression:MIT
EsilvaSoft.KapibaraStudio-0.11.0-win-arm64.zip,EsilvaSoft.KapibaraStudio.Desktop.exe,System.IO.FileSystem.dll,15656,c4d1df47207499f3f83bc47f4580cdaab1e2c20ab5ed1fc651f5575ec3ab67a0,1,Microsoft.NETCore.App.Runtime.win-arm64/10.0.12:runtimes/win-arm64/lib/net10.0/System.IO.FileSystem.dll,expression:MIT
EsilvaSoft.KapibaraStudio-0.11.0-win-arm64.zip,EsilvaSoft.KapibaraStudio.Desktop.exe,System.IO.IsolatedStorage.dll,96040,83608b3c1978b4046202cdecff299409c47c927c7a8cb6b84ad8a2bd67b39e45,1,Microsoft.NETCore.App.Runtime.win-arm64/10.0.12:runtimes/win-arm64/lib/net10.0/System.IO.IsolatedStorage.dll,expression:MIT
EsilvaSoft.KapibaraStudio-0.11.0-win-arm64.zip,EsilvaSoft.KapibaraStudio.Desktop.exe,System.IO.MemoryMappedFiles.dll,91984,48cadb8b2cb0335c0ecd97e5ed464598919d409f9e24ba28b628b4511ac11f23,1,Microsoft.NETCore.App.Runtime.win-arm64/10.0.12:runtimes/win-arm64/lib/net10.0/System.IO.MemoryMappedFiles.dll,expression:MIT
EsilvaSoft.KapibaraStudio-0.11.0-win-arm64.zip,EsilvaSoft.KapibaraStudio.Desktop.exe,System.IO.Pipelines.dll,210768,66a3b7cee53cc2147f77a4e864d37c7835b0a9c3dabb6bf821a45769c4ddebbb,1,Microsoft.NETCore.App.Runtime.win-arm64/10.0.12:runtimes/win-arm64/lib/net10.0/System.IO.Pipelines.dll,expression:MIT
EsilvaSoft.KapibaraStudio-0.11.0-win-arm64.zip,EsilvaSoft.KapibaraStudio.Desktop.exe,System.IO.Pipes.AccessControl.dll,15696,d923e3f7927f05fcd85bce9497016eb0b47728b5f8c7c8c29022f9ec0f35cd72,1,Microsoft.NETCore.App.Runtime.win-arm64/10.0.12:runtimes/win-arm64/lib/net10.0/System.IO.Pipes.AccessControl.dll,expression:MIT
EsilvaSoft.KapibaraStudio-0.11.0-win-arm64.zip,EsilvaSoft.KapibaraStudio.Desktop.exe,System.IO.Pipes.dll,198440,f7366b261367f496119e0244345eb5bf057b813d2f6e4ee5906b72ff035580cb,1,Microsoft.NETCore.App.Runtime.win-arm64/10.0.12:runtimes/win-arm64/lib/net10.0/System.IO.Pipes.dll,expression:MIT
EsilvaSoft.KapibaraStudio-0.11.0-win-arm64.zip,EsilvaSoft.KapibaraStudio.Desktop.exe,System.IO.UnmanagedMemoryStream.dll,15656,f7223316bcb3f549d0f9b77408d08667b59c64b5d8bd535e9dada64653b04d12,1,Microsoft.NETCore.App.Runtime.win-arm64/10.0.12:runtimes/win-arm64/lib/net10.0/System.IO.UnmanagedMemoryStream.dll,expression:MIT
EsilvaSoft.KapibaraStudio-0.11.0-win-arm64.zip,EsilvaSoft.KapibaraStudio.Desktop.exe,System.IO.dll,15656,52325647bef4a2d137015a5f5767a2a331bb39c00fc97bbc95c9567a5dcd79a6,1,Microsoft.NETCore.App.Runtime.win-arm64/10.0.12:runtimes/win-arm64/lib/net10.0/System.IO.dll,expression:MIT
EsilvaSoft.KapibaraStudio-0.11.0-win-arm64.zip,EsilvaSoft.KapibaraStudio.Desktop.exe,System.Linq.AsyncEnumerable.dll,1500968,db1dcbba5c79345b6e8f72fa4352c05c44019734ecb7aa603ce47649dcec3ebf,1,Microsoft.NETCore.App.Runtime.win-arm64/10.0.12:runtimes/win-arm64/lib/net10.0/System.Linq.AsyncEnumerable.dll,expression:MIT
EsilvaSoft.KapibaraStudio-0.11.0-win-arm64.zip,EsilvaSoft.KapibaraStudio.Desktop.exe,System.Linq.Expressions.dll,4658984,a8448e04785726516795252c938d98fa2c64f611f89c95f04a5041adaa65dcc0,1,Microsoft.NETCore.App.Runtime.win-arm64/10.0.12:runtimes/win-arm64/lib/net10.0/System.Linq.Expressions.dll,expression:MIT
EsilvaSoft.KapibaraStudio-0.11.0-win-arm64.zip,EsilvaSoft.KapibaraStudio.Desktop.exe,System.Linq.Parallel.dll,902992,40baf44aa90ea4ff2e886242270455e9b00c36ef47116cda768ffd055326d2c0,1,Microsoft.NETCore.App.Runtime.win-arm64/10.0.12:runtimes/win-arm64/lib/net10.0/System.Linq.Parallel.dll,expression:MIT
EsilvaSoft.KapibaraStudio-0.11.0-win-arm64.zip,EsilvaSoft.KapibaraStudio.Desktop.exe,System.Linq.Queryable.dll,223016,024e368103f0ee02c1b2ac139b5e8349380a31189bf8933d1406542bde84afe1,1,Microsoft.NETCore.App.Runtime.win-arm64/10.0.12:runtimes/win-arm64/lib/net10.0/System.Linq.Queryable.dll,expression:MIT
EsilvaSoft.KapibaraStudio-0.11.0-win-arm64.zip,EsilvaSoft.KapibaraStudio.Desktop.exe,System.Linq.dll,804688,e37ec14d3dd64490a34189bc4cbdd9cdc23a319e8747b9f41dda7420f272a0aa,1,Microsoft.NETCore.App.Runtime.win-arm64/10.0.12:runtimes/win-arm64/lib/net10.0/System.Linq.dll,expression:MIT
EsilvaSoft.KapibaraStudio-0.11.0-win-arm64.zip,EsilvaSoft.KapibaraStudio.Desktop.exe,System.Memory.dll,173864,e717cffc67c3d08afc1b1923d1cf2710f451b576db5ce941c5018e2c79b11288,1,Microsoft.NETCore.App.Runtime.win-arm64/10.0.12:runtimes/win-arm64/lib/net10.0/System.Memory.dll,expression:MIT
EsilvaSoft.KapibaraStudio-0.11.0-win-arm64.zip,EsilvaSoft.KapibaraStudio.Desktop.exe,System.Net.Http.Json.dll,141096,6049ccf0c5642751cdb9417c1b6089b15b70b36050fc136312e07b87f96185d3,1,Microsoft.NETCore.App.Runtime.win-arm64/10.0.12:runtimes/win-arm64/lib/net10.0/System.Net.Http.Json.dll,expression:MIT
EsilvaSoft.KapibaraStudio-0.11.0-win-arm64.zip,EsilvaSoft.KapibaraStudio.Desktop.exe,System.Net.Http.dll,1967912,6d871a08b6837fa8471b0af2abffa92a4cc3eb6726fff85cc8171cb2ef34e647,1,Microsoft.NETCore.App.Runtime.win-arm64/10.0.12:runtimes/win-arm64/lib/net10.0/System.Net.Http.dll,expression:MIT
EsilvaSoft.KapibaraStudio-0.11.0-win-arm64.zip,EsilvaSoft.KapibaraStudio.Desktop.exe,System.Net.HttpListener.dll,616232,c857e3c066e172dd75ac0eb40a8c71e2c1b7cce6ead8f7bd12b7e261fafe7d32,1,Microsoft.NETCore.App.Runtime.win-arm64/10.0.12:runtimes/win-arm64/lib/net10.0/System.Net.HttpListener.dll,expression:MIT
EsilvaSoft.KapibaraStudio-0.11.0-win-arm64.zip,EsilvaSoft.KapibaraStudio.Desktop.exe,System.Net.Mail.dll,550736,1128516530f51955d95acb589b26711bf373bb5de23455745b36580a5bbedc05,1,Microsoft.NETCore.App.Runtime.win-arm64/10.0.12:runtimes/win-arm64/lib/net10.0/System.Net.Mail.dll,expression:MIT
EsilvaSoft.KapibaraStudio-0.11.0-win-arm64.zip,EsilvaSoft.KapibaraStudio.Desktop.exe,System.Net.NameResolution.dll,141096,c8df85fb681e054117ac8ee0a534f39aa213a7bb41ded04ac92a0b4ca31fdcf5,1,Microsoft.NETCore.App.Runtime.win-arm64/10.0.12:runtimes/win-arm64/lib/net10.0/System.Net.NameResolution.dll,expression:MIT
EsilvaSoft.KapibaraStudio-0.11.0-win-arm64.zip,EsilvaSoft.KapibaraStudio.Desktop.exe,System.Net.NetworkInformation.dll,173904,d3bd8fb6be41d19ce28eac5d14624c490a0a85ab0ce70ba09dc7c10054946549,1,Microsoft.NETCore.App.Runtime.win-arm64/10.0.12:runtimes/win-arm64/lib/net10.0/System.Net.NetworkInformation.dll,expression:MIT
EsilvaSoft.KapibaraStudio-0.11.0-win-arm64.zip,EsilvaSoft.KapibaraStudio.Desktop.exe,System.Net.Ping.dll,104272,0e745b08ed85ba31927286f5ef99979e561492bc05745fe5d0a2a00a60ae0ff4,1,Microsoft.NETCore.App.Runtime.win-arm64/10.0.12:runtimes/win-arm64/lib/net10.0/System.Net.Ping.dll,expression:MIT
EsilvaSoft.KapibaraStudio-0.11.0-win-arm64.zip,EsilvaSoft.KapibaraStudio.Desktop.exe,System.Net.Primitives.dll,239400,e9444524a31657385bcda7af75c09cc49d3537d39324262e0982759fe5dd86ef,1,Microsoft.NETCore.App.Runtime.win-arm64/10.0.12:runtimes/win-arm64/lib/net10.0/System.Net.Primitives.dll,expression:MIT
EsilvaSoft.KapibaraStudio-0.11.0-win-arm64.zip,EsilvaSoft.KapibaraStudio.Desktop.exe,System.Net.Quic.dll,399144,cdd21a47178a4c1f6f13b12989c55d9cecd1e67c0c840db23f59695248aec762,1,Microsoft.NETCore.App.Runtime.win-arm64/10.0.12:runtimes/win-arm64/lib/net10.0/System.Net.Quic.dll,expression:MIT
EsilvaSoft.KapibaraStudio-0.11.0-win-arm64.zip,EsilvaSoft.KapibaraStudio.Desktop.exe,System.Net.Requests.dll,427816,b9aff827e35f41ed0fd1838994cb41d3f795fbeb6efa003d47f2c2b6add52aa5,1,Microsoft.NETCore.App.Runtime.win-arm64/10.0.12:runtimes/win-arm64/lib/net10.0/System.Net.Requests.dll,expression:MIT
EsilvaSoft.KapibaraStudio-0.11.0-win-arm64.zip,EsilvaSoft.KapibaraStudio.Desktop.exe,System.Net.Security.dll,755496,00b7a23c5b04e2935b8c4b5641a161860a576f4262e552aeab7ab06c4f2d96ce,1,Microsoft.NETCore.App.Runtime.win-arm64/10.0.12:runtimes/win-arm64/lib/net10.0/System.Net.Security.dll,expression:MIT
EsilvaSoft.KapibaraStudio-0.11.0-win-arm64.zip,EsilvaSoft.KapibaraStudio.Desktop.exe,System.Net.ServerSentEvents.dll,87848,df325ba62ebe2d1ef7309426bf514f44ba12df8c8fcc76f89c0f300d41a5c368,1,Microsoft.NETCore.App.Runtime.win-arm64/10.0.12:runtimes/win-arm64/lib/net10.0/System.Net.ServerSentEvents.dll,expression:MIT
EsilvaSoft.KapibaraStudio-0.11.0-win-arm64.zip,EsilvaSoft.KapibaraStudio.Desktop.exe,System.Net.ServicePoint.dll,15144,49c396440c91a90abe66633091eea5bae25f0754046cad7beef8c9721c4239fb,1,Microsoft.NETCore.App.Runtime.win-arm64/10.0.12:runtimes/win-arm64/lib/net10.0/System.Net.ServicePoint.dll,expression:MIT
EsilvaSoft.KapibaraStudio-0.11.0-win-arm64.zip,EsilvaSoft.KapibaraStudio.Desktop.exe,System.Net.Sockets.dll,620328,f7a6fea9603cc03fd6d97265933f685c7f8548e5f592bcadc58e1692fe69c6cc,1,Microsoft.NETCore.App.Runtime.win-arm64/10.0.12:runtimes/win-arm64/lib/net10.0/System.Net.Sockets.dll,expression:MIT
EsilvaSoft.KapibaraStudio-0.11.0-win-arm64.zip,EsilvaSoft.KapibaraStudio.Desktop.exe,System.Net.WebClient.dll,186192,b463df60be45ba6d328a974866d773d2207fd46d3515919814addc7a433eb69f,1,Microsoft.NETCore.App.Runtime.win-arm64/10.0.12:runtimes/win-arm64/lib/net10.0/System.Net.WebClient.dll,expression:MIT
EsilvaSoft.KapibaraStudio-0.11.0-win-arm64.zip,EsilvaSoft.KapibaraStudio.Desktop.exe,System.Net.WebHeaderCollection.dll,71464,e80990d3370dccf720020e770fa684f6335fa45effb14bea17bd7fd5e4d3d291,1,Microsoft.NETCore.App.Runtime.win-arm64/10.0.12:runtimes/win-arm64/lib/net10.0/System.Net.WebHeaderCollection.dll,expression:MIT
EsilvaSoft.KapibaraStudio-0.11.0-win-arm64.zip,EsilvaSoft.KapibaraStudio.Desktop.exe,System.Net.WebProxy.dll,46928,231ddeeea7f25e7ffa2ec1f37dca806a7a1ca2c4772c779ba8c2adac4a55a3e5,1,Microsoft.NETCore.App.Runtime.win-arm64/10.0.12:runtimes/win-arm64/lib/net10.0/System.Net.WebProxy.dll,expression:MIT
EsilvaSoft.KapibaraStudio-0.11.0-win-arm64.zip,EsilvaSoft.KapibaraStudio.Desktop.exe,System.Net.WebSockets.Client.dll,112424,0d3e328ef3d476d547314582727822e96529c31f3bbf1d8d35d2fecbe58db682,1,Microsoft.NETCore.App.Runtime.win-arm64/10.0.12:runtimes/win-arm64/lib/net10.0/System.Net.WebSockets.Client.dll,expression:MIT
EsilvaSoft.KapibaraStudio-0.11.0-win-arm64.zip,EsilvaSoft.KapibaraStudio.Desktop.exe,System.Net.WebSockets.dll,268112,7ca0309c1c189dc614bcc3a478b1a32eeccbac37d50dd08752dab25198699e01,1,Microsoft.NETCore.App.Runtime.win-arm64/10.0.12:runtimes/win-arm64/lib/net10.0/System.Net.WebSockets.dll,expression:MIT
EsilvaSoft.KapibaraStudio-0.11.0-win-arm64.zip,EsilvaSoft.KapibaraStudio.Desktop.exe,System.Net.dll,17192,28e7f52fc6ab92d70ce2bc5ae332c53470dfb49c6484d0995dfc6b06ea914908,1,Microsoft.NETCore.App.Runtime.win-arm64/10.0.12:runtimes/win-arm64/lib/net10.0/System.Net.dll,expression:MIT
EsilvaSoft.KapibaraStudio-0.11.0-win-arm64.zip,EsilvaSoft.KapibaraStudio.Desktop.exe,System.Numerics.Vectors.dll,15656,a86e57f1665226bc19ff39a5cdf189b7c97c2842433cce858acdb57ca52f1ce3,1,Microsoft.NETCore.App.Runtime.win-arm64/10.0.12:runtimes/win-arm64/lib/net10.0/System.Numerics.Vectors.dll,expression:MIT
EsilvaSoft.KapibaraStudio-0.11.0-win-arm64.zip,EsilvaSoft.KapibaraStudio.Desktop.exe,System.Numerics.dll,15184,2dd73fe5828d1081ba290bca53a0635acaba03c1873d907d0070996000e3b68c,1,Microsoft.NETCore.App.Runtime.win-arm64/10.0.12:runtimes/win-arm64/lib/net10.0/System.Numerics.dll,expression:MIT
EsilvaSoft.KapibaraStudio-0.11.0-win-arm64.zip,EsilvaSoft.KapibaraStudio.Desktop.exe,System.ObjectModel.dll,87888,066f65b853c7450519edcc5a997689ae487640c8f03fbbfe4cbefe44df065577,1,Microsoft.NETCore.App.Runtime.win-arm64/10.0.12:runtimes/win-arm64/lib/net10.0/System.ObjectModel.dll,expression:MIT
EsilvaSoft.KapibaraStudio-0.11.0-win-arm64.zip,EsilvaSoft.KapibaraStudio.Desktop.exe,System.Private.CoreLib.dll,17729320,7cc56b492774fff48f2156b738f5fbef0a50dd65aba40969118d4261f7efbc8c,1,Microsoft.NETCore.App.Runtime.win-arm64/10.0.12:runtimes/win-arm64/lib/net10.0/System.Private.CoreLib.dll,expression:MIT
EsilvaSoft.KapibaraStudio-0.11.0-win-arm64.zip,EsilvaSoft.KapibaraStudio.Desktop.exe,System.Private.DataContractSerialization.dll,2406184,025ad8e88b72c901b6705be2dcefae0349c2075c4c9aebb71d873fb26050b402,1,Microsoft.NETCore.App.Runtime.win-arm64/10.0.12:runtimes/win-arm64/lib/net10.0/System.Private.DataContractSerialization.dll,expression:MIT
EsilvaSoft.KapibaraStudio-0.11.0-win-arm64.zip,EsilvaSoft.KapibaraStudio.Desktop.exe,System.Private.Uri.dll,276264,e211355b654b5112417d5876bc04287891f0fc7326c1ee745d216e053ceee5ba,1,Microsoft.NETCore.App.Runtime.win-arm64/10.0.12:runtimes/win-arm64/lib/net10.0/System.Private.Uri.dll,expression:MIT
EsilvaSoft.KapibaraStudio-0.11.0-win-arm64.zip,EsilvaSoft.KapibaraStudio.Desktop.exe,System.Private.Xml.Linq.dll,452432,207ac73ffd90c8d9d35ce78f886aecaaa36b71ee09c28fe6d901f29af568560b,1,Microsoft.NETCore.App.Runtime.win-arm64/10.0.12:runtimes/win-arm64/lib/net10.0/System.Private.Xml.Linq.dll,expression:MIT
EsilvaSoft.KapibaraStudio-0.11.0-win-arm64.zip,EsilvaSoft.KapibaraStudio.Desktop.exe,System.Private.Xml.dll,9021224,f93ab035459533198cf794278037188b9562ed73b6d7ea9540e5a09998fc1935,1,Microsoft.NETCore.App.Runtime.win-arm64/10.0.12:runtimes/win-arm64/lib/net10.0/System.Private.Xml.dll,expression:MIT
EsilvaSoft.KapibaraStudio-0.11.0-win-arm64.zip,EsilvaSoft.KapibaraStudio.Desktop.exe,System.Reflection.DispatchProxy.dll,83792,c0ac41929656f3f8a9841eb49f2791bbf56cb2e216c1a322b850edeccd24f6c8,1,Microsoft.NETCore.App.Runtime.win-arm64/10.0.12:runtimes/win-arm64/lib/net10.0/System.Reflection.DispatchProxy.dll,expression:MIT
EsilvaSoft.KapibaraStudio-0.11.0-win-arm64.zip,EsilvaSoft.KapibaraStudio.Desktop.exe,System.Reflection.Emit.ILGeneration.dll,15656,1ba0d1bf36def9f21813da95fd01a699a22a1e1f4b0350fffe2682b3cb069e75,1,Microsoft.NETCore.App.Runtime.win-arm64/10.0.12:runtimes/win-arm64/lib/net10.0/System.Reflection.Emit.ILGeneration.dll,expression:MIT
EsilvaSoft.KapibaraStudio-0.11.0-win-arm64.zip,EsilvaSoft.KapibaraStudio.Desktop.exe,System.Reflection.Emit.Lightweight.dll,15656,92c0a48563142ce461bf3495a145f717a19a2d5e08bc488a1970a3d4d3b01f60,1,Microsoft.NETCore.App.Runtime.win-arm64/10.0.12:runtimes/win-arm64/lib/net10.0/System.Reflection.Emit.Lightweight.dll,expression:MIT
EsilvaSoft.KapibaraStudio-0.11.0-win-arm64.zip,EsilvaSoft.KapibaraStudio.Desktop.exe,System.Reflection.Emit.dll,349992,ca491f787c9a61b1d33bb21fb32503331a3a209f5dbfd8eb77a808d1f7b0f284,1,Microsoft.NETCore.App.Runtime.win-arm64/10.0.12:runtimes/win-arm64/lib/net10.0/System.Reflection.Emit.dll,expression:MIT
EsilvaSoft.KapibaraStudio-0.11.0-win-arm64.zip,EsilvaSoft.KapibaraStudio.Desktop.exe,System.Reflection.Extensions.dll,15184,8bcef88f695d201f7f6fce369573915b3cfdbd9e4b20d1a98d423f6e59be0074,1,Microsoft.NETCore.App.Runtime.win-arm64/10.0.12:runtimes/win-arm64/lib/net10.0/System.Reflection.Extensions.dll,expression:MIT
EsilvaSoft.KapibaraStudio-0.11.0-win-arm64.zip,EsilvaSoft.KapibaraStudio.Desktop.exe,System.Reflection.Metadata.dll,1275688,a73c485f330493feb576c6ce6d506d5e32bdaacfcc673184364d4c77bab3a88d,1,Microsoft.NETCore.App.Runtime.win-arm64/10.0.12:runtimes/win-arm64/lib/net10.0/System.Reflection.Metadata.dll,expression:MIT
EsilvaSoft.KapibaraStudio-0.11.0-win-arm64.zip,EsilvaSoft.KapibaraStudio.Desktop.exe,System.Reflection.Primitives.dll,15696,eaafd6da6c24e9a83fb0ef3d914cc63c38534a4517dc93eee765bfa92c3117eb,1,Microsoft.NETCore.App.Runtime.win-arm64/10.0.12:runtimes/win-arm64/lib/net10.0/System.Reflection.Primitives.dll,expression:MIT
EsilvaSoft.KapibaraStudio-0.11.0-win-arm64.zip,EsilvaSoft.KapibaraStudio.Desktop.exe,System.Reflection.TypeExtensions.dll,46888,70be959f8928e5e659c8fab8946e3c80de54dd289cdc34e0b8697be6928e8250,1,Microsoft.NETCore.App.Runtime.win-arm64/10.0.12:runtimes/win-arm64/lib/net10.0/System.Reflection.TypeExtensions.dll,expression:MIT
EsilvaSoft.KapibaraStudio-0.11.0-win-arm64.zip,EsilvaSoft.KapibaraStudio.Desktop.exe,System.Reflection.dll,16168,3a00f2beb8449f2c369f50cd493ada7d8567ef24c5b3f33dcd713b620c059c09,1,Microsoft.NETCore.App.Runtime.win-arm64/10.0.12:runtimes/win-arm64/lib/net10.0/System.Reflection.dll,expression:MIT
EsilvaSoft.KapibaraStudio-0.11.0-win-arm64.zip,EsilvaSoft.KapibaraStudio.Desktop.exe,System.Resources.Reader.dll,15144,8fd1267712bdce3f9a46f247bd2d25f6780a832a619e36c0e8148ed27c09d5f3,1,Microsoft.NETCore.App.Runtime.win-arm64/10.0.12:runtimes/win-arm64/lib/net10.0/System.Resources.Reader.dll,expression:MIT
EsilvaSoft.KapibaraStudio-0.11.0-win-arm64.zip,EsilvaSoft.KapibaraStudio.Desktop.exe,System.Resources.ResourceManager.dll,15656,2c72c237b091565121b89027cf529fae2347781afbcb5d21670840aa80fe4d3e,1,Microsoft.NETCore.App.Runtime.win-arm64/10.0.12:runtimes/win-arm64/lib/net10.0/System.Resources.ResourceManager.dll,expression:MIT
EsilvaSoft.KapibaraStudio-0.11.0-win-arm64.zip,EsilvaSoft.KapibaraStudio.Desktop.exe,System.Resources.Writer.dll,55120,940133d8a8dac797ceece67c5ccaaaf601e8eb97b35acd3e3cdb85de53174eb9,1,Microsoft.NETCore.App.Runtime.win-arm64/10.0.12:runtimes/win-arm64/lib/net10.0/System.Resources.Writer.dll,expression:MIT
EsilvaSoft.KapibaraStudio-0.11.0-win-arm64.zip,EsilvaSoft.KapibaraStudio.Desktop.exe,System.Runtime.CompilerServices.Unsafe.dll,15144,542d0c1ab7ee96af0c7aa5822da3402d6965478268928e7b179f21804c79c5bd,1,Microsoft.NETCore.App.Runtime.win-arm64/10.0.12:runtimes/win-arm64/lib/net10.0/System.Runtime.CompilerServices.Unsafe.dll,expression:MIT
EsilvaSoft.KapibaraStudio-0.11.0-win-arm64.zip,EsilvaSoft.KapibaraStudio.Desktop.exe,System.Runtime.CompilerServices.VisualC.dll,30544,84d69c53ae773b2c7fba362804e67fe41d3dfd806f2a64246191588ade2dd251,1,Microsoft.NETCore.App.Runtime.win-arm64/10.0.12:runtimes/win-arm64/lib/net10.0/System.Runtime.CompilerServices.VisualC.dll,expression:MIT
EsilvaSoft.KapibaraStudio-0.11.0-win-arm64.zip,EsilvaSoft.KapibaraStudio.Desktop.exe,System.Runtime.Extensions.dll,17744,967d621f416121385db712ab84f9006e18b16b8835a6904ff4bab490429fe573,1,Microsoft.NETCore.App.Runtime.win-arm64/10.0.12:runtimes/win-arm64/lib/net10.0/System.Runtime.Extensions.dll,expression:MIT
EsilvaSoft.KapibaraStudio-0.11.0-win-arm64.zip,EsilvaSoft.KapibaraStudio.Desktop.exe,System.Runtime.Handles.dll,15656,6927e43b20bfd4cb543d7c6993a1e8e69f1a02e902aa05bcbaa3083d3dad5928,1,Microsoft.NETCore.App.Runtime.win-arm64/10.0.12:runtimes/win-arm64/lib/net10.0/System.Runtime.Handles.dll,expression:MIT
EsilvaSoft.KapibaraStudio-0.11.0-win-arm64.zip,EsilvaSoft.KapibaraStudio.Desktop.exe,System.Runtime.InteropServices.JavaScript.dll,50984,580e761752dbe3d4fe55285ef203f690dd0336056a5959b7e802082d4ef333ac,1,Microsoft.NETCore.App.Runtime.win-arm64/10.0.12:runtimes/win-arm64/lib/net10.0/System.Runtime.InteropServices.JavaScript.dll,expression:MIT
EsilvaSoft.KapibaraStudio-0.11.0-win-arm64.zip,EsilvaSoft.KapibaraStudio.Desktop.exe,System.Runtime.InteropServices.RuntimeInformation.dll,15696,d998e1dff9d00958abf347e0b94f204d0cd8f962cad2ef8ba700c9aa8ad24d08,1,Microsoft.NETCore.App.Runtime.win-arm64/10.0.12:runtimes/win-arm64/lib/net10.0/System.Runtime.InteropServices.RuntimeInformation.dll,expression:MIT
EsilvaSoft.KapibaraStudio-0.11.0-win-arm64.zip,EsilvaSoft.KapibaraStudio.Desktop.exe,System.Runtime.InteropServices.dll,120616,7d52e2c0274e0fd0fb022ff04786bac2edb9486e353cbfff6a05190e6bce9c17,1,Microsoft.NETCore.App.Runtime.win-arm64/10.0.12:runtimes/win-arm64/lib/net10.0/System.Runtime.InteropServices.dll,expression:MIT
EsilvaSoft.KapibaraStudio-0.11.0-win-arm64.zip,EsilvaSoft.KapibaraStudio.Desktop.exe,System.Runtime.Intrinsics.dll,17192,c96521855bc30e26c62a249074d84f9613055fb60bf63c2ca3508fcf0e3654ca,1,Microsoft.NETCore.App.Runtime.win-arm64/10.0.12:runtimes/win-arm64/lib/net10.0/System.Runtime.Intrinsics.dll,expression:MIT
EsilvaSoft.KapibaraStudio-0.11.0-win-arm64.zip,EsilvaSoft.KapibaraStudio.Desktop.exe,System.Runtime.Loader.dll,15656,9002446ea049e2d95b330436b187282eb7a2e997266e8b59b817227d9db70016,1,Microsoft.NETCore.App.Runtime.win-arm64/10.0.12:runtimes/win-arm64/lib/net10.0/System.Runtime.Loader.dll,expression:MIT
EsilvaSoft.KapibaraStudio-0.11.0-win-arm64.zip,EsilvaSoft.KapibaraStudio.Desktop.exe,System.Runtime.Numerics.dll,374608,f28446cce0c430f4db19919fad301aaad67fc259ae5e9de16e85914dd3ce9671,1,Microsoft.NETCore.App.Runtime.win-arm64/10.0.12:runtimes/win-arm64/lib/net10.0/System.Runtime.Numerics.dll,expression:MIT
EsilvaSoft.KapibaraStudio-0.11.0-win-arm64.zip,EsilvaSoft.KapibaraStudio.Desktop.exe,System.Runtime.Serialization.Formatters.dll,137000,e42bfb50ae7ee20140203cb1f61ebb66f40c2b46e3d9a63bc32dc77389de07d4,1,Microsoft.NETCore.App.Runtime.win-arm64/10.0.12:runtimes/win-arm64/lib/net10.0/System.Runtime.Serialization.Formatters.dll,expression:MIT
EsilvaSoft.KapibaraStudio-0.11.0-win-arm64.zip,EsilvaSoft.KapibaraStudio.Desktop.exe,System.Runtime.Serialization.Json.dll,15656,e3d4bdccc1c2022e73ab1d4607378589b7e4c14131be9aea58af40b07201c8a4,1,Microsoft.NETCore.App.Runtime.win-arm64/10.0.12:runtimes/win-arm64/lib/net10.0/System.Runtime.Serialization.Json.dll,expression:MIT
EsilvaSoft.KapibaraStudio-0.11.0-win-arm64.zip,EsilvaSoft.KapibaraStudio.Desktop.exe,System.Runtime.Serialization.Primitives.dll,42792,67686007ed166ea53f5dfdfe46a34ba24e0a0123d4fc8654b6939b6cee2e7917,1,Microsoft.NETCore.App.Runtime.win-arm64/10.0.12:runtimes/win-arm64/lib/net10.0/System.Runtime.Serialization.Primitives.dll,expression:MIT
EsilvaSoft.KapibaraStudio-0.11.0-win-arm64.zip,EsilvaSoft.KapibaraStudio.Desktop.exe,System.Runtime.Serialization.Xml.dll,16680,49604a0f104f0b315446a7f138b8a9220e243add0a0d69aa74f9dec6ce4c0cf7,1,Microsoft.NETCore.App.Runtime.win-arm64/10.0.12:runtimes/win-arm64/lib/net10.0/System.Runtime.Serialization.Xml.dll,expression:MIT
EsilvaSoft.KapibaraStudio-0.11.0-win-arm64.zip,EsilvaSoft.KapibaraStudio.Desktop.exe,System.Runtime.Serialization.dll,17232,e4729bc586599799ea6022f3711e02712d135061b1da586a90f3a0b9ccabd7c2,1,Microsoft.NETCore.App.Runtime.win-arm64/10.0.12:runtimes/win-arm64/lib/net10.0/System.Runtime.Serialization.dll,expression:MIT
EsilvaSoft.KapibaraStudio-0.11.0-win-arm64.zip,EsilvaSoft.KapibaraStudio.Desktop.exe,System.Runtime.dll,44840,6aeef967c1d63840c3c529de76d07342110547902abd70c51e56fcb120740a9a,1,Microsoft.NETCore.App.Runtime.win-arm64/10.0.12:runtimes/win-arm64/lib/net10.0/System.Runtime.dll,expression:MIT
EsilvaSoft.KapibaraStudio-0.11.0-win-arm64.zip,EsilvaSoft.KapibaraStudio.Desktop.exe,System.Security.AccessControl.dll,255784,2b1077ce80a54b78dd77f09a2f400b75c1a550b3ead17e7355ef3dbdcab27043,1,Microsoft.NETCore.App.Runtime.win-arm64/10.0.12:runtimes/win-arm64/lib/net10.0/System.Security.AccessControl.dll,expression:MIT
EsilvaSoft.KapibaraStudio-0.11.0-win-arm64.zip,EsilvaSoft.KapibaraStudio.Desktop.exe,System.Security.Claims.dll,112424,23a08e036b182acc318a2758a6adf05b97bd798436285a967d6b875db7758bef,1,Microsoft.NETCore.App.Runtime.win-arm64/10.0.12:runtimes/win-arm64/lib/net10.0/System.Security.Claims.dll,expression:MIT
EsilvaSoft.KapibaraStudio-0.11.0-win-arm64.zip,EsilvaSoft.KapibaraStudio.Desktop.exe,System.Security.Cryptography.Algorithms.dll,17232,69f7324458b66c3ddb8078efaddf2307a06c1939a8a0215125d5ee33f2108361,1,Microsoft.NETCore.App.Runtime.win-arm64/10.0.12:runtimes/win-arm64/lib/net10.0/System.Security.Cryptography.Algorithms.dll,expression:MIT
EsilvaSoft.KapibaraStudio-0.11.0-win-arm64.zip,EsilvaSoft.KapibaraStudio.Desktop.exe,System.Security.Cryptography.Cng.dll,16168,d0796e15069e4d4b6f2afba3d8f4254892e4ea0d61e62307e2653292c8d0c3d3,1,Microsoft.NETCore.App.Runtime.win-arm64/10.0.12:runtimes/win-arm64/lib/net10.0/System.Security.Cryptography.Cng.dll,expression:MIT
EsilvaSoft.KapibaraStudio-0.11.0-win-arm64.zip,EsilvaSoft.KapibaraStudio.Desktop.exe,System.Security.Cryptography.Csp.dll,16168,e00138ea078c1ca3d3f673bb57b95c88e6fc9020837681bf0d1acf841771db42,1,Microsoft.NETCore.App.Runtime.win-arm64/10.0.12:runtimes/win-arm64/lib/net10.0/System.Security.Cryptography.Csp.dll,expression:MIT
EsilvaSoft.KapibaraStudio-0.11.0-win-arm64.zip,EsilvaSoft.KapibaraStudio.Desktop.exe,System.Security.Cryptography.Encoding.dll,15656,62863446ece74f10f6b75ceba9c1eb10db57e2e5b344285ed69deb0ea1c6b6e8,1,Microsoft.NETCore.App.Runtime.win-arm64/10.0.12:runtimes/win-arm64/lib/net10.0/System.Security.Cryptography.Encoding.dll,expression:MIT
EsilvaSoft.KapibaraStudio-0.11.0-win-arm64.zip,EsilvaSoft.KapibaraStudio.Desktop.exe,System.Security.Cryptography.OpenSsl.dll,15656,fc4aeb69204b854a0a71be7686bb6e42d048e427f389392a0a564cf1d034dafd,1,Microsoft.NETCore.App.Runtime.win-arm64/10.0.12:runtimes/win-arm64/lib/net10.0/System.Security.Cryptography.OpenSsl.dll,expression:MIT
EsilvaSoft.KapibaraStudio-0.11.0-win-arm64.zip,EsilvaSoft.KapibaraStudio.Desktop.exe,System.Security.Cryptography.Primitives.dll,15696,2cada98ca82ccbd53b55db1356734d5802e1e0e483c46f69cbeaaacd725033f3,1,Microsoft.NETCore.App.Runtime.win-arm64/10.0.12:runtimes/win-arm64/lib/net10.0/System.Security.Cryptography.Primitives.dll,expression:MIT
EsilvaSoft.KapibaraStudio-0.11.0-win-arm64.zip,EsilvaSoft.KapibaraStudio.Desktop.exe,System.Security.Cryptography.X509Certificates.dll,16680,b3e9ccc799f26d6d2226d9a2b52b78c6b4a7f551eaf3fda99017d104df02b4e3,1,Microsoft.NETCore.App.Runtime.win-arm64/10.0.12:runtimes/win-arm64/lib/net10.0/System.Security.Cryptography.X509Certificates.dll,expression:MIT
EsilvaSoft.KapibaraStudio-0.11.0-win-arm64.zip,EsilvaSoft.KapibaraStudio.Desktop.exe,System.Security.Cryptography.dll,2934608,efdc24ffb44be9e1025b4d84b376449eb8cc7373392f830c48c0ff430afb706c,1,Microsoft.NETCore.App.Runtime.win-arm64/10.0.12:runtimes/win-arm64/lib/net10.0/System.Security.Cryptography.dll,expression:MIT
EsilvaSoft.KapibaraStudio-0.11.0-win-arm64.zip,EsilvaSoft.KapibaraStudio.Desktop.exe,System.Security.Principal.Windows.dll,206632,b58f60738c3c5ccd56d364d8c9f258e358c039ebbbf522129d56d7837b67b4c4,1,Microsoft.NETCore.App.Runtime.win-arm64/10.0.12:runtimes/win-arm64/lib/net10.0/System.Security.Principal.Windows.dll,expression:MIT
EsilvaSoft.KapibaraStudio-0.11.0-win-arm64.zip,EsilvaSoft.KapibaraStudio.Desktop.exe,System.Security.Principal.dll,15184,a5bde69b42cc2acda88c500738f71f8beb7cdd3feece91aca6627bb0649c4a6e,1,Microsoft.NETCore.App.Runtime.win-arm64/10.0.12:runtimes/win-arm64/lib/net10.0/System.Security.Principal.dll,expression:MIT
EsilvaSoft.KapibaraStudio-0.11.0-win-arm64.zip,EsilvaSoft.KapibaraStudio.Desktop.exe,System.Security.SecureString.dll,15696,70999f8efb37b1fb754efbd60ddea4b6b90791146fe0cbb4ae1e3eef8e4b04ac,1,Microsoft.NETCore.App.Runtime.win-arm64/10.0.12:runtimes/win-arm64/lib/net10.0/System.Security.SecureString.dll,expression:MIT
EsilvaSoft.KapibaraStudio-0.11.0-win-arm64.zip,EsilvaSoft.KapibaraStudio.Desktop.exe,System.Security.dll,18216,0872f2c71e4e03e269c1e1e6d8d80199434c67e96d188c3e8d7cfee107d06115,1,Microsoft.NETCore.App.Runtime.win-arm64/10.0.12:runtimes/win-arm64/lib/net10.0/System.Security.dll,expression:MIT
EsilvaSoft.KapibaraStudio-0.11.0-win-arm64.zip,EsilvaSoft.KapibaraStudio.Desktop.exe,System.ServiceModel.Web.dll,16720,f38307b7cec43c03abbc6496d7c5731b416ab7712ecb02e14ebb5e1641472c15,1,Microsoft.NETCore.App.Runtime.win-arm64/10.0.12:runtimes/win-arm64/lib/net10.0/System.ServiceModel.Web.dll,expression:MIT
EsilvaSoft.KapibaraStudio-0.11.0-win-arm64.zip,EsilvaSoft.KapibaraStudio.Desktop.exe,System.ServiceProcess.dll,15656,f193b437b4cf9d82f5fcd4d584f87a6e3d5e6e5e7721c38fe751538413d1b5e6,1,Microsoft.NETCore.App.Runtime.win-arm64/10.0.12:runtimes/win-arm64/lib/net10.0/System.ServiceProcess.dll,expression:MIT
EsilvaSoft.KapibaraStudio-0.11.0-win-arm64.zip,EsilvaSoft.KapibaraStudio.Desktop.exe,System.Text.Encoding.CodePages.dll,882472,49124438a2f75734dc43ad9f11150bb338d0be2710843dc409a80f7e6662da96,1,Microsoft.NETCore.App.Runtime.win-arm64/10.0.12:runtimes/win-arm64/lib/net10.0/System.Text.Encoding.CodePages.dll,expression:MIT
EsilvaSoft.KapibaraStudio-0.11.0-win-arm64.zip,EsilvaSoft.KapibaraStudio.Desktop.exe,System.Text.Encoding.Extensions.dll,15696,49d29b9022171ba3534328f670c4fb3ef63b1839aeb5e8b2cc64c2ea9cea7cc0,1,Microsoft.NETCore.App.Runtime.win-arm64/10.0.12:runtimes/win-arm64/lib/net10.0/System.Text.Encoding.Extensions.dll,expression:MIT
EsilvaSoft.KapibaraStudio-0.11.0-win-arm64.zip,EsilvaSoft.KapibaraStudio.Desktop.exe,System.Text.Encoding.dll,15656,1ef3c791b279f36ab7b0c40e122d0b2e46db74dd2bf0645f1489adbe0af3c17d,1,Microsoft.NETCore.App.Runtime.win-arm64/10.0.12:runtimes/win-arm64/lib/net10.0/System.Text.Encoding.dll,expression:MIT
EsilvaSoft.KapibaraStudio-0.11.0-win-arm64.zip,EsilvaSoft.KapibaraStudio.Desktop.exe,System.Text.Encodings.Web.dll,132904,1ce432409a3f528983c398d57b5937b4cfb6380a1d4533baa717087f9d21c1f6,1,Microsoft.NETCore.App.Runtime.win-arm64/10.0.12:runtimes/win-arm64/lib/net10.0/System.Text.Encodings.Web.dll,expression:MIT
EsilvaSoft.KapibaraStudio-0.11.0-win-arm64.zip,EsilvaSoft.KapibaraStudio.Desktop.exe,System.Text.Json.dll,2111272,af97be625fc862317632afc6416b023f8a54d767925379fbf6a3bfa6e87c843c,1,Microsoft.NETCore.App.Runtime.win-arm64/10.0.12:runtimes/win-arm64/lib/net10.0/System.Text.Json.dll,expression:MIT
EsilvaSoft.KapibaraStudio-0.11.0-win-arm64.zip,EsilvaSoft.KapibaraStudio.Desktop.exe,System.Text.RegularExpressions.dll,1169192,f1627c320782f305156a4988021a006fc27cb200c35cc4b6b90dd0f36e0a4d8d,1,Microsoft.NETCore.App.Runtime.win-arm64/10.0.12:runtimes/win-arm64/lib/net10.0/System.Text.RegularExpressions.dll,expression:MIT
EsilvaSoft.KapibaraStudio-0.11.0-win-arm64.zip,EsilvaSoft.KapibaraStudio.Desktop.exe,System.Threading.AccessControl.dll,83752,c1b654f0217cf94615c71bca2fe2cff180c0b11b2983e798b7033ac50c506bab,1,Microsoft.NETCore.App.Runtime.win-arm64/10.0.12:runtimes/win-arm64/lib/net10.0/System.Threading.AccessControl.dll,expression:MIT
EsilvaSoft.KapibaraStudio-0.11.0-win-arm64.zip,EsilvaSoft.KapibaraStudio.Desktop.exe,System.Threading.Channels.dll,177960,1198c0cd962848d5296bf9534b4781601b2553922d0a6639aeeafd3029769ea4,1,Microsoft.NETCore.App.Runtime.win-arm64/10.0.12:runtimes/win-arm64/lib/net10.0/System.Threading.Channels.dll,expression:MIT
EsilvaSoft.KapibaraStudio-0.11.0-win-arm64.zip,EsilvaSoft.KapibaraStudio.Desktop.exe,System.Threading.Overlapped.dll,15696,1b0b5ca4a2d579ab1595a23c30ba9553ba74c333d7802120b1bc9b8473db8cfa,1,Microsoft.NETCore.App.Runtime.win-arm64/10.0.12:runtimes/win-arm64/lib/net10.0/System.Threading.Overlapped.dll,expression:MIT
EsilvaSoft.KapibaraStudio-0.11.0-win-arm64.zip,EsilvaSoft.KapibaraStudio.Desktop.exe,System.Threading.Tasks.Dataflow.dll,542504,0e0271992178dccb002c910649553bfc69e812cbe9e1cb4a373b1cb1aacb0e70,1,Microsoft.NETCore.App.Runtime.win-arm64/10.0.12:runtimes/win-arm64/lib/net10.0/System.Threading.Tasks.Dataflow.dll,expression:MIT
EsilvaSoft.KapibaraStudio-0.11.0-win-arm64.zip,EsilvaSoft.KapibaraStudio.Desktop.exe,System.Threading.Tasks.Extensions.dll,15656,295777c7c5a453aec7d394426491cd758194b06f8cc1032d7d04ffc506a03eb3,1,Microsoft.NETCore.App.Runtime.win-arm64/10.0.12:runtimes/win-arm64/lib/net10.0/System.Threading.Tasks.Extensions.dll,expression:MIT
EsilvaSoft.KapibaraStudio-0.11.0-win-arm64.zip,EsilvaSoft.KapibaraStudio.Desktop.exe,System.Threading.Tasks.Parallel.dll,145232,c0cd18d8ceaec58c069135ac2b43f96f1abc2120f56cd4f5a8cd51c1b6fc0313,1,Microsoft.NETCore.App.Runtime.win-arm64/10.0.12:runtimes/win-arm64/lib/net10.0/System.Threading.Tasks.Parallel.dll,expression:MIT
EsilvaSoft.KapibaraStudio-0.11.0-win-arm64.zip,EsilvaSoft.KapibaraStudio.Desktop.exe,System.Threading.Tasks.dll,16680,6f9a331bcfad3a77f5775f2989364d3000e9e6c4778519cc1db981e25fbe226a,1,Microsoft.NETCore.App.Runtime.win-arm64/10.0.12:runtimes/win-arm64/lib/net10.0/System.Threading.Tasks.dll,expression:MIT
EsilvaSoft.KapibaraStudio-0.11.0-win-arm64.zip,EsilvaSoft.KapibaraStudio.Desktop.exe,System.Threading.Thread.dll,15656,17bd4210193b3531f444e7c58d60285ab2d7a9367ae8d67ec90826d20b7a8b49,1,Microsoft.NETCore.App.Runtime.win-arm64/10.0.12:runtimes/win-arm64/lib/net10.0/System.Threading.Thread.dll,expression:MIT
EsilvaSoft.KapibaraStudio-0.11.0-win-arm64.zip,EsilvaSoft.KapibaraStudio.Desktop.exe,System.Threading.ThreadPool.dll,15656,34c78cf881fce966c35d3a1f3fa5d150f78c85c2682941b413c920abc366d1fd,1,Microsoft.NETCore.App.Runtime.win-arm64/10.0.12:runtimes/win-arm64/lib/net10.0/System.Threading.ThreadPool.dll,expression:MIT
EsilvaSoft.KapibaraStudio-0.11.0-win-arm64.zip,EsilvaSoft.KapibaraStudio.Desktop.exe,System.Threading.Timer.dll,15184,935cbb1a7c3e59b89463d536c2c080e3e8096450b84f471ceb4aaa96154b47b2,1,Microsoft.NETCore.App.Runtime.win-arm64/10.0.12:runtimes/win-arm64/lib/net10.0/System.Threading.Timer.dll,expression:MIT
EsilvaSoft.KapibaraStudio-0.11.0-win-arm64.zip,EsilvaSoft.KapibaraStudio.Desktop.exe,System.Threading.dll,87848,ed6d984669c46929a29d55a5ba0a3676e3f7da5c719fe8b0072c5e5fecbbe78c,1,Microsoft.NETCore.App.Runtime.win-arm64/10.0.12:runtimes/win-arm64/lib/net10.0/System.Threading.dll,expression:MIT
EsilvaSoft.KapibaraStudio-0.11.0-win-arm64.zip,EsilvaSoft.KapibaraStudio.Desktop.exe,System.Transactions.Local.dll,722768,3510b2cb35544b48678ee46f52f92f040ff9213ca7c91f2f295caccca8923ef0,1,Microsoft.NETCore.App.Runtime.win-arm64/10.0.12:runtimes/win-arm64/lib/net10.0/System.Transactions.Local.dll,expression:MIT
EsilvaSoft.KapibaraStudio-0.11.0-win-arm64.zip,EsilvaSoft.KapibaraStudio.Desktop.exe,System.Transactions.dll,16680,8e24254e381d82c6860e6eeb46ec3e5b299b8c59fc21ff99b1ceb3dd965f069e,1,Microsoft.NETCore.App.Runtime.win-arm64/10.0.12:runtimes/win-arm64/lib/net10.0/System.Transactions.dll,expression:MIT
EsilvaSoft.KapibaraStudio-0.11.0-win-arm64.zip,EsilvaSoft.KapibaraStudio.Desktop.exe,System.ValueTuple.dll,15656,136f4a10b4bf33d5e0cd43155f9d22c834c7853a06cd65649ee2dfb0ac2765ae,1,Microsoft.NETCore.App.Runtime.win-arm64/10.0.12:runtimes/win-arm64/lib/net10.0/System.ValueTuple.dll,expression:MIT
EsilvaSoft.KapibaraStudio-0.11.0-win-arm64.zip,EsilvaSoft.KapibaraStudio.Desktop.exe,System.Web.HttpUtility.dll,67408,6b68bfc9d37392dc93815ba7090f89621cc14d1e64eb8fc6811d225b683816ba,1,Microsoft.NETCore.App.Runtime.win-arm64/10.0.12:runtimes/win-arm64/lib/net10.0/System.Web.HttpUtility.dll,expression:MIT
EsilvaSoft.KapibaraStudio-0.11.0-win-arm64.zip,EsilvaSoft.KapibaraStudio.Desktop.exe,System.Web.dll,15184,31bd3e6d4cc01d95331c2bd61e3d58bd67c8f7b43bad192b79fb701f124c57e0,1,Microsoft.NETCore.App.Runtime.win-arm64/10.0.12:runtimes/win-arm64/lib/net10.0/System.Web.dll,expression:MIT
EsilvaSoft.KapibaraStudio-0.11.0-win-arm64.zip,EsilvaSoft.KapibaraStudio.Desktop.exe,System.Windows.dll,15656,c0badc56d424b8c116940e99ea9f79b2fb00bf0a76d52ffd1ab20095ffa35644,1,Microsoft.NETCore.App.Runtime.win-arm64/10.0.12:runtimes/win-arm64/lib/net10.0/System.Windows.dll,expression:MIT
EsilvaSoft.KapibaraStudio-0.11.0-win-arm64.zip,EsilvaSoft.KapibaraStudio.Desktop.exe,System.Xml.Linq.dll,15656,38bd139b1358224ae2db0658231e4999a88f1cec69970e7412826dfe27404605,1,Microsoft.NETCore.App.Runtime.win-arm64/10.0.12:runtimes/win-arm64/lib/net10.0/System.Xml.Linq.dll,expression:MIT
EsilvaSoft.KapibaraStudio-0.11.0-win-arm64.zip,EsilvaSoft.KapibaraStudio.Desktop.exe,System.Xml.ReaderWriter.dll,21840,dbd07ad3901c30510ac214ba9556c3974c50bd945235a309dfdf9f260607521e,1,Microsoft.NETCore.App.Runtime.win-arm64/10.0.12:runtimes/win-arm64/lib/net10.0/System.Xml.ReaderWriter.dll,expression:MIT
EsilvaSoft.KapibaraStudio-0.11.0-win-arm64.zip,EsilvaSoft.KapibaraStudio.Desktop.exe,System.Xml.Serialization.dll,16168,46e3512f146045767f8e6b62d864e7d3f9e3de9035e1dfc7f7b30bcb149167cc,1,Microsoft.NETCore.App.Runtime.win-arm64/10.0.12:runtimes/win-arm64/lib/net10.0/System.Xml.Serialization.dll,expression:MIT
EsilvaSoft.KapibaraStudio-0.11.0-win-arm64.zip,EsilvaSoft.KapibaraStudio.Desktop.exe,System.Xml.XDocument.dll,15656,44fa45121d2e9961a22ce9c12157bbe78227345f30fb3b7b2a4444c57328c052,1,Microsoft.NETCore.App.Runtime.win-arm64/10.0.12:runtimes/win-arm64/lib/net10.0/System.Xml.XDocument.dll,expression:MIT
EsilvaSoft.KapibaraStudio-0.11.0-win-arm64.zip,EsilvaSoft.KapibaraStudio.Desktop.exe,System.Xml.XPath.XDocument.dll,30504,cbb62a6c52498953a63dbe584e1ab54213c7b274cbf7dc16bcd0c549b2670671,1,Microsoft.NETCore.App.Runtime.win-arm64/10.0.12:runtimes/win-arm64/lib/net10.0/System.Xml.XPath.XDocument.dll,expression:MIT
EsilvaSoft.KapibaraStudio-0.11.0-win-arm64.zip,EsilvaSoft.KapibaraStudio.Desktop.exe,System.Xml.XPath.dll,15656,ba92e04ec160e519afcf69066034f68caee85a81216a9e989100c4b245c6c227,1,Microsoft.NETCore.App.Runtime.win-arm64/10.0.12:runtimes/win-arm64/lib/net10.0/System.Xml.XPath.dll,expression:MIT
EsilvaSoft.KapibaraStudio-0.11.0-win-arm64.zip,EsilvaSoft.KapibaraStudio.Desktop.exe,System.Xml.XmlDocument.dll,15696,7c3abbe0154b1849b0f4c2eff3072d8754eb3303965cbe2dfd71d6b2d524eb03,1,Microsoft.NETCore.App.Runtime.win-arm64/10.0.12:runtimes/win-arm64/lib/net10.0/System.Xml.XmlDocument.dll,expression:MIT
EsilvaSoft.KapibaraStudio-0.11.0-win-arm64.zip,EsilvaSoft.KapibaraStudio.Desktop.exe,System.Xml.XmlSerializer.dll,17704,bfd78df6817355eac024a24e6939fb886884656d60f100905cf2b589735d5da5,1,Microsoft.NETCore.App.Runtime.win-arm64/10.0.12:runtimes/win-arm64/lib/net10.0/System.Xml.XmlSerializer.dll,expression:MIT
EsilvaSoft.KapibaraStudio-0.11.0-win-arm64.zip,EsilvaSoft.KapibaraStudio.Desktop.exe,System.Xml.dll,23376,feb1bbca8e9698795b2ac152ec5166933ad2d91b04762bc730afc953a054f571,1,Microsoft.NETCore.App.Runtime.win-arm64/10.0.12:runtimes/win-arm64/lib/net10.0/System.Xml.dll,expression:MIT
EsilvaSoft.KapibaraStudio-0.11.0-win-arm64.zip,EsilvaSoft.KapibaraStudio.Desktop.exe,System.dll,50472,1c0620d5b2d46de23dc8a3c70a728547402351cbc570d4f5e1cdd186cfdf8f64,1,Microsoft.NETCore.App.Runtime.win-arm64/10.0.12:runtimes/win-arm64/lib/net10.0/System.dll,expression:MIT
EsilvaSoft.KapibaraStudio-0.11.0-win-arm64.zip,EsilvaSoft.KapibaraStudio.Desktop.exe,WindowsBase.dll,16168,611c605257246c96be529253119bd11884a6835962d5c49cf5443f22d22149d5,1,Microsoft.NETCore.App.Runtime.win-arm64/10.0.12:runtimes/win-arm64/lib/net10.0/WindowsBase.dll,expression:MIT
EsilvaSoft.KapibaraStudio-0.11.0-win-arm64.zip,EsilvaSoft.KapibaraStudio.Desktop.exe,mscorlib.dll,59728,876dad2421c99704036b8c1efb5ae6a08336183444d9f1672b935bed913e05d0,1,Microsoft.NETCore.App.Runtime.win-arm64/10.0.12:runtimes/win-arm64/lib/net10.0/mscorlib.dll,expression:MIT
EsilvaSoft.KapibaraStudio-0.11.0-win-arm64.zip,EsilvaSoft.KapibaraStudio.Desktop.exe,netstandard.dll,100648,613627679de841e35df06cfa642b494bdcaeabcb12111917d64588bbcc46b346,1,Microsoft.NETCore.App.Runtime.win-arm64/10.0.12:runtimes/win-arm64/lib/net10.0/netstandard.dll,expression:MIT
EsilvaSoft.KapibaraStudio-0.11.0-win-arm64.zip,EsilvaSoft.KapibaraStudio.Desktop.exe,Acornima.dll,365056,a11417b8542b4e55330e751fca44da5cbde1d95e79b1519c2aba59be7a7b941c,1,Acornima/1.7.0:lib/net8.0/Acornima.dll,expression:BSD-3-Clause
EsilvaSoft.KapibaraStudio-0.11.0-win-arm64.zip,EsilvaSoft.KapibaraStudio.Desktop.exe,Anthropic.dll,6387200,156217193c2a4e8e217b86fb7711351bca34916791ed660abce97896daf2fa39,1,Anthropic/12.50.0:lib/net9.0/Anthropic.dll,expression:MIT
EsilvaSoft.KapibaraStudio-0.11.0-win-arm64.zip,EsilvaSoft.KapibaraStudio.Desktop.exe,Avalonia.Base.dll,2355200,39f7c973a20346b2a0c0e758b875749670a610d63863e9a85ffea22d5f320279,1,Avalonia/12.1.2:lib/net10.0/Avalonia.Base.dll,expression:MIT
EsilvaSoft.KapibaraStudio-0.11.0-win-arm64.zip,EsilvaSoft.KapibaraStudio.Desktop.exe,Avalonia.Controls.dll,1347072,909b7abd1e4b389b3372c4d1c0fcae1106f99ed783cc177fa0fa67ed1147ca24,1,Avalonia/12.1.2:lib/net10.0/Avalonia.Controls.dll,expression:MIT
EsilvaSoft.KapibaraStudio-0.11.0-win-arm64.zip,EsilvaSoft.KapibaraStudio.Desktop.exe,Avalonia.DesignerSupport.dll,214528,ee57e6001029f66ff212f4b81024e51f3167abc9461b055f7c829ec617931a2a,1,Avalonia/12.1.2:lib/net10.0/Avalonia.DesignerSupport.dll,expression:MIT
EsilvaSoft.KapibaraStudio-0.11.0-win-arm64.zip,EsilvaSoft.KapibaraStudio.Desktop.exe,Avalonia.Dialogs.dll,242688,70aaeffbb3afcfafee5a5b1e19707e13b7ae5f293c4c157332693690e12e3598,1,Avalonia/12.1.2:lib/net10.0/Avalonia.Dialogs.dll,expression:MIT
EsilvaSoft.KapibaraStudio-0.11.0-win-arm64.zip,EsilvaSoft.KapibaraStudio.Desktop.exe,Avalonia.Markup.Xaml.dll,74752,1228b0a7359ebfa592408de8e20aa3b8a2775d27c36f19c1f7c8f1e9ff1e14a8,1,Avalonia/12.1.2:lib/net10.0/Avalonia.Markup.Xaml.dll,expression:MIT
EsilvaSoft.KapibaraStudio-0.11.0-win-arm64.zip,EsilvaSoft.KapibaraStudio.Desktop.exe,Avalonia.Markup.dll,45568,ce634015611862dd6814355a4880c3c718782a017665445d232834615a6120cb,1,Avalonia/12.1.2:lib/net10.0/Avalonia.Markup.dll,expression:MIT
EsilvaSoft.KapibaraStudio-0.11.0-win-arm64.zip,EsilvaSoft.KapibaraStudio.Desktop.exe,Avalonia.Metal.dll,15360,d9efd4c5293f90239f2930ae688c98b2ef55925fc3de85c4a6b8422175bd78b9,1,Avalonia/12.1.2:lib/net10.0/Avalonia.Metal.dll,expression:MIT
EsilvaSoft.KapibaraStudio-0.11.0-win-arm64.zip,EsilvaSoft.KapibaraStudio.Desktop.exe,Avalonia.MicroCom.dll,15360,63457674ab61566ea94a7a089044bb2be7d0cda1530085578109df953ef37d49,1,Avalonia/12.1.2:lib/net10.0/Avalonia.MicroCom.dll,expression:MIT
EsilvaSoft.KapibaraStudio-0.11.0-win-arm64.zip,EsilvaSoft.KapibaraStudio.Desktop.exe,Avalonia.OpenGL.dll,128512,365fc038f938088c913db7d067160f985a31f116961dbc527a38703c570119d3,1,Avalonia/12.1.2:lib/net10.0/Avalonia.OpenGL.dll,expression:MIT
EsilvaSoft.KapibaraStudio-0.11.0-win-arm64.zip,EsilvaSoft.KapibaraStudio.Desktop.exe,Avalonia.Vulkan.dll,191488,ba98aeb0319a60c1de28b927c46fd94c75a6adc676dd160faae5bce14080e38d,1,Avalonia/12.1.2:lib/net10.0/Avalonia.Vulkan.dll,expression:MIT
EsilvaSoft.KapibaraStudio-0.11.0-win-arm64.zip,EsilvaSoft.KapibaraStudio.Desktop.exe,Avalonia.dll,4096,ac289895e7fa553ea6be420f9154c452bec6aebf64d0b344aa37827bd29d2fdb,1,Avalonia/12.1.2:lib/net10.0/Avalonia.dll,expression:MIT
EsilvaSoft.KapibaraStudio-0.11.0-win-arm64.zip,EsilvaSoft.KapibaraStudio.Desktop.exe,AvaloniaEdit.dll,644096,2ce24e1c535edd851d06651fd0ea8515cf49e994cba264502fa50db89779cead,1,Avalonia.AvaloniaEdit/12.0.0:lib/net10.0/AvaloniaEdit.dll,expression:MIT
EsilvaSoft.KapibaraStudio-0.11.0-win-arm64.zip,EsilvaSoft.KapibaraStudio.Desktop.exe,Avalonia.Desktop.dll,15360,2f3af65d2dace707ea07ad9723b4a4b849622ad9090533d44ac00ef4b0754241,1,Avalonia.Desktop/12.1.2:lib/net10.0/Avalonia.Desktop.dll,expression:MIT
EsilvaSoft.KapibaraStudio-0.11.0-win-arm64.zip,EsilvaSoft.KapibaraStudio.Desktop.exe,Avalonia.Fonts.Inter.dll,1892864,332d53aa406bcecec75f498fb8c0a91eb3ac1dcddd34a0a1fbeba0b5ddf87585,1,Avalonia.Fonts.Inter/12.1.2:lib/net10.0/Avalonia.Fonts.Inter.dll,expression:MIT; OFL-1.1 (fontes Inter incorporadas)
EsilvaSoft.KapibaraStudio-0.11.0-win-arm64.zip,EsilvaSoft.KapibaraStudio.Desktop.exe,Avalonia.FreeDesktop.dll,253952,a0b0918cdeb2d1b34ba86a6f858d2a81180eca919e9b7c05e18f20a02a7ffd5c,1,Avalonia.FreeDesktop/12.1.2:lib/net10.0/Avalonia.FreeDesktop.dll,expression:MIT
EsilvaSoft.KapibaraStudio-0.11.0-win-arm64.zip,EsilvaSoft.KapibaraStudio.Desktop.exe,Avalonia.FreeDesktop.AtSpi.dll,562688,217ee386cbccaece75184e2ac675dc0cfcd2fcf5a7f7bf4e689f401818c945cd,1,Avalonia.FreeDesktop.AtSpi/12.1.2:lib/net10.0/Avalonia.FreeDesktop.AtSpi.dll,expression:MIT
EsilvaSoft.KapibaraStudio-0.11.0-win-arm64.zip,EsilvaSoft.KapibaraStudio.Desktop.exe,Avalonia.HarfBuzz.dll,22016,77bbaad227444b7dbde768677b4dbfba28fec0365b9021d8f5803b23c1323eaa,1,Avalonia.HarfBuzz/12.1.2:lib/net10.0/Avalonia.HarfBuzz.dll,expression:MIT
EsilvaSoft.KapibaraStudio-0.11.0-win-arm64.zip,EsilvaSoft.KapibaraStudio.Desktop.exe,Avalonia.Native.dll,351232,929bd4b42462a0cb9734ff49690dccf4b52a65e86892d23f2b1d60be56a1b913,1,Avalonia.Native/12.1.2:lib/net10.0/Avalonia.Native.dll,expression:MIT
EsilvaSoft.KapibaraStudio-0.11.0-win-arm64.zip,EsilvaSoft.KapibaraStudio.Desktop.exe,Avalonia.Remote.Protocol.dll,75776,080f6f41f70cfd4f98863deeb61d15d229aa7d9333e7a3eb17582efb19ed779c,1,Avalonia.Remote.Protocol/12.1.2:lib/net10.0/Avalonia.Remote.Protocol.dll,expression:MIT
EsilvaSoft.KapibaraStudio-0.11.0-win-arm64.zip,EsilvaSoft.KapibaraStudio.Desktop.exe,Avalonia.Skia.dll,125440,449a83a2d086a1cf255b69bc352136aa3a21b9f742bbb165ab9ba9178d28af78,1,Avalonia.Skia/12.1.2:lib/net10.0/Avalonia.Skia.dll,expression:MIT
EsilvaSoft.KapibaraStudio-0.11.0-win-arm64.zip,EsilvaSoft.KapibaraStudio.Desktop.exe,Avalonia.Themes.Fluent.dll,733184,71ff087f03da9f484f53ef1aea502eb19b015c8a6a1e8a9161b0d344053ed8ef,1,Avalonia.Themes.Fluent/12.1.2:lib/net10.0/Avalonia.Themes.Fluent.dll,expression:MIT
EsilvaSoft.KapibaraStudio-0.11.0-win-arm64.zip,EsilvaSoft.KapibaraStudio.Desktop.exe,Avalonia.Win32.Automation.dll,123904,beba00c11bcfff73dd3228d7219c8d80e6a78aca4cb278a71c1122b1974633ec,1,Avalonia.Win32/12.1.2:lib/net10.0/Avalonia.Win32.Automation.dll,expression:MIT
EsilvaSoft.KapibaraStudio-0.11.0-win-arm64.zip,EsilvaSoft.KapibaraStudio.Desktop.exe,Avalonia.Win32.dll,943104,511a118f48b8d029924f3720e62658df72ee7a99c5b810f37378514ad4ea0427,1,Avalonia.Win32/12.1.2:lib/net10.0/Avalonia.Win32.dll,expression:MIT
EsilvaSoft.KapibaraStudio-0.11.0-win-arm64.zip,EsilvaSoft.KapibaraStudio.Desktop.exe,Avalonia.X11.dll,408064,cfce1f1ba8c47a0e303bd9e37da1908d665910b3818969264a3dd06d7014bfe2,1,Avalonia.X11/12.1.2:lib/net10.0/Avalonia.X11.dll,expression:MIT
EsilvaSoft.KapibaraStudio-0.11.0-win-arm64.zip,EsilvaSoft.KapibaraStudio.Desktop.exe,CommunityToolkit.Mvvm.dll,120616,7d7eb5c066cfe883b439b1200bf5dcb387b1e5319dd2edbdaa9e23adfe416452,1,CommunityToolkit.Mvvm/8.4.0:lib/net8.0/CommunityToolkit.Mvvm.dll,expression:MIT
EsilvaSoft.KapibaraStudio-0.11.0-win-arm64.zip,EsilvaSoft.KapibaraStudio.Desktop.exe,DnsClient.dll,154112,a6aa942bf9f1ce3ecfb52c29f0735c557d542d85d128ffb29b48612cd6298ec9,1,DnsClient/1.6.1:lib/net5.0/DnsClient.dll,expression:Apache-2.0
EsilvaSoft.KapibaraStudio-0.11.0-win-arm64.zip,EsilvaSoft.KapibaraStudio.Desktop.exe,GitHub.Copilot.SDK.dll,13319168,455238580b8c75c1599e1ebd379cd0843b7e4ee8b4ef2c8f53f6ceed6d4f38a8,1,GitHub.Copilot.SDK/1.0.14:lib/net10.0/GitHub.Copilot.SDK.dll,expression:MIT
EsilvaSoft.KapibaraStudio-0.11.0-win-arm64.zip,EsilvaSoft.KapibaraStudio.Desktop.exe,HarfBuzzSharp.dll,122400,55e72ac23263f8e12484f3435e02ec22fac9eff6e6d169bb0a8c246be6b99d29,1,HarfBuzzSharp/8.3.1.3:lib/net8.0/HarfBuzzSharp.dll,expression:MIT
EsilvaSoft.KapibaraStudio-0.11.0-win-arm64.zip,EsilvaSoft.KapibaraStudio.Desktop.exe,Jint.dll,2604544,de32f905fdc603bc982b50452b2e333f9c22aa2464fb8031a0858cc12c2af408,1,Jint/4.16.0:lib/net10.0/Jint.dll,expression:BSD-2-Clause
EsilvaSoft.KapibaraStudio-0.11.0-win-arm64.zip,EsilvaSoft.KapibaraStudio.Desktop.exe,LiteDB.dll,510464,ae31ac6a93549217b9e8b81497d1ee831658ade6df9e1ee20f2838f22de5e218,1,LiteDB/5.0.21:lib/netstandard2.0/LiteDB.dll,expression:MIT
EsilvaSoft.KapibaraStudio-0.11.0-win-arm64.zip,EsilvaSoft.KapibaraStudio.Desktop.exe,MicroCom.Runtime.dll,15360,2538ec6f3c24e901a90e33c37788b9a4e4b6ae8158cab7328a00a00bb28eab9e,1,MicroCom.Runtime/0.11.6:lib/net8.0/MicroCom.Runtime.dll,expression:MIT
EsilvaSoft.KapibaraStudio-0.11.0-win-arm64.zip,EsilvaSoft.KapibaraStudio.Desktop.exe,Microsoft.Data.Sqlite.dll,177464,b98d957462be432895b00dccca012d3c127e118d3d4262418014b92c7bbd66cf,1,Microsoft.Data.Sqlite.Core/10.0.12:lib/net8.0/Microsoft.Data.Sqlite.dll,expression:MIT
EsilvaSoft.KapibaraStudio-0.11.0-win-arm64.zip,EsilvaSoft.KapibaraStudio.Desktop.exe,Microsoft.Extensions.AI.Abstractions.dll,672056,1d9e42c94e8b4e4b4da051123dddd96ae09e99fc1f42eb5437349c96f6269592,1,Microsoft.Extensions.AI.Abstractions/10.5.1:lib/net10.0/Microsoft.Extensions.AI.Abstractions.dll,expression:MIT
EsilvaSoft.KapibaraStudio-0.11.0-win-arm64.zip,EsilvaSoft.KapibaraStudio.Desktop.exe,Microsoft.Extensions.Configuration.Abstractions.dll,28496,a7ae16937ad2931ec036cefde5bc230f6a29e4bcb4a0aca10a29a699a0a51b33,1,Microsoft.Extensions.Configuration.Abstractions/10.0.9:lib/net10.0/Microsoft.Extensions.Configuration.Abstractions.dll,expression:MIT
EsilvaSoft.KapibaraStudio-0.11.0-win-arm64.zip,EsilvaSoft.KapibaraStudio.Desktop.exe,Microsoft.Extensions.DependencyInjection.dll,96008,d646a5cca5e8116ae46b43715297083fa8a38db636eab60e66eeef350d74cd5d,1,Microsoft.Extensions.DependencyInjection/10.0.0:lib/net10.0/Microsoft.Extensions.DependencyInjection.dll,expression:MIT
EsilvaSoft.KapibaraStudio-0.11.0-win-arm64.zip,EsilvaSoft.KapibaraStudio.Desktop.exe,Microsoft.Extensions.DependencyInjection.Abstractions.dll,65832,592c33e4bc20e041d6125b79a4311293540f30332495429241c3d7c7286c8e16,1,Microsoft.Extensions.DependencyInjection.Abstractions/10.0.10:lib/net10.0/Microsoft.Extensions.DependencyInjection.Abstractions.dll,expression:MIT
EsilvaSoft.KapibaraStudio-0.11.0-win-arm64.zip,EsilvaSoft.KapibaraStudio.Desktop.exe,Microsoft.Extensions.Diagnostics.Abstractions.dll,31056,d1c04cf42e58d5fe52a61e8e547c9365795fa4c464aaa91cbc115d3c43da0c63,1,Microsoft.Extensions.Diagnostics.Abstractions/10.0.9:lib/net10.0/Microsoft.Extensions.Diagnostics.Abstractions.dll,expression:MIT
EsilvaSoft.KapibaraStudio-0.11.0-win-arm64.zip,EsilvaSoft.KapibaraStudio.Desktop.exe,Microsoft.Extensions.FileProviders.Abstractions.dll,23376,718ba4fbad76976e6bc2b4f16f2465e6f8216bf973f8d447b218c7847cb64970,1,Microsoft.Extensions.FileProviders.Abstractions/10.0.9:lib/net10.0/Microsoft.Extensions.FileProviders.Abstractions.dll,expression:MIT
EsilvaSoft.KapibaraStudio-0.11.0-win-arm64.zip,EsilvaSoft.KapibaraStudio.Desktop.exe,Microsoft.Extensions.Hosting.Abstractions.dll,54096,7055b34edd36e3554da3ae33af57a374304cc615786bceca8f4c167e233c036f,1,Microsoft.Extensions.Hosting.Abstractions/10.0.9:lib/net10.0/Microsoft.Extensions.Hosting.Abstractions.dll,expression:MIT
EsilvaSoft.KapibaraStudio-0.11.0-win-arm64.zip,EsilvaSoft.KapibaraStudio.Desktop.exe,Microsoft.Extensions.Logging.Abstractions.dll,66896,46826fd3b68bd23028b274ff73ecc161088b53e41b4a7436e759de4d78143a43,1,Microsoft.Extensions.Logging.Abstractions/10.0.10:lib/net10.0/Microsoft.Extensions.Logging.Abstractions.dll,expression:MIT
EsilvaSoft.KapibaraStudio-0.11.0-win-arm64.zip,EsilvaSoft.KapibaraStudio.Desktop.exe,Microsoft.Extensions.Options.dll,65360,a5a6cd30705512cc512a12d4086c07b7a76243174299aaef6b0dee61832fb0d3,1,Microsoft.Extensions.Options/10.0.9:lib/net10.0/Microsoft.Extensions.Options.dll,expression:MIT
EsilvaSoft.KapibaraStudio-0.11.0-win-arm64.zip,EsilvaSoft.KapibaraStudio.Desktop.exe,Microsoft.Extensions.Primitives.dll,44880,d85aa4a5e5acabb4a96798e2d280153ceb073ba924d0c5d6b5d63fa3f7bfceb8,1,Microsoft.Extensions.Primitives/10.0.9:lib/net10.0/Microsoft.Extensions.Primitives.dll,expression:MIT
EsilvaSoft.KapibaraStudio-0.11.0-win-arm64.zip,EsilvaSoft.KapibaraStudio.Desktop.exe,Microsoft.ML.OnnxRuntime.dll,240440,de45bad2d06c8530f7563329ab4f4b606e61ac5fcfbba4c75fb64a067e8bb7e3,1,Microsoft.ML.OnnxRuntime.Managed/1.28.0:lib/net8.0/Microsoft.ML.OnnxRuntime.dll,file:LICENSE.txt
EsilvaSoft.KapibaraStudio-0.11.0-win-arm64.zip,EsilvaSoft.KapibaraStudio.Desktop.exe,Microsoft.ML.OnnxRuntimeGenAI.dll,54584,18e8ceeff44a2527d844a98505ade1b555d82b215a99d4ee7af531649556695b,1,Microsoft.ML.OnnxRuntimeGenAI.Managed/0.15.2:lib/net8.0/Microsoft.ML.OnnxRuntimeGenAI.dll,file:LICENSE
EsilvaSoft.KapibaraStudio-0.11.0-win-arm64.zip,EsilvaSoft.KapibaraStudio.Desktop.exe,MongoDB.Bson.dll,569856,400c3f10b6a049f8556ea134c1837f9ce1a1d0201102f9ce250717c6519a1445,1,MongoDB.Bson/3.11.1:lib/net6.0/MongoDB.Bson.dll,expression:Apache-2.0
EsilvaSoft.KapibaraStudio-0.11.0-win-arm64.zip,EsilvaSoft.KapibaraStudio.Desktop.exe,MongoDB.Driver.dll,2755584,0d9c57fb6cf3664a57fb1303eb45997f5ea7e1c28d88df2a4a853ece7247b0ea,1,MongoDB.Driver/3.11.1:lib/net6.0/MongoDB.Driver.dll,expression:Apache-2.0
EsilvaSoft.KapibaraStudio-0.11.0-win-arm64.zip,EsilvaSoft.KapibaraStudio.Desktop.exe,OpenAI.dll,5345232,b2975e294082b8613f70a9f77e773faa740e175ec2f9e9de3047cf8b934350be,1,OpenAI/2.14.0:lib/net10.0/OpenAI.dll,expression:MIT
EsilvaSoft.KapibaraStudio-0.11.0-win-arm64.zip,EsilvaSoft.KapibaraStudio.Desktop.exe,SharpCompress.dll,2281472,db4d49f11b30f2ababc6ed98551de818d8b6f15da88fada8bccd360ea3e12d73,1,SharpCompress/0.48.1:lib/net10.0/SharpCompress.dll,expression:MIT
EsilvaSoft.KapibaraStudio-0.11.0-win-arm64.zip,EsilvaSoft.KapibaraStudio.Desktop.exe,SkiaSharp.dll,489824,aaaaa18c68ba1f3a3408b00dff28b11d5705198e17ba9d3aa59222bfd35407c8,1,SkiaSharp/3.119.4:lib/net10.0/SkiaSharp.dll,expression:MIT
EsilvaSoft.KapibaraStudio-0.11.0-win-arm64.zip,EsilvaSoft.KapibaraStudio.Desktop.exe,Snappier.dll,48640,cfccfe3683587e56a8ae91b69a3a036d1cf45291334bf6760de857ebf2db0b35,1,Snappier/1.3.1:lib/net8.0/Snappier.dll,expression:BSD-3-Clause
EsilvaSoft.KapibaraStudio-0.11.0-win-arm64.zip,EsilvaSoft.KapibaraStudio.Desktop.exe,SQLitePCLRaw.batteries_v2.dll,5120,815ce410c9eab531dd219318e3ba16c5e38e83d361cfbbdbb4bbca222c497b0b,1,SQLitePCLRaw.bundle_e_sqlite3/2.1.12:lib/netstandard2.0/SQLitePCLRaw.batteries_v2.dll,expression:Apache-2.0
EsilvaSoft.KapibaraStudio-0.11.0-win-arm64.zip,EsilvaSoft.KapibaraStudio.Desktop.exe,SQLitePCLRaw.core.dll,51200,af340ac9eb9195795660d7fc1114f486b6ab63998f33176e2f24c8e0acb9aa84,1,SQLitePCLRaw.core/2.1.12:lib/netstandard2.0/SQLitePCLRaw.core.dll,expression:Apache-2.0
EsilvaSoft.KapibaraStudio-0.11.0-win-arm64.zip,EsilvaSoft.KapibaraStudio.Desktop.exe,SQLitePCLRaw.provider.e_sqlite3.dll,36864,df996bcae63c2cabcfe8d4b9c5110eb39a2a4706178b07d875665391c6eb3995,1,SQLitePCLRaw.provider.e_sqlite3/2.1.12:lib/net6.0/SQLitePCLRaw.provider.e_sqlite3.dll,expression:Apache-2.0
EsilvaSoft.KapibaraStudio-0.11.0-win-arm64.zip,EsilvaSoft.KapibaraStudio.Desktop.exe,System.ClientModel.dll,310080,3ac50655d4da4ec391bde666a4a3a8622be723f1db700319f5ee2751f550d1e4,1,System.ClientModel/1.15.0:lib/net10.0/System.ClientModel.dll,expression:MIT
EsilvaSoft.KapibaraStudio-0.11.0-win-arm64.zip,EsilvaSoft.KapibaraStudio.Desktop.exe,System.Memory.Data.dll,33104,5864e9b77732b6210689e529e5bdaec8016f96c2e26f81f9800eaa23156907b6,1,System.Memory.Data/10.0.9:lib/net10.0/System.Memory.Data.dll,expression:MIT
EsilvaSoft.KapibaraStudio-0.11.0-win-arm64.zip,EsilvaSoft.KapibaraStudio.Desktop.exe,System.Numerics.Tensors.dll,410936,9d96dc759fdb54cbc3c26ee65cfd78ff32e3745f418119cc0811e63d3f29ecb9,1,System.Numerics.Tensors/9.0.0:lib/net9.0/System.Numerics.Tensors.dll,expression:MIT
EsilvaSoft.KapibaraStudio-0.11.0-win-arm64.zip,EsilvaSoft.KapibaraStudio.Desktop.exe,Tmds.DBus.Protocol.dll,232960,60a1c5255731d8ac843cab53108be8ba1ed02759ce3db0da5b49939ebe97bd8a,1,Tmds.DBus.Protocol/0.94.1:lib/net9.0/Tmds.DBus.Protocol.dll,expression:MIT
EsilvaSoft.KapibaraStudio-0.11.0-win-arm64.zip,EsilvaSoft.KapibaraStudio.Desktop.exe,ZstdSharp.dll,406016,74ec06c679720089efde2d2758d13812c9c28a97871284f638dafa238d1af6be,1,ZstdSharp.Port/0.7.3:lib/net7.0/ZstdSharp.dll,expression:MIT
EsilvaSoft.KapibaraStudio-0.11.0-win-arm64.zip,EsilvaSoft.KapibaraStudio.Desktop.exe,zh-Hans/AvaloniaEdit.resources.dll,5632,c79545c15e4d05adf5251758fc50d46c16290c6baa56de09b46b80831886b3dc,1,Avalonia.AvaloniaEdit/12.0.0:lib/net10.0/zh-Hans/AvaloniaEdit.resources.dll,expression:MIT
EsilvaSoft.KapibaraStudio-0.11.0-win-arm64.zip,EsilvaSoft.KapibaraStudio.Desktop.exe,av_libglesv2.dll,5145776,85e3b1103246320a4243d327d678e749a2831675ff24793ce0c0f6697150a6e7,2,Avalonia.Angle.Windows.Natives/2.1.27548.20260419:runtimes/win-arm64/native/av_libglesv2.dll,file:LICENSE
EsilvaSoft.KapibaraStudio-0.11.0-win-arm64.zip,EsilvaSoft.KapibaraStudio.Desktop.exe,libHarfBuzzSharp.dll,1924640,be8e25fcfaf44eb89a9bd62a0595eee006d832069c636a384b7b6b70e3c398ab,2,HarfBuzzSharp.NativeAssets.Win32/8.3.1.3:runtimes/win-arm64/native/libHarfBuzzSharp.dll,expression:MIT
EsilvaSoft.KapibaraStudio-0.11.0-win-arm64.zip,EsilvaSoft.KapibaraStudio.Desktop.exe,onnxruntime-genai-cuda.dll,2488672,3acf729efb6c70e0940b73e180f9b729ccde18904ecbbfeb819ffa3abf05fc36,2,Microsoft.ML.OnnxRuntimeGenAI.WinML/0.15.2:runtimes/win-arm64/native/onnxruntime-genai-cuda.dll,file:LICENSE
EsilvaSoft.KapibaraStudio-0.11.0-win-arm64.zip,EsilvaSoft.KapibaraStudio.Desktop.exe,onnxruntime-genai.dll,7418680,e1e25238318f6b7ae956f70d7004e2c914aceea50c5a1a09b421de2d0af0ebc7,2,Microsoft.ML.OnnxRuntimeGenAI.WinML/0.15.2:runtimes/win-arm64/native/onnxruntime-genai.dll,file:LICENSE
EsilvaSoft.KapibaraStudio-0.11.0-win-arm64.zip,EsilvaSoft.KapibaraStudio.Desktop.exe,DirectML.dll,18627096,3cca9629bfcff9e30daf7836a2af08046066adfa14f23350eba8f9a63f283b84,2,Microsoft.Windows.AI.MachineLearning/2.1.1:runtimes/win-arm64/native/DirectML.dll,file:license.txt
EsilvaSoft.KapibaraStudio-0.11.0-win-arm64.zip,EsilvaSoft.KapibaraStudio.Desktop.exe,Microsoft.Windows.AI.MachineLearning.dll,1014824,678ce0ae18b8da1ab20fe0450334957e3552923d0cd2011062bcff4f6d731195,2,Microsoft.Windows.AI.MachineLearning/2.1.1:runtimes/win-arm64/native/Microsoft.Windows.AI.MachineLearning.dll,file:license.txt
EsilvaSoft.KapibaraStudio-0.11.0-win-arm64.zip,EsilvaSoft.KapibaraStudio.Desktop.exe,onnxruntime.dll,21864896,1fd976b01f27ea6513a6655ade66f11f8bc93a4c04ce0cd79d1e2175775a01f4,2,Microsoft.Windows.AI.MachineLearning/2.1.1:runtimes/win-arm64/native/onnxruntime.dll,file:license.txt
EsilvaSoft.KapibaraStudio-0.11.0-win-arm64.zip,EsilvaSoft.KapibaraStudio.Desktop.exe,libSkiaSharp.dll,10411360,f7409fcfc3557e272d3e8df2dcd6f737ee5a68b09fdbc6d6ff8c9a3c24b2e36a,2,SkiaSharp.NativeAssets.Win32/3.119.4:runtimes/win-arm64/native/libSkiaSharp.dll,expression:MIT
EsilvaSoft.KapibaraStudio-0.11.0-win-arm64.zip,EsilvaSoft.KapibaraStudio.Desktop.exe,e_sqlite3.dll,1814528,4177542756bd94f75b55fb74367e0cf34e66a88ffaf95755489af14c6ca2f792,2,SQLitePCLRaw.lib.e_sqlite3/2.1.12:runtimes/win-arm64/native/e_sqlite3.dll,expression:Apache-2.0
EsilvaSoft.KapibaraStudio-0.11.0-win-arm64.zip,EsilvaSoft.KapibaraStudio.Desktop.exe,EsilvaSoft.KapibaraStudio.Application.dll,1057280,878a5e2ade4960c29c37ed41be6048511c056d1a404de8dc139376ceebbcf6a8,1,project:EsilvaSoft.KapibaraStudio (MIT),MIT (projeto)
EsilvaSoft.KapibaraStudio-0.11.0-win-arm64.zip,EsilvaSoft.KapibaraStudio.Desktop.exe,EsilvaSoft.KapibaraStudio.Autocomplete.Core.dll,397312,781ab6036b4a38647b9e9dc8823b4a12268643fe62295a4d104e8a274f5db169,1,project:EsilvaSoft.KapibaraStudio (MIT),MIT (projeto)
EsilvaSoft.KapibaraStudio-0.11.0-win-arm64.zip,EsilvaSoft.KapibaraStudio.Desktop.exe,EsilvaSoft.KapibaraStudio.Core.dll,439296,7e39add342fd66a5e20011a0a2b4f716cb4e6f2fcfe87253f3e709e17366c677,1,project:EsilvaSoft.KapibaraStudio (MIT),MIT (projeto)
EsilvaSoft.KapibaraStudio-0.11.0-win-arm64.zip,EsilvaSoft.KapibaraStudio.Desktop.exe,EsilvaSoft.KapibaraStudio.Infrastructure.Agents.dll,532992,9057a221f09717164f66b55b05eeff2d40b83aebf14c1b98406b54614159bede,1,project:EsilvaSoft.KapibaraStudio (MIT),MIT (projeto)
EsilvaSoft.KapibaraStudio-0.11.0-win-arm64.zip,EsilvaSoft.KapibaraStudio.Desktop.exe,EsilvaSoft.KapibaraStudio.Infrastructure.dll,745472,e2dfa81aeec1edaf934ab50ee41f21bd72246031f6dc224efad07e19215f09f9,1,project:EsilvaSoft.KapibaraStudio (MIT),MIT (projeto)
EsilvaSoft.KapibaraStudio-0.11.0-win-arm64.zip,EsilvaSoft.KapibaraStudio.Desktop.exe,EsilvaSoft.KapibaraStudio.Infrastructure.LocalAi.dll,121856,3925ed39df7bc31f058d6469961517af25e6cf3d339ccb3db62b399518ebfa2a,1,project:EsilvaSoft.KapibaraStudio (MIT),MIT (projeto)
EsilvaSoft.KapibaraStudio-0.11.0-win-arm64.zip,EsilvaSoft.KapibaraStudio.Desktop.exe,EsilvaSoft.KapibaraStudio.LocalAi.Core.dll,80896,8f0464cd5f575aa032eb25f782eafdb4a868691344acb9de663fe1b9ef0f6eab,1,project:EsilvaSoft.KapibaraStudio (MIT),MIT (projeto)
EsilvaSoft.KapibaraStudio-0.11.0-win-arm64.zip,EsilvaSoft.KapibaraStudio.Desktop.exe,EsilvaSoft.KapibaraStudio.Desktop.deps.json,70475,bdf79f2a4b323cab695fc89467dd80bcac090bea27e9a4d7b6177c89e80ab75e,3,project:EsilvaSoft.KapibaraStudio (MIT),MIT (projeto)
